lot_id,fascicule,batch_index,article_id,title,n_tokens_article
1,4109000,0,DIV.35,DIV.35,32
1,4109000,0,DIV.41,Les Sons-Secrétaires d'Etat,77
1,4109000,0,DIV.52,"Bulletin Politique : Toulouse, le 30 Décembre",960
1,4109000,0,DIV.81,Informations,480
1,4109000,0,DIV.97,Les Avantages de la République,925
1,4109000,0,DIV.110,UN SCANDALE,84
1,4109000,0,DIV.115,PATRIOTISME DES BONAPARTISTES,161
1,4109000,0,DIV.126,A Paris,182
1,4109000,0,DIV.133,En Province,576
1,4109000,0,DIV.148,Étranger,76
1,4109000,0,DIV.156,NOTRE PRIME GRATUITE,720
1,4109000,0,DIV.177,L'ASSISTANCE DÉMOCRATIQUE,1630
1,4109000,0,DIV.222,GRAND THEATRE (salle du Cirque),75
1,4109000,0,DIV.233,THÉATRE DES VARIÉTÉS,406
1,4109000,0,DIV.249,Annonces,87
1,4109000,0,DIV.256,INTÉRIEUR,689
1,4109000,0,DIV.287,EXTÉRIEUR,156
1,4109000,0,DIV.301,LA MAISON VIDE Par JULES CLARETIE,3367
1,4109000,0,DIV.357,Courrier de Paris : (Correspondance particulière de la DÉPÊCHE),1785
1,4109000,0,DIV.394,CORRESPONDANCE TÉLÉGRAPHIQUE : Service particulier de la « DÉPÊCHE »,663
1,4109000,0,DIV.422,Bourse de Toulouse du 30 Déc,430
1,4109000,0,DIV.432,BOURSE DE PARIS du 29 décembre,699
1,4109000,0,DIV.443,Annonces,587
1,4109000,0,DIV.464,DIV.464,20
1,4109000,0,DIV.469,DIV.469,2787
2,4109000,1,DIV.585,DIV.585,484
2,4109000,1,DIV.593,DIV.593,46
2,4109000,1,DIV.598,DIV.598,1564
2,4109000,1,DIV.634,DIV.634,57
2,4109000,1,DIV.639,DIV.639,1683
3,4109676,0,DIV.28,"Les Incarnations de 1 Goblet : TOULOUSE, 1er JUILLET 1882",1136
3,4109676,0,DIV.63,LA RÉFORME JUDICIAIRE,551
3,4109676,0,DIV.78,LE BUDGET DE 1883,249
3,4109676,0,DIV.89,LA RÉORGANISATION DE LA TUNISIE,198
3,4109676,0,DIV.97,LA TRAITE DES ESCLAVES,145
3,4109676,0,DIV.107,Les Bataillons scolaires,117
3,4109676,0,DIV.115,Arrestation d'un Employé,87
3,4109676,0,DIV.122,Le Rapport général du Budget,33
3,4109676,0,DIV.127,La Direction du « Gaulois »,34
3,4109676,0,DIV.132,Les Projets de Décentralisation,85
3,4109676,0,DIV.139,Conseil Supérieur de la Guerre,59
3,4109676,0,DIV.145,Mer intérieure en Tunisie,72
3,4109676,0,DIV.152,Circulaire du Ministre de la Justice,71
3,4109676,0,DIV.157,La Statue de Rabelais,45
3,4109676,0,DIV.162,NOUVELLES DIVERSES,233
3,4109676,0,DIV.174,LES ÉVÉNEMENTS D'ÉGYPTE,570
3,4109676,0,DIV.197,LA CONFÉRENCE,371
3,4109676,0,DIV.215,Les Journaux du Matin,214
3,4109676,0,DIV.227,Les Journaux du Soir,374
3,4109676,0,DIV.244,RUSSIE,44
3,4109676,0,DIV.251,ANGLETERRE,318
3,4109676,0,DIV.261,ITALIE,120
3,4109676,0,DIV.270,LES CRIMES DE L'AMOUR PAR M. L. GAGNEUR : PREMIERE PARTIE,1492
3,4109676,0,DIV.322,PETITES NOUVELLES,847
3,4109676,0,DIV.346,UNE FEMME BRULÉE VIVE,556
4,4109676,1,DIV.362,Manœuvres de la 67e Brigade.,2863
4,4109676,1,DIV.439,HAUTE-GARONNE,59
4,4109676,1,DIV.444,HAUTES-PYRÉNÉES,91
4,4109676,1,DIV.452,TARN,183
4,4109676,1,DIV.458,TRIBUNE DU TRAVAIL,617
4,4109676,1,DIV.482,DERNIÈRE HEURE : Service télégraphique spécial de la DÉPÊCHE.,153
4,4109676,1,DIV.490,Annonces,273
4,4109676,1,DIV.501,BOURSE DE TOULOUSE DU 30 JUIN,907
4,4109676,1,DIV.515,BOURSE DE PARIS Du 30 Juin,113
4,4109676,1,DIV.527,DIEU DISPOSE PAR ALEXANDRE DUMAS,1447
4,4109676,1,DIV.567,BULLETIN FINANCIER,296
4,4109676,1,DIV.576,MARCHE DE TOULOUSE Du 30 Juin,957
4,4109676,1,DIV.590,Annonces,627
4,4109676,1,DIV.603,Publicité,174
4,4109676,1,DIV.613,Annonces,402
4,4109676,1,DIV.630,SPECTACLES DU 1 JUILLET,81
4,4109676,1,DIV.636,Publicité,34
4,4109676,1,DIV.640,Publicité,113
4,4109676,1,DIV.647,Annonces,340
4,4109676,1,DIV.670,Publicité,169
4,4109676,1,DIV.681,Annonces,174
4,4109676,1,DIV.691,Publicité,216
4,4109676,1,DIV.701,Annonces,304
4,4109676,1,DIV.706,Publicité,153
4,4109676,1,DIV.717,Annonces,48
5,4109676,2,DIV.721,Publicité,449
5,4109676,2,DIV.738,Heures des Départs et des Arrivées des Trains des Chemins de fer du Midi et d'Orléans (Service d'été),2254
6,4112815,0,DIV.32,Annonces,55
6,4112815,0,DIV.41,LA JOURNÉE DE HUIT HEURES,2256
6,4112815,0,DIV.72,Annonces,21
6,4112815,0,DIV.76,Ouvriers et Capitalistes,891
6,4112815,0,DIV.93,M. CARNOT DÉCORÉ PAR LE TZAR,870
6,4112815,0,DIV.104,La Succession du prince Jérôme,276
6,4112815,0,DIV.111,LE 1er MAI,118
6,4112815,0,DIV.118,Les Vins platrés,132
6,4112815,0,DIV.124,LE VOYAGE PRÉSIDENTIEL,181
6,4112815,0,DIV.132,CONGRÈS INTERNATIONAL DES MINEURS,1085
6,4112815,0,DIV.156,Le Transport l' « Annamite»,137
6,4112815,0,DIV.162,Le Tzarewitch à Saïgon,79
6,4112815,0,DIV.170,L'Assassinat du ministre Beltcheff,263
6,4112815,0,DIV.180,LES GRÈVES,408
6,4112815,0,DIV.196,LA NEIGE,38
6,4112815,0,DIV.205,Forêts incendiées,67
6,4112815,0,DIV.211,L'Influenza,69
6,4112815,0,DIV.217,Broyés par un train,86
6,4112815,0,DIV.223,Terrible incendie,78
6,4112815,0,DIV.230,Un Crime,122
6,4112815,0,DIV.239,Petites Nouvelles,511
6,4112815,0,DIV.253,BELGIQUE,337
6,4112815,0,DIV.263,ITALIE,169
6,4112815,0,DIV.274,INDES ANGLAISES,166
6,4112815,0,DIV.281,RÉPUBLIQUE ARGENTINE,124
7,4112815,1,DIV.288,Bulletin météorologique,332
7,4112815,1,DIV.305,LE FIACRE N° 13 : PREMIÈRE PARTIE Abel et Berthe,4317
7,4112815,1,DIV.447,LE PROCHAIN RECENSEMENT,756
7,4112815,1,DIV.473,LES CAUSSES DU QUERCY,394
7,4112815,1,DIV.485,DIV.485,1344
7,4112815,1,DIV.515,Courrier des Théâtres : « JUDAS MACHABÉE»,1601
7,4112815,1,DIV.537,Spectacles du 1er avril,170
7,4112815,1,DIV.549,AVEYRON,1216
7,4112815,1,DIV.574,CORRÈZE : Election de Sollhac,1215
7,4112815,1,DIV.605,LOZÈRE,82
7,4112815,1,DIV.611,LOT,725
7,4112815,1,DIV.626,GERS,792
7,4112815,1,DIV.647,HAUTES -PYRÉNÉES,1111
7,4112815,1,DIV.677,L'EMPRUNT DE 900 MILLIONS,326
7,4112815,1,DIV.687,Publicité,74
7,4112815,1,DIV.696,BOURSE DE TOULOUSE Du 31 mars,319
7,4112815,1,DIV.704,BOURSE DE PARIS Du 31 mars,1714
7,4112815,1,DIV.723,BULLETIN FINANCIER,431
7,4112815,1,DIV.734,MARCHÉ DU HAVRE,642
7,4112815,1,DIV.747,MARCHE DE PARIS,194
7,4112815,1,DIV.756,MARCHÉ DE BORDEAUX,229
7,4112815,1,DIV.763,"ÉTAT CIVIL DE TOULOUSE : DÉCÈS DES 29, 30 ET 31 MARS",470
7,4112815,1,DIV.771,"OBSERVATIONS METEOROLOGIQUES DE M. BIANCHI A TOULOUSE : Altitude, 142 mètres. — Du 31 mars",160
7,4112815,1,DIV.782,OFFRES ET DEMANDES D'EMPLOIS,230
7,4112815,1,DIV.793,DIV.793,211
8,4112815,2,DIV.805,DIV.805,37
8,4112815,2,DIV.810,DIV.810,40
8,4112815,2,DIV.815,Annonces,5206
8,4112815,2,DIV.892,DIV.892,93
8,4112815,2,DIV.902,DIV.902,76
8,4112815,2,DIV.909,DIV.909,47
8,4112815,2,DIV.915,Annonces,452
8,4112815,2,DIV.927,JEAN LOUP : TROISIÈME PARTIE Le Protecteur,2177
9,4116651,0,DIV.31,L'enseignement primaire gratuit,1120
9,4116651,0,DIV.57,LA BELGIQUE .ET LE VATICAN,878
9,4116651,0,DIV.72,INFORMATIONS,532
9,4116651,0,DIV.90,SITUATION POLITIQUE,646
9,4116651,0,DIV.103,Service télégraphique : des correspondants particuliers de L'EUROPE,401
9,4116651,0,DIV.120,Service Havas et Reuter.,363
9,4116651,0,DIV.142,LA SEMAINE A L'ÉTRANGER,2379
9,4116651,0,DIV.158,CORRESPONDANCES SPÉCIALES : Italie.,1371
9,4116651,0,DIV.180,Bourse de Bruxelles,480
9,4116651,0,DIV.195,DIV.195,1781
9,4116651,0,DIV.228,DIV.228,642
9,4116651,0,DIV.242,"Paris, 3 novembre.",229
9,4116651,0,DIV.254,DIV.254,218
9,4116651,0,DIV.265,"Berlin, 3 novembre.",99
9,4116651,0,DIV.273,"Dépêche télégraphique spéciale, après Bourse.",61
9,4116651,0,DIV.282,DIV.282,982
9,4116651,0,DIV.306,Renseignements.,373
9,4116651,0,DIV.316,Bourse,242
9,4116651,0,DIV.326,DIV.326,3975
9,4116651,0,DIV.377,Programme des théâtres du 4 novembre 1879.,641
9,4116651,0,DIV.391,Extrait de la cote officielle de la Bourse de Bruxelles du 3 novembre,6667
9,4116651,0,DIV.465,MARCHÉ D'ANVERS du 3 novembre. : Par dépêche télégraphique du cor- respondant de l'Europe.,896
9,4116651,0,DIV.484,MARCHÉS ÉTRANGERS. : (Par voie télégraphique.),836
10,4116651,1,DIV.501,DIV.501,5474
11,4117053,0,DIV.30,LE CENTENAIRE DE YORKTOWN,1346
11,4117053,0,DIV.47,NOUVELLES MILITAIRES,524
11,4117053,0,DIV.56,CHRONIQUE PARISIENNE : En Carême?,2022
11,4117053,0,DIV.75,Nouvelles parlementaires,386
11,4117053,0,DIV.88,LA QUESTION DU JOUR,638
11,4117053,0,DIV.103,NOUVELLES DU MONDE,147
11,4117053,0,DIV.108,INFORMATIONS,354
11,4117053,0,DIV.123,SITUATION POLITIQUE,906
11,4117053,0,DIV.138,Service télégraphique,645
11,4117053,0,DIV.168,Lettres de Paris,1342
11,4117053,0,DIV.186,Lettres d'Angleterre,1025
11,4117053,0,DIV.202,Lettres d'Autriche-Hongrie,1307
11,4117053,0,DIV.216,Lettres de Turquie,1394
11,4117053,0,DIV.236,Théâtres,164
11,4117053,0,DIV.246,LE SECRET D'OR PAR PARI SAUNIÈRE : PREMIÈRE PARTIE UN GENTILHOMME D'AVENTURE,1811
11,4117053,0,DIV.340,Bourse de Bruxelles,1865
11,4117053,0,DIV.375,Tramways Bruxellois.,214
11,4117053,0,DIV.384,La conversion des Annuités,820
11,4117053,0,DIV.406,Bourse de Paris : Par dépêche télégraphique du correspondant spécial de l'Europe.,694
11,4117053,0,DIV.426,ÉCHOS DE LA BOURSE DE PARIS,851
11,4117053,0,DIV.459,Bourse de Berlin : Par dépêche télégraphique spéciale du correspondant de l'Europe.,622
11,4117053,0,DIV.471,ÉCHOS DE LA BOURSE DE BERLIN,791
11,4117053,0,DIV.485,ÉCHOS DE LA BOURSE DE VIENNE,543
11,4117053,0,DIV.503,Memento des obligataires : TIRAGES. — Avril.,219
11,4117053,0,DIV.509,Memento des Actionnaires.,283
12,4117053,1,DIV.525,MARCHÉ D'ANVERS du 31 mars. : Par dépêche télégraphique du cor- respondant de l'Europe.,701
12,4117053,1,DIV.549,MARCHÉS ÉTRANGERS. Par voie télégraphique.,968
12,4117053,1,DIV.565,Extrait de la cote officielle de la Bourse de Paris du 30 Mars.,4355
12,4117053,1,DIV.598,INDUSTRIE,400
12,4117053,1,DIV.606,Programmes du 1er avril,243
12,4117053,1,DIV.620,DIV.620,1152
13,4123163,0,DIV.39,Publicité,214
13,4123163,0,DIV.52,DIV.52,28
13,4123163,0,DIV.56,"ATTENTAT AU PLASCIT CONTRE L'AMBASSADE DE POLOGNE A 6 h. 15, ce matin, une violente explosion a endom- magé l'immeuble et les maisons voisines rue de Talleyrand : L'enquête s'orientera-t-elle vers les milieux d'émigrés fascistes qui mènent des campagnes d'excitation contre la République polonaise ?",1825
13,4123163,0,DIV.100,AU THÉÂTRE FRANÇAIS,321
13,4123163,0,DIV.126,L'Inde reconnaît Mao Tsé Toung,71
13,4123163,0,DIV.131,27 DEGRÉS AU-DESSOUS DE 0 A MOSCOU,98
13,4123163,0,DIV.137,UN TRUST AMÉRICAIN VEUT NOUS METTRE AU RÉGIME COCACOLIQUE : Avec 1 milliard 1/2 de publicité COCA-COLA espère vendre en 1952 40 petites bouteilles à chaque Français,1728
13,4123163,0,DIV.173,CASCADE DE SCRUTINS SUR LA CONFIANCE : l'esquif de M. Bidault risque de se retourner en les affrontant malgré les efforts faits hier pour consolider la majorité,1017
13,4123163,0,DIV.202,Les syndicats contre la hausse du métro,118
13,4123163,0,DIV.207,LA PREMIERE ELIMINATOIRE POUR LE CONCOURS DE MISS FRANCE A EU LIEU HIER,198
13,4123163,0,DIV.213,A L'ENTRÉE DE LA GARE DE CHALON-SUR-SAONE : Cinq wagons et le fourgon DU RAPIDE LYON-PARIS SORTENT DES RAILS : 3 voyageurs blessés,273
13,4123163,0,DIV.225,"Fils d' un ancien consul du Brésil à Biarritz : CARLOS DA SILVA RAMOS accusé d'avoir empoisonné sa femme EN LUI FAISANT ABSORBER UN SOMNIFÈRE au curare, proteste de son innocence",772
13,4123163,0,DIV.247,UN DEUXIEME DES QUADRUPLES DE BAPAUME EST MORT HIER,93
13,4123163,0,DIV.253,RENVERSÉ ET TUÉ PAR UN CAMION BOULEVARD BARBES,103
13,4123163,0,DIV.259,A SAINT-OUEN toute une famille ASPHYXIÉE par un poêle,156
13,4123163,0,DIV.267,DOUBLE ASPHYXIE MORTELLE A ISSY-LES-MOULINEAUX,96
13,4123163,0,DIV.272,Publicité,310
13,4123163,0,DIV.305,Le Grain de Sel d'ANDRÉ WURMSER : PRIÈRE A DIEU pour n'être pas fritabriluxifié,1071
13,4123163,0,DIV.320,L'HOMMAGE A ANDRE SAUGER a été également une protestation contre l'attitude du gouvernement,543
13,4123163,0,DIV.331,DIV.331,91
13,4123163,0,DIV.337,FRICASSEE DE PIEDS DE VEAU,206
13,4123163,0,DIV.342,VOYAGES D'HIVER DE TOURISME ET TRAVAIL à des prix abordables,497
13,4123163,0,DIV.363,PROBLEME N° 25,288
13,4123163,0,DIV.372,SOLUTION N° 24,191
13,4123163,0,DIV.379,Un qui n'aime pas le coca-cola,97
14,4123163,1,DIV.390,VENDREDI 30 DECEMBRE,249
14,4123163,1,DIV.397,SAMEDI 31 DECEMBRE,340
14,4123163,1,DIV.408,Publicité,350
14,4123163,1,DIV.430,DIV.430,50
14,4123163,1,DIV.436,OU ALLER AUJOURD'HUI ?,813
14,4123163,1,DIV.465,Music-Halls,369
14,4123163,1,DIV.489,FILMS FRANÇAIS,247
14,4123163,1,DIV.509,FILMS EN VERSION ORIGINALE,740
14,4123163,1,DIV.569,KNOCK-OUT : LE GRAND ROMAN DE LA BOXE AUX U.S.A. par BUDD SCHULBERG (traduit par J. PERIER),2099
14,4123163,1,DIV.608,Publicité,72
14,4123163,1,DIV.618,DIV.618,102
14,4123163,1,DIV.624,LA RÉPUBLIQUE POPULAIRE DE ROUMANIE A DEUX ANS,920
14,4123163,1,DIV.640,A TOKIO le spécialiste n° 1 de la guerre des microbes disparaît brusquement,147
14,4123163,1,DIV.645,Les U.S.A. envoient en renfort un porte-avions et deux contre-torpilleurs en Extrême-Orient,569
14,4123163,1,DIV.659,Annonces,76
14,4123163,1,DIV.663,Publicité,83
14,4123163,1,DIV.681,Publicité,158
14,4123163,1,DIV.698,"VERMANDÉ S'EST mis au garde-à-vous devant le ""fantôme"" de sa victime Aucun doute ne subsiste sur sa culpabilité",733
14,4123163,1,DIV.720,Les lock-out se multiplient : A ANGERS DEBRAYAGE GÉNÉRAL DE PROTESTATION Assemblée générale chez Latil à Suresnes,567
14,4123163,1,DIV.734,UN PIED HUMAIN dans une locomotive en gare de Calais,139
14,4123163,1,DIV.741,"Verdict aujourd'hui pour Paul Farge, l'un des juges sanglants du Tribunal d'Etat",217
14,4123163,1,DIV.750,LES ACTIONS OUVRIÈRES contre la guerre se multiplient à travers la France,549
14,4123163,1,DIV.764,"LE MANCHOT DE LAIGLE A ÉTÉ ASSASSINÉ A COUPS DE PIERRE DE BOUTEILLE, DE MARTEAU DE HACHE ET DE COUTEAU",238
14,4123163,1,DIV.771,Publicité,50
14,4123163,1,DIV.777,"Des vendeurs ""bazardaient"" (pour leur propre compte) tout le Bazar de l'Hôtel-de- Ville",451
15,4123163,2,DIV.794,ON POURRA (peut-être) UTILISER LA STREPTOMYCINE contre la tuberculose non pulmonaire,172
15,4123163,2,DIV.802,DES SAVANTS ANGLAIS recherchent un spécimen de poissons dont l'espèce vivait il y a plusieurs millions d'années,153
15,4123163,2,DIV.810,QUATRE PRETRES se noient dans un lac aux Etats-Unis,127
15,4123163,2,DIV.818,DIV.818,111
15,4123163,2,DIV.824,DIV.824,73
15,4123163,2,DIV.829,DIV.829,70
15,4123163,2,DIV.834,DIV.834,27
15,4123163,2,DIV.839,DIV.839,209
15,4123163,2,DIV.862,DIV.862,382
15,4123163,2,DIV.878,Quatrevingt-treize : Dessins d'André GALLAND d'après le chef d'œuvre de VICTOR HUGO,416
15,4123163,2,DIV.904,GUIDE de L'ACHETEUR PETITS COMMERCANTS ARTISANS-INDUSTRIELS,317
15,4123163,2,DIV.925,DIV.925,273
15,4123163,2,DIV.932,DIV.932,498
15,4123163,2,DIV.972,DIV.972,325
15,4123163,2,DIV.982,DIV.982,408
15,4123163,2,DIV.995,DIV.995,638
15,4123163,2,DIV.1028,Un seul remède contre le jeu dur : SÉVIR SANS FAIBLESSE nous déclare M. SLAVIK de la Commission des arbitres,613
15,4123163,2,DIV.1048,"A BARÉGES, EN SKI : BOUCHER, 1er vainqueur",371
15,4123163,2,DIV.1060,"Puisque VILLEMAIN et DAUTHUILLE s'en désintéressent JEAN STOCK ou, KRAWCZYK doivent prendre LE TITRE FRANÇAIS DES MOYENS",906
15,4123163,2,DIV.1095,LANDAIS a marqué pour les Landes,192
15,4123163,2,DIV.1102,Les espoirs tricolores qui se sont fait la main sur Bizerte rencontrent dimanche la Tunisie,161
15,4123163,2,DIV.1109,"Relégué en 2e Division, puis ""récupéré"" BIHEL peut être le sauveur de STRASBOURG ...et le prochain avant centre national",716
15,4123163,2,DIV.1130,KLINGE bat le record d'Europe du 100 mètres brasse,202
15,4123163,2,DIV.1138,DRIBBLES,224
15,4123163,2,DIV.1147,ASSAUTS DE TENNIS dans le Temple du cyclisme ENTRE... 4 AMÉRICAINS,643
16,4123163,3,DIV.1175,"DEUX ROBIC DANS LE ""TOUR"" et le Championnat de France derrière "" Derny "" !",665
16,4123163,3,DIV.1199,Le bagarreur SAID « cherchera » l'habile NOUHAUD,192
16,4123163,3,DIV.1206,DIV.1206,276
16,4123163,3,DIV.1214,DEM. D'EMPLOI 50 fr.,111
16,4123163,3,DIV.1222,OFFRES D'EMPL. 275 fr.,507
16,4123163,3,DIV.1240,OCCAS. DIVERS. 350 fr.,234
16,4123163,3,DIV.1247,ECHANGE 350 fr.,206
16,4123163,3,DIV.1255,APPARTEMENTS 350 fr.,251
16,4123163,3,DIV.1264,PROPRIETES 350 fr.,374
16,4123163,3,DIV.1275,LOC. COMMER. 350 fr.,832
16,4123163,3,DIV.1286,CAPITAUX 500 fr.,42
16,4123163,3,DIV.1291,PERD. ET TROU. 350 fr.,57
16,4123163,3,DIV.1296,DIVERS 350 fr.,127
16,4123163,3,DIV.1301,Publicité,38
16,4123163,3,DIV.1310,"Ce soir vous aide à trouver du travail : Nous publions ici, chause jour, gratuitement la liste des emplois offerts par les bureaux officiels de la main d'œuvre EMPLOIS DISPONIBLES",1422
17,4133627,0,DIV.35,DIV.35,20
17,4133627,0,DIV.41,Publicité,195
17,4133627,0,DIV.48,"ULTIMES NEGOCIATIONS DE PETSCHE qui répond ce soir : SON PROGRAMME : ❶ SALAIRES Pas d'échelle mobile ; ❷ 10 milliards pour les écoles privées ; ❸ ""Réforme"" immédiate de la Sécurité Sociale et des entreprises nationalisées",1347
17,4133627,0,DIV.92,Aujourd'hui à 18 h. 45 devant le CAFÉ DU CROISSANT : LES PARISIENS COMMÉMORENT LE 37e ANNIVERSAIRE DE L'ASSASSINAT DE JAURÈS,236
17,4133627,0,DIV.100,LE COFFRE-FORT de la pension Roussel n'a pas livré son secret ...aux cambrioleurs,141
17,4133627,0,DIV.111,"Depuis trois jours, une boîte de fruits confits transforme Georges GUETARY en héros",470
17,4133627,0,DIV.128,Dernière minute : LE M.R.P. MAINTIENT SES POSITIONS,145
17,4133627,0,DIV.136,"BERLIN : Au Festival mondial de la Jeunesse, la 1re délé- gation française est ar-rivée la nuit dernière : (DE NOTRE ENVOYE SPECIAL RAYMOND LAVIGNE.)",1191
17,4133627,0,DIV.162,EXPULSÉS IL Y A CINQ MOIS DE LEUR CHAMBRE D'HOTEL : Les Van Meenen et leur enfant (17 mois) ont trouvé pour seul refuge un déversoir de détritus au bord du canal St-Martin,1258
17,4133627,0,DIV.189,"IG LA PIEUVRE ANILINE LE GRAND COMPLOT GERMANO-AMÉRICAIN RACONTÉ PAR MICHEL ROUZÉ : Contre le blocus, Lüdendorff fait appel aux sorciers du goudron de houille ILS LUI DONNENT DU CAOUTCHOUC DES EXPLOSIFS ET DE L'YPÉRITE 2 ARTICLE",2505
17,4133627,0,DIV.235,"DE KAESONG, NOTRE ENVOYÉ SPÉCIAL WILFRED BURCHETT NOUS CÂBLE : Les Américains ne veulent plus reconnaître le 38e parallèle COMME LIGNE DE DÉMARCATION",918
17,4133627,0,DIV.252,DIV.252,26
17,4133627,0,DIV.258,Entre son domicile et le Palais de Justice : LE GREFFIER DU TRIBUNAL DE DOUAI DISPARAIT AVEC 6 MILLIONS,180
17,4133627,0,DIV.266,LE GOUVERNEUR BAODAISTE DU SUD VIETNAM TUÉ A LA GRENADE AU SUD-EST DE SAIGON,199
17,4133627,0,DIV.274,UN NIMOIS AVEUGLE ET SOURD-MUET passe brillamment la seconde partie du « bac »,139
17,4133627,0,DIV.282,30° HIER A PARIS... et 25° (seulement) A NICE,146
17,4133627,0,DIV.294,PROBLEME N° 516,258
17,4133627,0,DIV.301,SOLUTION N° 515,192
17,4133627,0,DIV.308,DIV.308,95
17,4133627,0,DIV.311,GREGORY PECK S'EVANOUIT SOUS LES SUNLIGHTS,87
17,4133627,0,DIV.319,DES GRANDS BOULEVARDS AU BORDS DU TCHAD,896
17,4133627,0,DIV.331,Jacques Lévi-Alvarès est mort,70
17,4133627,0,DIV.336,Publicité,159
17,4133627,0,DIV.351,EN PLEIN ESSOR TECHNIQUE ET ARTISTIQUE le cinéma chinois PUISE SES SUJETS DANS L'ACTUALITÉ,1334
17,4133627,0,DIV.385,"DIMANCHE, AU THÉATRE DE VERDURE DES TUILERIES : ""CLAUDIE"" DE GEORGE SAND FÊTERA SON CENTENAIRE avec les artistes du Palais de Chaillot",642
18,4133627,1,DIV.401,DANY ROBIN est devenue Mme Robinson Crusoë,197
18,4133627,1,DIV.409,THEATRES,142
18,4133627,1,DIV.416,CINEMAS,1314
18,4133627,1,DIV.483,LES MOHIGANS DE PARIS : PAR ALEXANDRE DUMAS,2971
18,4133627,1,DIV.541,"A SON RETOUR DE TÉHÉRAN : M. HARRIMAN se dé-clare satisfait de ""l'état d'esprit"" du gouver-nement britannique",728
18,4133627,1,DIV.559,Avec les allocations familiales de ses locataires et l'argent du terme Mme ADELINE concierge avenue d'Italie payait ses meubles,402
18,4133627,1,DIV.570,Publicité,41
18,4133627,1,DIV.584,"Le Q. G. américain : : ""AUCUN PROGRÈS AU COURS DE LA 15e RÉUNION""",677
18,4133627,1,DIV.606,Publicité,17
18,4133627,1,DIV.611,Des douilles de revolver vont-elles confondre Henry DEMON agresseur présumé de son épouse ?,224
18,4133627,1,DIV.619,L'affaire des bons d'Arras : Portie et Sciorrato transférés à Paris,178
18,4133627,1,DIV.625,Plus de mystère à Bourges LA MANNE CELESTE (une pluie de billets de mille) n'était que le produit d'un vol,231
18,4133627,1,DIV.632,D'ELLIS-ISLAND (où il était interné) FRANÇOIS ORSINI DIRIGEAIT UN GANG INTERNATIONAL DE TRAFIQUANTS,230
18,4133627,1,DIV.641,MARDI 31 JUILLET,438
18,4133627,1,DIV.657,MERCREDI 1er AOUT,230
18,4133627,1,DIV.672,A BERLIN CAPITALE DE LA JEUNESSE DU MONDE POUR LA PAIX,126
18,4133627,1,DIV.680,POUR ARRACHER HENRI MARTIN AU BAGNE : Des centaines de Parisiens sont partis en vacances porteurs de pétitions qu'ils feront signer réclamant la libération du marin de la Paix,472
18,4133627,1,DIV.690,"« Elle m'a mis en colère, alors j'ai frappé... » Telle fut l'oraison funèbre de l'ivrogne de Guebwiller",271
18,4133627,1,DIV.699,Georges Meyer le père criminel du 6e arrondissement était fou,122
18,4133627,1,DIV.709,"Aujourd'hui, à LONGCHAMP",247
18,4133627,1,DIV.721,Une petite Norvégienne de 13 ans survit à une chute de 40 mètres,112
18,4133627,1,DIV.728,Mme ROSENBERG ministre adjoint de la Guerre des U.S.A. A PARIS,90
18,4133627,1,DIV.734,"DEUX PROCÈS DE TRAHISON DEVANT LES JUGES MILITAIRES : UN ITALIEN, PLONGEUR, PROMU CONTROLEUR DES HOTELS RÉQUI-SITIONNÉS ALLEMANDS UN DÉNONCIATEUR DU S.D. DE VERSAILLES",591
18,4133627,1,DIV.748,Ses parents ne s'entendaient pas : Il se tire une balle dans la tête,140
18,4133627,1,DIV.755,Publicité,70
19,4133627,2,DIV.761,Publicité,70
19,4133627,2,DIV.777,1.400.000 SIGNATURES RECUEILLIES DANS LA SEINE pour la conclusion d'un Pacte de Paix,477
19,4133627,2,DIV.789,PORT-SAID.,31
19,4133627,2,DIV.794,"L'AFFAIRE DU CROS D'UTELLE : Le mystérieux jeune homme blond retrouvé, on en recherche maintenant un autre qui a disparu à bord... d'un pédalo",1324
19,4133627,2,DIV.820,Publicité,89
19,4133627,2,DIV.835,"NOTRE CONCOURS : J'ai parlé à l'un de ceux qui n'en savaient rien : Notre dernier gagnant est, au- jourd'hui, M. Le Baud, 14, rue de Fécamp (12e). Au volant de mon taxi",985
19,4133627,2,DIV.865,"Comment l'AURORE "" informe"" ses lecteurs",1404
19,4133627,2,DIV.886,M. Georges BOUSSENOT : VICE-PRÉSIDENT DU GROUPE DU RASSEMBLEMENT DES GAUCHES A L'ASSEMBLÉE DE L'UNION FRANÇAISE,795
19,4133627,2,DIV.912,"Après la mode ""sage"" PARLONS UN PEU DE la mode ""folle""",1324
19,4133627,2,DIV.959,BEAUTÉ en VACANCES,884
19,4133627,2,DIV.975,Publicité,65
19,4133627,2,DIV.987,DEM. D'EMPLOI 50 fr.,100
19,4133627,2,DIV.994,OFFRES D'EMPL. 275 fr.,325
19,4133627,2,DIV.1008,PERD. ET TROU. 350 fr.,75
19,4133627,2,DIV.1013,GARDE D'ENF. 150 fr.,127
19,4133627,2,DIV.1020,AUTOS 350 fr.,79
19,4133627,2,DIV.1027,APPARTEMENTS 350 fr.,221
19,4133627,2,DIV.1035,FONDS DE COM. 350 fr.,971
19,4133627,2,DIV.1055,PROPRIETES 350 fr.,438
19,4133627,2,DIV.1075,DIV.1075,642
19,4133627,2,DIV.1092,"Ce soir vous aide à trouver du travail : Nous publions ici, chaque jour, gratuitement la liste des emplois offerts par les bureaux officiels de la main-d'œuvre EMPLOIS DISPONIBLES",805
19,4133627,2,DIV.1142,L'expérience belge a réussi : : IL FAUT FAIRE UN PLUS LARGE APPEL AUX JEUNES,1018
19,4133627,2,DIV.1174,Les athlètes de la F.S.C.T. sont partis pour Berlin,358
19,4133627,2,DIV.1187,EN BREF,283
19,4133627,2,DIV.1197,"Les « 2 B », SENFFTLEBEN MATTÉOLI et BÉTHERY : «Tricolores» de base pour Varèse",472
20,4133627,3,DIV.1210,FAUSTO COPPI compte courir le Tour en 1952,135
20,4133627,3,DIV.1217,UNE... DEUX...,67
20,4133627,3,DIV.1223,REVERS...,49
20,4133627,3,DIV.1228,Avec son maillot Jaune sur le dos : HUGO KOBLET a entamé sa tournée des vélodromes SANS SONGER AU RECORD DE L'HEURE,1209
20,4133627,3,DIV.1258,"Ceux qui ont laissé un ""nom"" dans le Tour 51... : De ADAM JUSQUA ZAAF",1088
20,4133627,3,DIV.1298,"LA TEMPÉRATURE (7e) N'A PAS TROP GÊNÉ LES "" HOMMES-ORCHESTRE "" : HEINRICH a battu CLAUSEN ...et le record de France du Décathlon Les performances des deux records :",919
20,4133627,3,DIV.1321,FOULÉES,58
20,4133627,3,DIV.1327,2 absents du Tour ou Circuit de l'Ouest : KUBLER et VAN STEENBERGEN,125
20,4133627,3,DIV.1336,HUMPAL JOUERA A MONTPELLIER : (DE NOTRE CORRESP. PART. BOUTEILLER),180
20,4133627,3,DIV.1345,DRIBBLES...,86
20,4133627,3,DIV.1351,"Pour le Tour 52, Antonin MAGNE préconise : : ● Des étapes plus longues ● Des repos plus nombreux ● Une formule nouvelle",1716
20,4133627,3,DIV.1394,Les cyclistes français donnent une bonne réplique aux Hongrois,145
20,4133627,3,DIV.1404,VICTOR HUGO compagnon d'un siècle : Texte de Pierre BARLATIER - Dessins de Marcel TILLARD,1252
20,4133627,3,DIV.1437,UN CLOCHARD (qui loge dans les fourrés du Bois de Vincennes) PRETEND AVOIR ASSISTÉ AU RAPT D'UNE FEMME PAR UN AUTOMOBILISTE,704
20,4133627,3,DIV.1450,UN PERILLEUX SAUVETAGE EN 3 PHOTOS:,55
20,4133627,3,DIV.1466,MAIS AUJOURD'HUI CELUI QUI DIRIGEA LE SAUVETAGE ATTEND (blessé à son tour) A 3.700 MÈTRES,905
21,4133872,0,DIV.24,DIV.24,80
21,4133872,0,DIV.31,DIV.31,24
21,4133872,0,DIV.37,Quels journaux français on reçu les 2 milliards 450 millions du pentagone ? : Après la controverse Le Monde-Le Populaire sur l'affaire FECHTELER A QUAND LA COMMISSION D'ENQUÊTE sur les ressources de la presse?,1249
21,4133872,0,DIV.61,L'UNITED PRESS CABLE DE PAN-MUN-JOM: LE GÉNÉRAL NAM IL ACCUSE les Américains d'avoir procédé à des expériences atomiques sur des prisonniers coréens et chinois,736
21,4133872,0,DIV.78,"Pour la Souscription nationale de ""Ce soir"" les Cent francs de la Vérité",74
21,4133872,0,DIV.85,Ecrasé sous 100 mètres cubes de pierres,56
21,4133872,0,DIV.96,DIV.96,599
21,4133872,0,DIV.111,TUNISIE : Nouvelles mesures de force envisagées par le gouvernement PINAY qui veut faire proclamer la loi martiale : Un message du Bey aux Tunisiens annoncé,792
21,4133872,0,DIV.135,A LA VENTE COGNACQ LES ENCHERES DU COMMISSAIRE BELIER ONT FAIT FUIR GRETA GARBO,841
21,4133872,0,DIV.152,"L'audience aux Assises de Versailles : DORDAIN : "" De Récy m'a demandé de négocier très vite les 30 millions de Bons volés... pour le sau-ver du déshonneur"" (Compte rendu d'audience de François Desprez)",1139
21,4133872,0,DIV.186,LE VIEUX MORTIER explose dans le four,161
21,4133872,0,DIV.197,"Cette nuit, rue de Maubeuge : DES PERCEURS DE COFFRES-FORTS RAFLENT 3 MILLIONS dans une banque",662
21,4133872,0,DIV.210,Les ouvriers de Renault manifestent contre la venue de Bidgway,539
21,4133872,0,DIV.226,L'EXPEDITION FRANÇAISIE DE L'HIMALAYA va bientôt s'attaquer au pic Chokamba (6.600 mètres),285
21,4133872,0,DIV.238,FERNANDEL DANS Coiffeur pour Dames : QUAND FIGARO DEVIENT DON JUAN...,372
21,4133872,0,DIV.251,LES NOUVEAUTÉS DE LA SEMAINE,417
21,4133872,0,DIV.279,Ce soir à l'Ambigu « LE COLONEL POSTER PLAIDERA COUPABLE»,214
21,4133872,0,DIV.291,"Sous l'œil (courroucé) de René CLAIR : Gérard PHILIPE a donné le fou-rire à la ""Belle de nuit"" Magali VANDEL",519
21,4133872,0,DIV.305,"Ceux qu'en appelle Les «Mômes ceaoulchouc»... : UNIS DANS LE CLUB DES CASSE-COU, 7 HOMMES ET 1 FEMME FONT LE METIER DE «CASCADEURS» ET REVENT DE DEVENIR COMEDIENS",1140
21,4133872,0,DIV.332,THEATRES,733
21,4133872,0,DIV.371,MUSIC-HALLS,114
21,4133872,0,DIV.378,CINEMAS,1372
21,4133872,0,DIV.452,Publicité,51
21,4133872,0,DIV.457,Publicité,166
21,4133872,0,DIV.470,DIV.470,25
22,4133872,1,DIV.479,AGNÈS VA MOURIR : par Renata Vigano ROMAN TRADUIT DE L'ITALIEN PAR JEAN NOARO,1913
22,4133872,1,DIV.514,161 sénateurs élus dimanche à Paris et dans 36 départements DANS LA SEINE 3.000 ELECTEURS POUR... 5 MILLIONS D'HABITANTS !,676
22,4133872,1,DIV.539,IL APPELLE UNE AMBULANCE PAR TELEPHONE et se tire une balle dans le cœur,147
22,4133872,1,DIV.549,Annonces,105
22,4133872,1,DIV.558,Publicité,215
22,4133872,1,DIV.577,EN TRÈS MAUVAISE POSTURE DEVANT LES JURÉS DE L'ARDÈCHE : Le boulanger de « l'Epi d'Or » paraît accablé sous les coups des experts et des témoins DE NOTRE ENVOYE SPECIAL PIERRE GROGEANNE,874
22,4133872,1,DIV.601,"BERTRAND, LE BLESSÉ de la fusillade des Ch.-Élysées n'avait pas vendu SA BLONDE AMIE A UN MAHARADJAH",489
22,4133872,1,DIV.617,LE CHAUFFEUR D'AIX AVAIT PLANTE UNE BAIONNETTE DANS LA GORGE DE SON ADVERSAIRE,336
22,4133872,1,DIV.627,Annonces,119
22,4133872,1,DIV.639,Avant la conférence de juin pour la démilitarisation de l'Allemagne,98
22,4133872,1,DIV.645,DIV.645,200
22,4133872,1,DIV.665,DIV.665,19
22,4133872,1,DIV.671,Samedi 17 mai au Vél' d'Hiv' : LES PARISIENS DIRONT LEUR VOLONTÉ DE LUTTER CONTRE LA GUERRE,776
22,4133872,1,DIV.690,"Mlle Roux dite la ""Fée Carabosse """,43
22,4133872,1,DIV.698,En se nourrissant de bifteaks et d'œufs crus un pomper américain va tenter de traverser la Manche à la nage,107
22,4133872,1,DIV.710,PRIX DE LA PORTE DAUPHINE,134
22,4133872,1,DIV.715,PRIX DES LILAS,114
22,4133872,1,DIV.722,"L'autopsie révèle que le ""suicide"" du pendu de la rue Lafayette était un crime maquillé par les meurtriers",375
22,4133872,1,DIV.737,Des taches brunâtres parsemaient la corps du mort de Cagnes-sur-Mer,171
22,4133872,1,DIV.744,"LES DEUX FOUS DE VILLE JUIF encore en liberté ONT DE L'ARGENT : Et Duploy, le parricide, bénéficie de complicités dans le «milieu» de Montmartre",451
22,4133872,1,DIV.762,PROBLEME N° 756,297
22,4133872,1,DIV.770,SOLUTION N° 755,154
22,4133872,1,DIV.780,Vendredi prochain à la Mutualité meeting des officiers et sous-officiers de réserve républicains,183
22,4133872,1,DIV.785,Boulevard Murat : LE TAPISSIER D'EZY avait voulu effrayer une passante avec un revolver d'enfant,267
22,4133872,1,DIV.794,"A l'appel des syndicats C.G.T., C.F.T.C. et F.O. : LES EMPLOYÉS DE COMMERCE de Paris arrêtent le travail demain de 9 heures à 10 heures 30 Meeting ce soir à 18 heures 30 à la BOURSE DU TRAVAIL",504
23,4133872,2,DIV.804,DIV.804,20
23,4133872,2,DIV.812,PARLEZ... ON TOURNE !,160
23,4133872,2,DIV.821,PARIS-BANLIEUE,311
23,4133872,2,DIV.833,TOUR DE FRANCE,61
23,4133872,2,DIV.839,LOIN D'ICI,200
23,4133872,2,DIV.855,DIV.855,954
23,4133872,2,DIV.875,« Notre peuple est à la veille de décisions graves » déclare M. Grotewohl,154
23,4133872,2,DIV.883,DIV.883,128
23,4133872,2,DIV.893,OFFRES D'EMPL. 275 fr.,331
23,4133872,2,DIV.905,PROPRIÉTÉS 350 fr.,121
23,4133872,2,DIV.912,LOC. COMMER. 350 fr.,106
23,4133872,2,DIV.918,FONDS DE COM. 350 fr.,978
23,4133872,2,DIV.940,APPARTEMENTS 350 fr.,391
23,4133872,2,DIV.953,ÉCHANGE 350 fr.,112
23,4133872,2,DIV.959,GERANCES 300 fr.,199
23,4133872,2,DIV.966,VACANCES 350 fr.,324
23,4133872,2,DIV.977,OCCAS. DIVERS. 350 fr.,91
23,4133872,2,DIV.982,"Ce soir vous aide à trouver du travail : Nous publions ici, chaque jour, gratuitement la liste des emplois offerts par les bureaux officiels de la main-d'œuvre EMPLOIS DISPONIBLES",560
23,4133872,2,DIV.1017,LES FEMMES ANGLAISES membres du parti libéral s'inquiètent de l'utilisation du napalm en Corée,360
23,4133872,2,DIV.1028,Les délégués d'un million de métallurgistes américains décident la reprise de la grève si leurs revendications ne sont pas satisfaites,259
23,4133872,2,DIV.1036,Annonces,27
23,4133872,2,DIV.1044,GUIDE de L'ACHETEUR RIEN QUE DES BONNES ADRESSES POUR VOS CADEAUX POUR VOS ACHATS,169
23,4133872,2,DIV.1051,DIV.1051,126
23,4133872,2,DIV.1059,DIV.1059,669
23,4133872,2,DIV.1086,DIV.1086,131
24,4133872,3,DIV.1095,DIV.1095,831
24,4133872,3,DIV.1136,BALDA attend son... tour,162
24,4133872,3,DIV.1145,Pour rencontrer la Belgique dimanche : L'ARMEE DE L'AIR a sélectionné,164
24,4133872,3,DIV.1153,Nos BASKETTEUSES sont parties à Moscou,64
24,4133872,3,DIV.1161,C'EST OFFICIEL : BOBET et GÉHINIANI dans l'équipe de France du Tour,394
24,4133872,3,DIV.1174,"Pour détrôner NOLTEN dans la ""Route de France"" : ADRIAENSSENS a adopté la "" tactique OCKERS "" De notre envoyé spécial Robert SILVA",736
24,4133872,3,DIV.1192,ROTTA et BAUVIN veulent lâcher dans la montagne leurs adversaires des Six-Provinces : (De notre correspondant particulier H. BERARD.),411
24,4133872,3,DIV.1204,ELLY ROUS RESTE A METZ,121
24,4133872,3,DIV.1211,132.000 SPECTATEURS DE PLUS EN SECONDE DIVISION... ...mais les clubs traînent le « boulet » de lourds déficits,821
24,4133872,3,DIV.1241,DIV.1241,196
24,4133872,3,DIV.1247,L'amateur COLIN subira « l'épreuve Marche »,436
24,4133872,3,DIV.1256,MONTAGNOLI sollicité par Turin et Rome,202
24,4133872,3,DIV.1264,1er et 8 juin : matches de barrage,66
24,4133872,3,DIV.1270,Jimmy CARTER battu aux points à Los Angeles : L'INCONNU MEXICAIN LAURO SALAS est champion du monde des Légers !,376
24,4133872,3,DIV.1285,"UNE TOURNÉE (de 20 km.) : "" Rien de tel pour préparer la Marche des Facteurs "" estime M. DEJUNIAT qui courra (aussi) STRASBOURG- PARIS",291
24,4133872,3,DIV.1299,"Ce soir à Wagram, duel de tacticiens... : Lou SKÉNA aura à résoudre le problème posé par VALIGNAT",534
24,4133872,3,DIV.1326,TIRAGE DE LA 17e TRANCHE,1256
24,4133872,3,DIV.1341,"Pour être sacré meilleur gymnaste de France : Raymond DOT s'est forgé un "" moral d'acier """,653
24,4133872,3,DIV.1361,Annonces,126
24,4133872,3,DIV.1369,UN MAILLOT SEYANT POUR TOUTES,2842
24,4133872,3,DIV.1401,Conseils pratiques,99
24,4133872,3,DIV.1410,ce soir,135
24,4133872,3,DIV.1421,bientôt,43
24,4133872,3,DIV.1426,demain,116
24,4133872,3,DIV.1438,En 1931 : L'AÉROPOSTALE VOLE... des propres ailes du Ministre des Finances,2991
25,4133872,4,DIV.1505,Annonces,32
25,4133872,4,DIV.1512,Annonces,74
25,4133872,4,DIV.1518,la Légende d'Ulenspiegel : d'après le roman de DE COSTER illustré par René BASTARD,656
26,4134119,0,DIV.28,DIV.28,19
26,4134119,0,DIV.35,Ci-dessous: le dernier Grain de Sel d'André Wurmser et : LE DESSIN DE JEAN EFFEL,29
26,4134119,0,DIV.45,CE N'EST QU'UN AU REVOIR MES FRÈRES,688
26,4134119,0,DIV.59,LA NOMINATION DU MARECHAL JUIN au poste de commandant en chef de la zone centre-Europe a pour objet de faciliter la ratification par la France du traité d'Armée européenne,196
26,4134119,0,DIV.65,EN ISLANDE LE VENT EMPORTE UNE ECOLE AVEC 2 INSTITUTEURS ET 40 ELEVES,164
26,4134119,0,DIV.72,LES MYSTÈRES DE LA NOUVELLE « AUBERGE DE PEYREBELLE » : Les monstres d'Arreau QUI TUERENT UN VIEILLARD ET FIRENT BOUILLIR SON CORPS DANS UNE LESSIVEUSE auraient commis deux autres crimes semblables,1086
26,4134119,0,DIV.106,UN CHEMINOT TUE ACCIDENTELLEMENT d'un coup de revolver,161
26,4134119,0,DIV.113,Annonces,116
26,4134119,0,DIV.117,DIV.117,93
26,4134119,0,DIV.123,"Ce matin, à Berlin, au cours d'une bouleversante cérémonie LES CORPS DES 11 HÉROS du « NORMANDIE-NIEMEN » ONT ETE REMIS A LA FRANCE PAR L'UNION SOVIETIQUE",628
26,4134119,0,DIV.142,LILIANA plaidante déboutée AVALE L'EXTRAIT de son jugement,125
26,4134119,0,DIV.150,LE « THÉNARDIER » D'ELBEUF AVAIT MARQUE SYLVETTE AU FER ROUGE,197
26,4134119,0,DIV.159,Dans la « cuvette » du Vél' d'Hiv' LES ECUREUILS SE « FONT LA BARBE » A L'HEURE DE L'APERITIF,1169
26,4134119,0,DIV.189,L'INCENDIAIRE VOULAIT (avec le montant de son assurance) DEDOMMAGER SES CREANCIERS,166
26,4134119,0,DIV.197,Au Tribunal Correctionnel de la Seine : LE CONDAMNE SE TRANSFORME EN BOXEUR et inflige un knock-down à son co-inculpé,191
26,4134119,0,DIV.205,LA LOI D'AIDE AU CINEMA votée par 415 voix contre 90,123
26,4134119,0,DIV.211,L'EPAVE DU « CHAMPOLLION » mise en adjudication,85
26,4134119,0,DIV.217,"Un excellent SPECTACLE DE CABARET : Celui de ""La Fontaine des Quatre Saisons """,401
26,4134119,0,DIV.228,DIV.228,50
26,4134119,0,DIV.232,SAMEDI 28 FEVRIER,287
26,4134119,0,DIV.250,"""Le carrosse d'or"" avec l'extraordinaire Anna MAGNANI",797
26,4134119,0,DIV.270,THEATRES,1055
26,4134119,0,DIV.309,MUSIC-HALLS,111
26,4134119,0,DIV.318,CHANSONNIERS,178
26,4134119,0,DIV.328,CIRQUES,62
27,4134119,1,DIV.334,CINEMAS,1306
27,4134119,1,DIV.392,Publicité,23
27,4134119,1,DIV.407,DIV.407,88
27,4134119,1,DIV.414,Publicité,78
27,4134119,1,DIV.434,Publicité,27
27,4134119,1,DIV.440,LA DAME DE MONSOREAU par Alexandre Dumas,1664
27,4134119,1,DIV.523,Une nouvelle Association «LES CONCERTS DES JEUNES »,321
27,4134119,1,DIV.534,LA VIE AMOUREUSE DE STENDHAL : Dessins de Robert ALTIER ☆ Textes de François DESPREZ,488
27,4134119,1,DIV.561,"""NOUS SOMMES PRÊTS A ATTESTER SOUS LA FOI DU SERMENT QUE NOUS AVONS VU M. DUVAL PORTER LA MAIN SUR M. LAURENT "" déclarent les avocats du jeune patriote",592
27,4134119,1,DIV.577,LE DEBAT SUR L'AMNISTIE : MM. Martinaud-Deplat et Duveau refusent la liberté provisoire aux résistants emprisonnés,274
27,4134119,1,DIV.585,Le nudiste de Pontault-Combault regardait passer les trains dans le plus simple appareil : Il sera examiné par un psychiatre,433
27,4134119,1,DIV.597,Malgré l'interdiction gouvernementale : Les étudiants parisiens ont manifesté hier contre le colonialisme,224
27,4134119,1,DIV.603,Publicité,24
27,4134119,1,DIV.609,Publicité,199
27,4134119,1,DIV.617,LE GANG de la HAUTE COUTURE en CORRECTIONNELLE,212
27,4134119,1,DIV.626,LES MALADES DANGEREUX DE MONDEVERGUES SONT EVACUES,116
27,4134119,1,DIV.634,"VINGT MINUTES D'ARRET, CINEMA !",122
27,4134119,1,DIV.640,PARIS - BANLIEUE,104
27,4134119,1,DIV.647,TOUR DE FRANCE,184
27,4134119,1,DIV.655,LOIN D'ICI,269
27,4134119,1,DIV.667,"Le matelot d'Étaples qui avait surpris sa femme en galante compagnie, se fait assommer MAIS IL A FINALEMENT LE DERNIER MOT",340
27,4134119,1,DIV.677,EN PLEINE RUE LE MAÇON POIGNARDE SA FEMME INFIDELE,132
27,4134119,1,DIV.684,Publicité,397
27,4134119,1,DIV.702,Jugement le 13 mars dans le procès du guérisseur de Dijon,280
27,4134119,1,DIV.714,"AUJOURD'HUI, A St-CLOUD",359
28,4134119,2,DIV.726,Solution du numero 1.001,169
28,4134119,2,DIV.733,L'enquête a précisé le rôle pris dans le rapt des enfants FINALY par les quatre prêtres incarcérés a Bayonne : L'AGITATION EST SOIGNEUSEMENT ENTRETENUE AU PAYS BASQUE,831
28,4134119,2,DIV.755,« CE SOIR » à ses annonceurs,154
28,4134119,2,DIV.761,Pour « découvrir » un poste émetteur placé par ses soins : LA POLICE PERQUISITIONNE AU SIEGE DU SYNDICAT DE MONTCEAU- LES-MINES,611
28,4134119,2,DIV.775,Publicité,298
28,4134119,2,DIV.788,Publicité,1153
28,4134119,2,DIV.804,La chance de la paix,1072
28,4134119,2,DIV.822,O.N.U. : LE DEBAT SUR LA COREE s'engagera activement lundi,297
28,4134119,2,DIV.830,Signature d'un accord économique franco-italien,135
28,4134119,2,DIV.836,DES PROGRES CONSIDERABLEES sur le traitement des maladies par le sommeil,137
28,4134119,2,DIV.843,LA TERRE EST VIEILLE DE 5 MILLIARDS D'ANNEES,157
28,4134119,2,DIV.850,UN PETROLIER BRULE DANS UN PORT CANADIEN : 5 blessés,143
28,4134119,2,DIV.858,Publicité,597
28,4134119,2,DIV.887,LA JOURNEE INTERNATIONALE DES FEMMES SE PREPARE DANS TOUTE LA FRANCE,233
28,4134119,2,DIV.894,LE PROFESSEUR SMITH VEUT CAPTURER UN COELACANTHE,151
28,4134119,2,DIV.903,PROBLEME NUMERO 1.001,254
28,4134119,2,DIV.911,SOLUTION DU N° 1.000,200
28,4134119,2,DIV.918,Passible d'une peine de 60 ans de prison Mickey Jelke LE JEUNE MILLIONNAIRE PROXÉNÈTE connaîtra son sort le 20 mars,322
28,4134119,2,DIV.928,LES ETUDIANTES DE READING protestent contre « l'insulte faite à leurs charmes personnels »,138
28,4134119,2,DIV.938,DE TOUTE LA TERRE,132
28,4134119,2,DIV.947,LES « IZVESTIA » : La conférence de Rome a confirmé l'intensification des conflits entre les pays d'Europe Occidentale,268
28,4134119,2,DIV.955,ROSENBERG : Pour sauver les deux innocents les lecteurs de Ce soir conti- nueront notre action jusqu'à la victoire,658
28,4134119,2,DIV.969,Annonces,788
28,4134119,2,DIV.1007,DIV.1007,127
28,4134119,2,DIV.1017,OFFRES D'EMPL. 275 fr.,61
29,4134119,3,DIV.1022,DEM. D'EMPLOI 50 fr.,41
29,4134119,3,DIV.1027,FONDS DE COM. 350 fr.,598
29,4134119,3,DIV.1042,DIVERS 350 fr.,116
29,4134119,3,DIV.1048,PROPRIÉTÉS 350 fr.,231
29,4134119,3,DIV.1054,APPARTEMENTS 350 fr.,602
29,4134119,3,DIV.1066,LOCAT. MEUBLÉE 350 fr.,41
29,4134119,3,DIV.1071,AUTOS 350 fr.,500
29,4134119,3,DIV.1094,Nous ne cessons pas le combat...,1188
29,4134119,3,DIV.1118,LE XV DE FRANCE peut réussir un miracle S'IL JOUE AVEC... SIX TROIS QUARTS !,761
29,4134119,3,DIV.1147,MIAS forfait,24
29,4134119,3,DIV.1154,GLEIZES (Cellic) GUERI RENONCE AU RUGBY,90
29,4134119,3,DIV.1161,Demain à l'Elysée-Montmartre VERMESCH réceptionnera JEAN JOURLIN,221
29,4134119,3,DIV.1168,DIV.1168,44
29,4134119,3,DIV.1174,Le palmarès,455
29,4134119,3,DIV.1179,ROME prendrait la place de MELBOURNE,134
29,4134119,3,DIV.1190,Basket-ball,45
29,4134119,3,DIV.1195,Gymnastique,71
29,4134119,3,DIV.1200,Cross-country,37
29,4134119,3,DIV.1205,Demain à la Piste Municipale de Vincennes,155
29,4134119,3,DIV.1212,"Demain, on connaîtra deux nouveaux champions de la F.S.G.T.",127
29,4134119,3,DIV.1219,REPRISE DU TOUR DU NORD CYCLISTE,86
29,4134119,3,DIV.1227,"8es DE FINALE SANS GROS CHOC ! : PONTIVY attire tous les regards mais le RED STAR, ALES et TOULOUSE sont les vrais ""outsiders de la surprise""",885
29,4134119,3,DIV.1271,AU PARC DES PRINCES : METZ (pour qui le championnat est terminé) FAVORI DEVANT St-ÉTIENNE,574
29,4134119,3,DIV.1301,DIV.1301,547
29,4134119,3,DIV.1323,Hier soir à Rouen LAVOINE a battu pour la seconde fois MAROSTEGAN,85
30,4134119,4,DIV.1329,A ROUEN DEVANT HARRY BOS HUMEZ PENSERA A LANGLOIS,156
30,4134119,4,DIV.1335,CE SOIR ON BOXE,370
30,4134119,4,DIV.1354,"LES ""GRANDS"" SONT GROUPÉS EN TÊTE... ...mais ROBIC-DIOT ont été étouffés",168
30,4134119,4,DIV.1360,Demain à Alger BERNARD GAUTHIER déjà en forme et DUPONT saront les hommes à battre,616
30,4134119,4,DIV.1386,"Demain, au Mont Faron MIRANDO tentera de succéder à DOTTO",116
30,4134119,4,DIV.1392,Championnat de France de cyclo-cross demain à Besançon : Le beau temps peut avantager les routiers et jouer un mauvais tour à Rondeaux et Jodet,228
30,4134119,4,DIV.1401,Dimanche à Rennes : LES AMATEURS CONNAITRONS LEURS CHAMPIONS,163
30,4134119,4,DIV.1407,EN CHAMPIONNAT NATIONAL DE BASKET : MULHOUSE : tournant (très) dangereux pour le RACING,776
30,4134119,4,DIV.1445,DIV.1445,944
30,4134119,4,DIV.1459,11 Novembre 1948,58
30,4134119,4,DIV.1467,"Jean-Richard BLOCH FONDATEUR DE "" Ce soir """,515
30,4134119,4,DIV.1483,LE COURAGE de M. BENAZET,1049
30,4134119,4,DIV.1500,LE RAPPORT RIBIÈRE (DGER),180
30,4134119,4,DIV.1510,LE 28 MAI 1952,108
30,4134119,4,DIV.1518,SKORZENY A PARIS,92
30,4134119,4,DIV.1525,D'où vient l'argent,93
30,4134119,4,DIV.1532,"Le 22 août 1939, à la veille de la 2e guerre mondiale Ce soir disait: VIVE LA PAIX ! par ARAGON",2215
31,4135298,0,DIV.43,LA POLITIQUE DE PIE X,1850
31,4135298,0,DIV.90,La Voix de la Morte,602
31,4135298,0,DIV.103,ECHEC A LA LOI,1037
31,4135298,0,DIV.123,MENUS PROPOS,955
31,4135298,0,DIV.156,Le parc de Versailles,1700
31,4135298,0,DIV.182,ESPAGNE : Voyage de M. Combes,89
31,4135298,0,DIV.189,ANGLETERRE,1180
31,4135298,0,DIV.212,AUTRICHE-HONGRIE : Le Voyage du Tzar,245
31,4135298,0,DIV.221,MAROC : Une Interview,100
31,4135298,0,DIV.227,CHINE,375
31,4135298,0,DIV.238,SERBIE,628
31,4135298,0,DIV.260,Les Révélations de M. Drumont,575
31,4135298,0,DIV.267,Le Cas de l'amiral Maréchal,1317
31,4135298,0,DIV.299,Les Congrégations,655
31,4135298,0,DIV.314,Scandale au Palais,375
31,4135298,0,DIV.324,EN FRANCE,1173
31,4135298,0,DIV.350,EN ITALIE,91
31,4135298,0,DIV.358,Une Indice pacifique,79
31,4135298,0,DIV.363,L'Insurrection,175
31,4135298,0,DIV.368,Les Forces turques,41
31,4135298,0,DIV.373,Les Réformes en Macédoine,75
31,4135298,0,DIV.381,LAICISATION,95
31,4135298,0,DIV.386,LES SOUVERAINS ITALIENS A PARIS : La Réception à l'Hôtel-de-Ville,510
31,4135298,0,DIV.399,CONFÉRENCE DU DROIT INTERNATIONAL,446
31,4135298,0,DIV.415,GUERRE : LE DEPART DE LA CLASSE,261
32,4135298,1,DIV.426,MARINE,73
32,4135298,1,DIV.431,POIGNÉES DE NOUVELLES,1107
32,4135298,1,DIV.459,La Monnaie dé Nickel,187
32,4135298,1,DIV.467,Chute mortelle,132
32,4135298,1,DIV.474,Pauvre Bébé !,141
32,4135298,1,DIV.480,Accident ou Suicide ?,125
32,4135298,1,DIV.486,Tué par son Cheval,152
32,4135298,1,DIV.494,Asphyxiés,177
32,4135298,1,DIV.502,Tués par la Foudre,283
32,4135298,1,DIV.510,Les Victimes du Feu,146
32,4135298,1,DIV.516,Accident mortel,223
32,4135298,1,DIV.523,Meurtre,581
32,4135298,1,DIV.535,Assassinat d'un Chancelier,128
32,4135298,1,DIV.543,Le triple assassinat d'Aix-les-Bains,175
32,4135298,1,DIV.549,L'Epidémie de Blida,225
32,4135298,1,DIV.557,Meurtrier de sa Fille,395
32,4135298,1,DIV.569,L'Alpe homicide,174
32,4135298,1,DIV.576,Le Drame du Boulevard Barbès,325
32,4135298,1,DIV.583,L' assassinat de M. de Corgeat,400
32,4135298,1,DIV.589,Les Orages,152
32,4135298,1,DIV.598,COURSES DE CHEVAUX,1674
32,4135298,1,DIV.628,La Température,432
32,4135298,1,DIV.640,N° 115. 2 Octobre. L'Enfant du Faubourg Par EMILE RICHEBOURG,2016
32,4135298,1,DIV.704,Publicité,30
32,4135298,1,DIV.708,Publicité,136
33,4135298,2,DIV.712,Prévision du Temps POUR LE MOIS D'OCTOBRE 1903,193
33,4135298,2,DIV.726,HORAIRE DES TRAINS,37
33,4135298,2,DIV.731,INSTRUCTION PRIMAIRE : Mouvement dans le Personnel enseignant,2190
33,4135298,2,DIV.753,"Tribunal correctionnel : Audience du 1er octobre 1903 MM. Caussanel-Robaglia, président : Gouazé, substitut Bonhomme, greffier.",324
33,4135298,2,DIV.769,Ecole supérieure de Commerce de Toulouse,209
33,4135298,2,DIV.775,L'Usine de Madron,355
33,4135298,2,DIV.785,Au Palais,65
33,4135298,2,DIV.792,Station de Pisciculture,121
33,4135298,2,DIV.798,Les Dispensés militaires,97
33,4135298,2,DIV.805,Cyclistes et Pédestrians,219
33,4135298,2,DIV.819,Société de gymnastique les Toulousains,270
33,4135298,2,DIV.829,Taxe municipale sur les Chiens,589
33,4135298,2,DIV.848,Theâtre du Capitole,180
33,4135298,2,DIV.854,Stade olympien des Etudiants de Toulouse,85
33,4135298,2,DIV.859,Bijou-Concert,207
33,4135298,2,DIV.869,Viande de Boucherie,118
33,4135298,2,DIV.878,Arrestations,71
33,4135298,2,DIV.883,Accidentée Bicyclette,120
33,4135298,2,DIV.889,Publicité,76
33,4135298,2,DIV.892,Publicité,120
33,4135298,2,DIV.902,DIV.902,162
33,4135298,2,DIV.905,Publicité,36
33,4135298,2,DIV.908,Publicité,28
33,4135298,2,DIV.911,Publicité,70
33,4135298,2,DIV.914,Annonces,144
34,4135298,3,DIV.918,Publicité,28
34,4135298,3,DIV.924,AUX VARIÉTÉS,281
34,4135298,3,DIV.931,Spectacles de Toulouse,149
34,4135298,3,DIV.937,COMMUNICATIONS ET AVIS DIVERS,303
34,4135298,3,DIV.951,HAUTE-GARONNE : Arrondissement de Toulouse,684
34,4135298,3,DIV.975,DERNIÈRE HEURE,676
34,4135298,3,DIV.994,Christianisme social,2327
34,4135298,3,DIV.1013,Les Mystères de Paris,243
34,4135298,3,DIV.1021,"ECOLE PRATIQUE : De Commerce, d'Industrie et d'Agriculture de Marmande.",318
34,4135298,3,DIV.1039,Publicité,354
34,4135298,3,DIV.1052,Annonces,58
34,4135298,3,DIV.1064,Publicité,50
34,4135298,3,DIV.1067,femina,314
34,4135298,3,DIV.1073,Publicité,81
34,4135298,3,DIV.1079,Publicité,97
34,4135298,3,DIV.1086,N° 8. LES FILS DE RODIN Par Camille BIAS : PREMIÈRE PARTIE TRINITE NOIRE,1936
34,4135298,3,DIV.1145,BOURSE DE PARIS Du 1er Octobre,6012
34,4135298,3,DIV.1194,BOURSE DE TOULOUSE,289
34,4135298,3,DIV.1202,BULLETIN FINANCIER,638
34,4135298,3,DIV.1213,Publicité,24
34,4135298,3,DIV.1220,ALCOOLS,159
34,4135298,3,DIV.1233,MÉTAUX,125
34,4135298,3,DIV.1239,MARCHÉ DE LA VILLETTE,328
34,4135298,3,DIV.1249,MARCHE DU HAVRE,1026
34,4135298,3,DIV.1258,Publicité,165
35,4135298,4,DIV.1263,Annonces,94
35,4135298,4,DIV.1268,Publicité,748
35,4135298,4,DIV.1282,Publicité,554
35,4135298,4,DIV.1308,NOUVEAU Nécessaire pour Ecoliers RENTRÉE des CLASSES 1903,799
35,4135298,4,DIV.1340,Annonces,30
35,4135298,4,DIV.1347,Publicité,202
35,4135298,4,DIV.1358,Publicité,105
35,4135298,4,DIV.1361,Mouvement des Paquebots dans le port de Bordeaux-Pauillac,687
35,4135298,4,DIV.1382,Publicité,1978
35,4135298,4,DIV.1434,Annonces,638
35,4135298,4,DIV.1459,Publicité,112
35,4135298,4,DIV.1464,Annonces,330
35,4135298,4,DIV.1475,Publicité,172
35,4135298,4,DIV.1487,Annonces,313
35,4135298,4,DIV.1492,Publicité,173
36,4140779,0,DIV.37,Annonces,273
36,4140779,0,DIV.50,La C. G. T. contre les Retraites,1699
36,4140779,0,DIV.69,La Police de Précision,502
36,4140779,0,DIV.80,MENUS PROPOS,853
36,4140779,0,DIV.109,GLOIRE A BARNUM,1842
36,4140779,0,DIV.126,Un point d'Histoire Trois Coups de Canon du Mont-Valérien (7 octobre 1870),2164
36,4140779,0,DIV.153,LA CRISE ANGLAISE : La Manœuvre catholique De notre correspondat particulier :,296
36,4140779,0,DIV.163,RÉLATIONS-ANGLO-ALLEMANDES : Vers une Entende. — La Question des Armements.,803
36,4140779,0,DIV.183,La Fédération des Fonctionnaires,97
36,4140779,0,DIV.189,Les Cheminots,113
36,4140779,0,DIV.195,Les Grèves,370
36,4140779,0,DIV.208,Conseil de Cabinet,357
36,4140779,0,DIV.223,"Séance du 30 décembre : mess=""""La séance est ouverte à 1 h. 40, sou$ la présidence de M. A. Dubost.",2084
36,4140779,0,DIV.274,"Séance du 30 décembre (Matin) : mess=""""ta séance est ouverte à neuf heures, sous ta présidence de M. Eî^one, vico-président, BUDGET DU COMMERCE",765
36,4140779,0,DIV.296,"Séance de l'après-midi : mess=""""La. séance est ouverte à trois heures. M. Brisson préside..",3194
36,4140779,0,DIV.364,CLEMENCEAU ET LE COMITE EXECUTIF,316
36,4140779,0,DIV.374,L'ECOLE ET L'EGLISE,533
36,4140779,0,DIV.388,Légion d'Honneur,1563
36,4140779,0,DIV.434,Poignées de Nouvelles,867
36,4140779,0,DIV.455,Les Etrennes des Grands Régionaux,175
36,4140779,0,DIV.462,La Conquête de l'Air : Au Camp de Châlons,481
36,4140779,0,DIV.475,Le Mort vivant,297
36,4140779,0,DIV.486,Assassins de leur Mère,186
36,4140779,0,DIV.493,Drame de Famille,169
36,4140779,0,DIV.499,Ecrasé par un Wagon,146
37,4140779,1,DIV.505,Magistrat poursuivi,234
37,4140779,1,DIV.513,Les Empoisonnements,980
37,4140779,1,DIV.533,La Mort de Mme Gouin,209
37,4140779,1,DIV.539,Désastre en Mer : Soixante Victimes,91
37,4140779,1,DIV.545,Servante et Curé,218
37,4140779,1,DIV.551,Assassinat,156
37,4140779,1,DIV.563,Courses de Chevaux : A VINCENNE5,1146
37,4140779,1,DIV.580,Cyclisme : COURSE CYCLISTE DES SIX JOURS,172
37,4140779,1,DIV.589,Aviation : A PAU Ecole Blériot,63
37,4140779,1,DIV.595,Publicité,38
37,4140779,1,DIV.600,La Température,409
37,4140779,1,DIV.616,"Conseil municipal : Séance du 30 décembre 1909 PRÉSIDENCE DE M. RAYMOND LEYGUE, MAIRE",2945
37,4140779,1,DIV.677,Cour d'Appel : (Troisième chambre) PRESIDENCE DE M. LARNAUDIE Audience du 20 décembre,1191
37,4140779,1,DIV.701,Tribunal civil : (Deuxième chambre) PRESIDENCE DE M. ZEGLICKI,428
37,4140779,1,DIV.710,Tribunal correctionnel : PRESIDENCE DE M. DEZES Audience du 29 décembre 1909,1128
37,4140779,1,DIV.739,Conseil de Guerre : Séance du 10 décembre,97
37,4140779,1,DIV.749,Le nouveau Billet de 100 francs,207
37,4140779,1,DIV.756,A la Compagnie du Midi,743
37,4140779,1,DIV.773,Société archéologique du Midi,584
37,4140779,1,DIV.785,Association des Steno-Dactylogra- phes de Toulouse et du Sud- Ouest,204
37,4140779,1,DIV.792,Au Faubourg Bonnefoy,233
37,4140779,1,DIV.799,Retraités des Chemins de fer,167
37,4140779,1,DIV.807,Théâtre du Capitole,518
37,4140779,1,DIV.819,Théâtre Lafayette,405
37,4140779,1,DIV.825,Les Nouveautés,182
38,4140779,2,DIV.832,Apollo-Théâtre,191
38,4140779,2,DIV.839,Cinéma Esquirol : (Place Esquirol),102
38,4140779,2,DIV.846,Cinéma Lafayette,87
38,4140779,2,DIV.851,Relevé officiel du Cours des Marchandises,964
38,4140779,2,DIV.862,Parti Radical Socialiste de Toulouse,365
38,4140779,2,DIV.877,Parti Socialiste Français : Cercle Républicain Socialiste,104
38,4140779,2,DIV.884,Parti Radical Socialiste de France : (Section de Toulouse),92
38,4140779,2,DIV.891,"P. R. S. T. (Discipline) : Groupe Providence, Bonhoure, Saint-Aubin (Centre)",111
38,4140779,2,DIV.901,Club alpin français : Section des Pyrénées Centrales,357
38,4140779,2,DIV.916,Le Bleuet,68
38,4140779,2,DIV.923,Football-Club de la Patte-d'Oie,94
38,4140779,2,DIV.930,Tockey-Club San Subra,324
38,4140779,2,DIV.946,SPORTING-CLUB TOULOUSAIN,1072
38,4140779,2,DIV.977,CONVOCATIONS DIVERSES,166
38,4140779,2,DIV.992,Effets militaires,54
38,4140779,2,DIV.998,Heurté par un Tram,127
38,4140779,2,DIV.1005,Trouvailles,423
38,4140779,2,DIV.1012,Publicité,482
38,4140779,2,DIV.1033,SPECTACLES DE TOULOUSE,672
38,4140779,2,DIV.1048,COMMUNICATIONS ET AVIS DIVERS,428
38,4140779,2,DIV.1065,Arrondissement de Toulouse,596
38,4140779,2,DIV.1084,Arrondisiement de Saint-Gaudens,1568
38,4140779,2,DIV.1120,Publicité,88
38,4140779,2,DIV.1126,Arrondissement de Muret,1770
38,4140779,2,DIV.1163,Arrondissement de Villefranche,454
39,4140779,3,DIV.1182,Arrondissement de Foix : FOIX,763
39,4140779,3,DIV.1196,Arrondissement de Pamiers,378
39,4140779,3,DIV.1214,Arrondissement de Saint-Girons,880
39,4140779,3,DIV.1239,Annonces,48
39,4140779,3,DIV.1246,Arrondissement d'Albi : ALBI,254
39,4140779,3,DIV.1258,CONTRIBUTIONS INDIRECTES,40
39,4140779,3,DIV.1263,DEMISSION ACCEPTEE,40
39,4140779,3,DIV.1268,Arrondissement d'Auch : AUCH,1836
39,4140779,3,DIV.1297,Annonces,111
39,4140779,3,DIV.1306,SÉNAT,27
39,4140779,3,DIV.1312,La Conquête de l'Air,191
39,4140779,3,DIV.1325,La Commission des réclamations,1027
39,4140779,3,DIV.1349,Magistrat poursuivi,107
39,4140779,3,DIV.1355,La Mort de Mme Gouin,414
39,4140779,3,DIV.1364,L'Odyssée d'un Espion toulousain,324
39,4140779,3,DIV.1374,Accident mortel,116
39,4140779,3,DIV.1382,Académie française,231
39,4140779,3,DIV.1389,Suicide d'un Nihiliste,244
39,4140779,3,DIV.1398,Violente Explosion,261
39,4140779,3,DIV.1404,Odieux Attentat,119
39,4140779,3,DIV.1410,Sauvetage original,293
39,4140779,3,DIV.1417,Publicité,148
39,4140779,3,DIV.1422,Publicité,176
39,4140779,3,DIV.1428,Publicité,160
39,4140779,3,DIV.1439,Publicité,170
40,4140779,4,DIV.1449,Publicité,122
40,4140779,4,DIV.1461,PRIMEURS,355
40,4140779,4,DIV.1466,METAUX,180
40,4140779,4,DIV.1478,MARCHE de PARIS,667
40,4140779,4,DIV.1490,ALCOOLS,419
40,4140779,4,DIV.1503,MARCHE du HAVRE,549
40,4140779,4,DIV.1512,MARCHÉ de BORDEAUX : Du 30 Décembre 1909 MARCHÉS AUX BESTIAUX,344
40,4140779,4,DIV.1521,MARCHE de la VILLETTE,840
40,4140779,4,DIV.1535,Annonces,188
40,4140779,4,DIV.1543,Publicité,223
40,4140779,4,DIV.1554,Publicité,215
40,4140779,4,DIV.1565,[titre_illisible],1935
40,4140779,4,DIV.1622,[titre_illisible],1957
40,4140779,4,DIV.1693,Publicité,26
40,4140779,4,DIV.1697,DIV.1697,674
40,4140779,4,DIV.1707,DIV.1707,229
40,4140779,4,DIV.1718,Annonces,1465
40,4140779,4,DIV.1769,DIV.1769,32
40,4140779,4,DIV.1779,DIV.1779,489
40,4140779,4,DIV.1786,DIV.1786,94
40,4140779,4,DIV.1791,DIV.1791,87
40,4140779,4,DIV.1797,Annonces,34
40,4140779,4,DIV.1800,Annonces,49
40,4140779,4,DIV.1804,Annonces,55
40,4140779,4,DIV.1808,DIV.1808,44
41,4140779,5,DIV.1820,DIV.1820,363
41,4140779,5,DIV.1847,DIV.1847,180
41,4140779,5,DIV.1854,BOURSE DE PARIS : Du 30 DECEMBRE 1909,6066
41,4140779,5,DIV.1900,BOURSE DE TOULOUSE,254
41,4140779,5,DIV.1908,BULLETIN FINANCIER,328
41,4140779,5,DIV.1918,Publicité,23
41,4140779,5,DIV.1924,Publicité,44
42,4602945,0,DIV.32,LA MARCHE VICTORIEUSE DES SERBES,85
42,4602945,0,DIV.43,au 30 décembre (150e de la guerre),46
42,4602945,0,DIV.48,DIV.48,23
42,4602945,0,DIV.51,DIV.51,29
42,4602945,0,DIV.57,DIV.57,740
42,4602945,0,DIV.68,Przemysl à la veille de la capitulation,147
42,4602945,0,DIV.77,du Mercredi 30 Décembre 1914,268
42,4602945,0,DIV.88,DIV.88,66
42,4602945,0,DIV.95,Les Russes reprennent l'avantage,707
42,4602945,0,DIV.110,Payez et vous pourrez vous promener,92
42,4602945,0,DIV.115,Une élection significative en Roumanie,239
42,4602945,0,DIV.123,Les opérations russes dans le Caucase,146
42,4602945,0,DIV.130,Le petit drapeau belge,47
42,4602945,0,DIV.135,LES BONS DE LA DÉFENSE et les étrennes de la France LE DEUXIEME MILLIARD,298
42,4602945,0,DIV.147,Le bilan,1164
42,4602945,0,DIV.166,"Y a bon, y a bon !",167
42,4602945,0,DIV.173,DIV.173,202
42,4602945,0,DIV.183,Le cœur de Pvrrhus.,194
42,4602945,0,DIV.194,Annonces,154
42,4602945,0,DIV.199,L'HUMOUR ET LA GUERRE,54
42,4602945,0,DIV.208,La version allemande,1215
42,4602945,0,DIV.227,Un hommage du général Gouraud aux Garibaldiens,1254
42,4602945,0,DIV.254,Principaux faits de guerre du 16 au 24 décembre,2544
42,4602945,0,DIV.312,POUR LES ETRENNES : Cinq mois de guerre illustrée,83
42,4602945,0,DIV.322,L'intervention des Japonais,520
43,4602945,1,DIV.336,Pour la Belgique,285
43,4602945,1,DIV.343,Sympathies franco-anglaises,382
43,4602945,1,DIV.351,Appel en faveur des prisonniers français et belges,266
43,4602945,1,DIV.360,Qui sera gouverneur général de l'Indochine ?,272
43,4602945,1,DIV.370,La patience nécessaire,257
43,4602945,1,DIV.380,Leur déception,307
43,4602945,1,DIV.388,Annonces,36
43,4602945,1,DIV.394,"Une ""opération""",469
43,4602945,1,DIV.412,"Le ""vieux dieu allemand"" jugé par un pasteur américain",298
43,4602945,1,DIV.420,La prise d'un drapeau,439
43,4602945,1,DIV.430,APRES LA PRISE DE VERMELLES,114
43,4602945,1,DIV.439,APRÈS LA VICTOIRE SERBE,90
43,4602945,1,DIV.447,Les Russes firent à la bataille de Lodz 20.000 prisonniers,1132
43,4602945,1,DIV.463,Le ministre d'Angleterre au Vatican,89
43,4602945,1,DIV.473,DIV.473,84
43,4602945,1,DIV.476,AU CONSEIL MUNICIPAL : Le président salue les héros de la défense nationale,1019
43,4602945,1,DIV.498,DIV.498,60
43,4602945,1,DIV.502,DIV.502,67
43,4602945,1,DIV.506,DIV.506,58
43,4602945,1,DIV.510,La chasse aux maisons allemandes,813
43,4602945,1,DIV.518,A l'Académie des Inscriptions et Belles-Lettres,92
43,4602945,1,DIV.526,DIV.526,258
43,4602945,1,DIV.534,Le remboursement des dépôts,251
43,4602945,1,DIV.550,AUX BORDS DE L'YSER : Le cataclysme [DE NOTRE ENVOYÉ SPÉCIAL],1812
43,4602945,1,DIV.577,Le pillage de la Belgique,381
44,4602945,2,DIV.587,La Belgique à Londres,1158
44,4602945,2,DIV.602,Un convoi de prisonniers part pour la Corse,52
44,4602945,2,DIV.611,L'entrée d'un abri allemand,51
44,4602945,2,DIV.619,Morts au champ d'honneur,675
44,4602945,2,DIV.637,NOUVELLES DES COURS,38
44,4602945,2,DIV.642,INFORMATIONS,146
44,4602945,2,DIV.649,NAISSANCES,166
44,4602945,2,DIV.658,NECROLOGIE,473
44,4602945,2,DIV.676,Plus ue domestiques allemands dans les hôtels,83
44,4602945,2,DIV.684,DIV.684,43
44,4602945,2,DIV.687,DIV.687,53
44,4602945,2,DIV.690,DIV.690,49
44,4602945,2,DIV.693,DIV.693,42
44,4602945,2,DIV.699,Comités d'Éducation physique,322
44,4602945,2,DIV.712,DIV.712,26
44,4602945,2,DIV.715,DIV.715,293
44,4602945,2,DIV.724,DIV.724,272
44,4602945,2,DIV.727,DIV.727,391
44,4602945,2,DIV.734,DIV.734,208
44,4602945,2,DIV.741,DIV.741,80
44,4602945,2,DIV.748,DIV.748,122
44,4602945,2,DIV.754,DIV.754,1269
44,4602945,2,DIV.778,Annonces,94
44,4602945,2,DIV.781,Annonces,100
44,4602945,2,DIV.786,Annonces,73
45,4602945,3,DIV.789,Annonces,194
45,4602945,3,DIV.796,DIV.796,29
45,4602945,3,DIV.800,UNE PATROUILLE AUTRICHIENNE DANS LES KARPATHES,92
46,4604241,0,DIV.47,LES GOUVERNEMENTS DE PARIS ET DE LONDRES SONT EN COMPLET ACCORD : Déclarations véhémentes de M. Stresemann à la presse.,594
46,4604241,0,DIV.69,M. STRESEMANN ATTAQUE LA POLITIQUE FRANÇAISE,319
46,4604241,0,DIV.80,DÉCLARATION DE M. DE MONZIE A LA GAUCHE DÉMOCRATIQUE,493
46,4604241,0,DIV.93,M BURÉ IRA AUJOURD'HUI AU PALAIS,114
46,4604241,0,DIV.99,"LA MORT DU PETIT CLOWN : C'est au cours d'une représentation de son père que mourut le petit Emmanuel Fratellini, qui avait débuté au cirque sous les plus heureux auspices.",590
46,4604241,0,DIV.113,DIV.113,49
46,4604241,0,DIV.123,DIV.123,25
46,4604241,0,DIV.140,DIV.140,30
46,4604241,0,DIV.151,LES GRANDS RECORDS AU 31 DECEMBRE 1923,192
46,4604241,0,DIV.162,LES GRANDS RECORDS AU 31 DÉCEMBRE 1924,163
46,4604241,0,DIV.174,LE RECORD BATTU AVANT-HIER PAR DORET,96
46,4604241,0,DIV.183,"15,300 MONUMENTS AUX MORTS",213
46,4604241,0,DIV.189,"PELLETIER DOISY, VUILLEMIN ET DAGNEAUX VONT EMMENER PAR LES AIRS DEUX MINISTRES MM. DALADIER ET L. EYNAC AU TCHAD ET A MADAGASCAR",225
46,4604241,0,DIV.196,L'HOMME COUPE EN MORCEAUX,345
46,4604241,0,DIV.208,"LA MÈRE DE DERVAUX EST VENUE A LA BARRE LE DÉFENDRE : Me Torrès, avocat de l'inculpé, verse aux débats un étrange testament de la victime autorisant son mari à la tuer. AUJOURD'HUI : RÉQUISITOIRE PLAIDOIRIE ET VERDICT",940
46,4604241,0,DIV.248,LA VISITE DE M. MYRON T. HERRICK AU QUAI D'ORSAY,122
46,4604241,0,DIV.255,LES NÉGOCIATIONS COMMERCIALES FRANCO-ALLEMANDES,124
46,4604241,0,DIV.263,"A LA FRANCE M. MAKHONINE OFFRE LE DROIT D'UTILISER POUR LA DÉFENSE NATIONALE LE PROCÉDÉ DE SON INVENTION QUI SUBSTITUE A L'ESSENCE TOUTES LES HUILES LOURDES POUR MOTEURS A EXPLOSION : RESULTATS : AUGMENTATION DE RENDEMENT, SUPPRESSION DE L'ENCRASSEMENT, ECONOMIE L'ingénieur russe a été reçu hier après-midi par M. Doumergue.",983
46,4604241,0,DIV.295,LE DRAME APRÈS LA FÉERIE : Le veilleur de nuit du Châtelet surprend deux cambrioleurs qui dévalisaient les loges. Il fait feu sur les malfaiteurs et en blesse un.,628
46,4604241,0,DIV.305,UN BATEAU-LAVOIR COULÉ EN CINQ MINUTES,163
46,4604241,0,DIV.310,L'ORGANISATION ET LE STATUT DE L'OCCUPATION DES TERRITOIRES RHÉNANS,488
46,4604241,0,DIV.321,UN RAZ DE MARÉE A CASABLANCA,112
46,4604241,0,DIV.331,LA FLAMME DU SOUVENIR,19
46,4604241,0,DIV.336,CIRCULATION,22
46,4604241,0,DIV.341,CHAMBRE,19
47,4604241,1,DIV.346,SALONS ET EXPOSITIONS,33
47,4604241,1,DIV.356,CHASSE,21
47,4604241,1,DIV.361,BIENFAISANCE,37
47,4604241,1,DIV.366,CONFÉRENCES ET RÉUNIONS,105
47,4604241,1,DIV.373,T. 8. F.,1700
47,4604241,1,DIV.394,Publicité,51
47,4604241,1,DIV.401,Publicité,44
47,4604241,1,DIV.404,LE PROCHAIN CONSEIL DES MINISTRES,75
47,4604241,1,DIV.414,DIV.414,1764
47,4604241,1,DIV.448,LA PIERRE DE TOUCHE Dessin de Bertram Rancer.,48
47,4604241,1,DIV.458,OSLO,1555
47,4604241,1,DIV.495,LA CURIOSITÉ : GALERIE D'ART ET EXPOSITION,63
47,4604241,1,DIV.501,PONT DES ARTS,331
47,4604241,1,DIV.520,LES COURS,42
47,4604241,1,DIV.525,CORPS DIPLOMATIQUE,36
47,4604241,1,DIV.530,DEUILS,477
47,4604241,1,DIV.548,BIENFAISANCE,137
47,4604241,1,DIV.554,L'OCCASION QU'IL NE FAUT PAS MANQUER,119
47,4604241,1,DIV.571,Publicité,268
47,4604241,1,DIV.578,Publicité,71
47,4604241,1,DIV.581,Publicité,58
47,4604241,1,DIV.588,Publicité,65
47,4604241,1,DIV.597,DIV.597,26
47,4604241,1,DIV.600,DIV.600,27
47,4604241,1,DIV.603,DIV.603,39
48,4604241,2,DIV.607,DIV.607,44
48,4604241,2,DIV.611,DIV.611,28
48,4604241,2,DIV.617,DIV.617,43
48,4604241,2,DIV.620,DIV.620,34
48,4604241,2,DIV.626,Annonces,50
48,4604241,2,DIV.629,Publicité,84
48,4604241,2,DIV.637,DIV.637,331
48,4604241,2,DIV.643,DIV.643,2188
48,4604241,2,DIV.662,DIV.662,125
48,4604241,2,DIV.669,A CHAMBRE A VOTÉ DEUX DOUZIÈMES PROVISOIRES NSI QUE D'IMPORTANTS CRÉDITS ADDITIONNELS,1324
48,4604241,2,DIV.707,LE SENAT A RATIFIÉ LA CONVENTION ENTRE L'ÉTAT ET LA BANQUE DE FRANCE,1400
48,4604241,2,DIV.742,Publicité,161
48,4604241,2,DIV.756,LA COMMISSION D'ENQUÊTE SUR LES FONDS ELECTORAUX ENTEND UN TEMOIN : C'est M. Le Poullen qui fut trésorier-adjoint de l'Union des intérêts économiques. M. Delaunay - Belleville refuse de prêter serment.,1051
48,4604241,2,DIV.799,INFORMATIONS PARLEMENTAIRES,122
48,4604241,2,DIV.805,Légion d'honneur,153
48,4604241,2,DIV.821,A WASHINGTON : LA DETTE FRANÇAISE AUX ÉTATS-UNIS Le cabinet américain demanderait à la France de préciser officiellement son point de vue.,488
48,4604241,2,DIV.838,PROJET DE REVISION DES LOIS AMÉRICAINES SUR L'IMMIGRATION,193
48,4604241,2,DIV.846,Le Japon et les puissances anglo-saxonnes,102
48,4604241,2,DIV.852,Un vapeur japonais en feu,79
48,4604241,2,DIV.857,L'HOMME COUPE EN MORCEAUX,272
48,4604241,2,DIV.863,"A ROME : LA SITUATION POLITIQUE EN ITALIE Le bruit de la démission de plusieurs ministres a couru, mais il est officiellement démenti.",465
48,4604241,2,DIV.881,La situation en Albanie,221
48,4604241,2,DIV.888,A MOSCOU : UN CONGRÈS SOVIÉTIQUE D'ORGANISATION Le sort de Trotsky fait toujours l'objet d'informations contradictoires.,696
48,4604241,2,DIV.910,Un commissaire de police blessé,132
48,4604241,2,DIV.916,L'évasion des pupilles d'Aniane,143
49,4604241,3,DIV.922,Fatale imprudence d'un voyageur,123
49,4604241,3,DIV.930,DIV.930,336
49,4604241,3,DIV.939,MENUS FAITS,496
49,4604241,3,DIV.955,DIV.955,110
49,4604241,3,DIV.963,SANSONNETTE par ANDRÉ REUZE,1326
49,4604241,3,DIV.981,LA TEMPÊTE SUR LA COTE BRETONNE,279
49,4604241,3,DIV.992,Publicité,453
49,4604241,3,DIV.1014,Publicité,39
49,4604241,3,DIV.1017,INFORMATIONS MARITIMES,138
49,4604241,3,DIV.1029,Publicité,121
49,4604241,3,DIV.1040,LES TRANSPORTS EN COMMUN POUR LE REVEILLON DU JOUR DE L'AN,112
49,4604241,3,DIV.1047,DEVIATION PAR LA GARE MONTPARNASSE DE LA LIGNE D'OMNIBUS AN,118
49,4604241,3,DIV.1052,Annonces,59
49,4604241,3,DIV.1055,Publicité,1784
49,4604241,3,DIV.1081,Publicité,86
49,4604241,3,DIV.1084,Publicité,86
49,4604241,3,DIV.1087,Publicité,77
49,4604241,3,DIV.1095,Annonces,102
49,4604241,3,DIV.1101,DIV.1101,30
49,4604241,3,DIV.1108,DIV.1108,136
49,4604241,3,DIV.1114,OFFRES D'EMPLOI,53
49,4604241,3,DIV.1119,LEÇONS,89
49,4604241,3,DIV.1124,LEÇONS DE DANSE,42
49,4604241,3,DIV.1134,HOTELS,43
49,4604241,3,DIV.1139,HABILLEMENT,74
50,4604241,4,DIV.1149,ACHATS ET VENTES,52
50,4604241,4,DIV.1154,LOCATIONS,119
50,4604241,4,DIV.1161,LOCATIONS MEUBLÉES,77
50,4604241,4,DIV.1167,MOBILIERS,81
50,4604241,4,DIV.1172,APPARTEMENTS A VENDRE,396
50,4604241,4,DIV.1192,VENTE ET ACHAT DE PROPRIÉTÉS,129
50,4604241,4,DIV.1197,MUSIQUE,187
50,4604241,4,DIV.1209,OCCASIONS,276
50,4604241,4,DIV.1220,FONDS DE COMMERCE.,66
50,4604241,4,DIV.1225,CHIENS,637
50,4604241,4,DIV.1253,CYCLES ET AUTOS,124
50,4604241,4,DIV.1261,RENSEIGNEMENTS,100
50,4604241,4,DIV.1266,DIVERS,98
50,4604241,4,DIV.1278,"Les PETITES ANNONCES CLASSÉES QUOTIDIENNES sont reçues : : EXCELSIOR-PUBLICITE, 11 Bd des Italiens (entrée et escalier particuliers S. N. P.) de 9 heures à 12 heures et de 14 à 18 heures. Téléphone Louvre 33-46 GUICHET DES PETITES ANNONCES CLASSEES D' « EXCELSIOR » hall du « Petit Parisien », 18, rue d'Enghien, de 9 heures à 19 heures (dimanche compris)",2747
50,4604241,4,DIV.1428,CHEMINS DE FER D'ALSACE ET DE LORRAINE,286
50,4604241,4,DIV.1438,[titre_illisible],739
50,4604241,4,DIV.1460,Publicité,46
50,4604241,4,DIV.1463,A l'Hôtel de Ville : Conseil général,318
50,4604241,4,DIV.1473,Prime de natalité et primes de prévoyance,201
50,4604241,4,DIV.1486,Annonces,35
50,4604241,4,DIV.1492,LE SIXIÈME TOUR DE LA COUPE DE FRANCE DE FOOTBALL,479
50,4604241,4,DIV.1520,DEUX TOURNOIS INTERNATIONAUX DE FOOTBALL,229
50,4604241,4,DIV.1531,LE MATCH DE RUGBY FRANCE-IRLANDE,525
50,4604241,4,DIV.1544,LE PROFESSIONNALISME EN FOOTBALL,485
50,4604241,4,DIV.1556,Publicité,209
51,4604241,5,DIV.1576,LE TOURNOI DE NOEL DE TENNIS,326
51,4604241,5,DIV.1590,"LE CROSS DE ""L'INTRANSIGEANT """,389
51,4604241,5,DIV.1600,IL N'Y AURA PAS DE SALON AUTOMOBILE EN 1925,219
51,4604241,5,DIV.1607,GRÈVE DU PERSONNEL DES TRAMWAYS DE LILLE-TOURCOING,103
51,4604241,5,DIV.1613,La publicité sourcè de revenus pour la Ville de Paris,633
51,4604241,5,DIV.1629,Vincennes. Résultats du 30 décembre,1810
51,4604241,5,DIV.1686,LES COURSES EN 1924,670
51,4604241,5,DIV.1698,L'ENTRAINEUR FLATMAN PERD SON PROCÈS EN APPEL CONTRE LA SOCIETE D'ENCOURAGEMENT,316
51,4604241,5,DIV.1710,Les palmes académiques,165
51,4604241,5,DIV.1720,DIV.1720,363
51,4604241,5,DIV.1733,DIV.1733,105
51,4604241,5,DIV.1737,DIV.1737,49
51,4604241,5,DIV.1740,DIV.1740,99
51,4604241,5,DIV.1751,DIV.1751,61
51,4604241,5,DIV.1754,DIV.1754,176
51,4604241,5,DIV.1761,DIV.1761,42
51,4604241,5,DIV.1768,DIV.1768,36
51,4604241,5,DIV.1771,DIV.1771,43
51,4604241,5,DIV.1776,DIV.1776,38
51,4604241,5,DIV.1779,DIV.1779,52
51,4604241,5,DIV.1782,DIV.1782,39
51,4604241,5,DIV.1788,DIV.1788,39
51,4604241,5,DIV.1791,DIV.1791,154
51,4604241,5,DIV.1798,DIV.1798,146
51,4604241,5,DIV.1803,DIV.1803,59
52,4604241,6,DIV.1809,DIV.1809,57
52,4604241,6,DIV.1817,DIV.1817,77
52,4604241,6,DIV.1825,DIV.1825,83
52,4604241,6,DIV.1832,DIV.1832,172
52,4604241,6,DIV.1844,En matinée :,396
52,4604241,6,DIV.1849,En soirée :,1795
52,4604241,6,DIV.1897,LA RÉPRESSION DE LA HAUSSE ILLICITE,300
52,4604241,6,DIV.1905,INCULPE DU MEURTRE DE SA FILLE SALVAT A ÉTÉ ACQUITTÉ,343
52,4604241,6,DIV.1915,Un Algérien meurtrier,156
52,4604241,6,DIV.1925,DIV.1925,102
52,4604241,6,DIV.1929,DIV.1929,73
52,4604241,6,DIV.1932,DIV.1932,45
52,4604241,6,DIV.1935,DIV.1935,68
52,4604241,6,DIV.1938,DIV.1938,88
52,4604241,6,DIV.1941,DIV.1941,57
52,4604241,6,DIV.1944,DIV.1944,127
52,4604241,6,DIV.1949,DIV.1949,59
52,4604241,6,DIV.1953,DIV.1953,45
52,4604241,6,DIV.1956,PETIT A PETIT LES COTES DE LA VENDÉE SONT RONGÉES PAR L'OCÉAN ATLANTIQUE,201
52,4604241,6,DIV.1965,LES FORTS DE LA HALLE ONT FETE HIER LE CHAMPION RIGOULOT,153
52,4604241,6,DIV.1974,LES TRAVAUX DU NOUVEAU MUSÉE DE LA LÉGION D'HORREUR SONT TERMINÉS,256
52,4604241,6,DIV.1984,DEVANT LES ASSISES DE LA SEINE,80
52,4604241,6,DIV.1993,LE SERMENT DES ÉLÈVES DE L'ÉCOLE D'AÉRONAUTIQUE DE BUCAREST,166
52,4604241,6,DIV.2001,UNE FETE A L'HOSPICE DES ENFANTS ASSISTES,128
52,4604241,6,DIV.2010,LA REINE D'ESPAGNE VISITE UN SANATORIUM,94
53,4604241,7,DIV.2019,LA TOURNÉE TRIOMPHALE DE L'EQUIPE DE RUGBY DES NÉO-ZÉLANDAIS QUE L'ON VERRA EN FRANCE,184
54,4606143,0,DIV.27,DES TROUPES AMÉRICAINES ONT DÉBARQUÉ EN FRANCE,195
54,4606143,0,DIV.38,LES PREMIERS CONTINGENTS AMÉRICAINS VIENNENT DE DEBARQUER EN FRANCE,1811
54,4606143,0,DIV.89,Publicité,47
54,4606143,0,DIV.96,DIV.96,753
54,4606143,0,DIV.108,Mort du président de la Chambre belge,108
54,4606143,0,DIV.117,Un sous-marin britannique coule un vapeur allemand,87
54,4606143,0,DIV.122,M. SERGE BASSET TUÉ SUR LE FRONT : C'est le premier des correspondants de guerre français frappé dans l'exercice de son devoir professionnel.,1257
54,4606143,0,DIV.160,DIV.160,807
54,4606143,0,DIV.177,Le roi d'Espagne reçoit un leader républicain,207
54,4606143,0,DIV.189,Oui... quelques taxis ont roulé hier soir : Mais ce troisième bidon ?,461
54,4606143,0,DIV.199,Le Comité secret,155
54,4606143,0,DIV.206,Au Sénat,56
54,4606143,0,DIV.212,Pour les Éprouvés de la Guerre,1112
54,4606143,0,DIV.224,Annonces,63
54,4606143,0,DIV.231,Les manifestants ont mis Budapest en un triste état,318
54,4606143,0,DIV.244,"Comment, dès 1902, l'Allemagne intriguait contre les Etats-Unis",247
54,4606143,0,DIV.254,Après Tuan-Tchoi-Jui voici Li-King-Si,78
54,4606143,0,DIV.260,La Renaissance de la Grèce : M. Venizelos remet de l'ordre dans la diplomatie hellénique,808
54,4606143,0,DIV.291,« A la manière de Guillaume II » par M. Lloyd George,494
54,4606143,0,DIV.305,Front français,748
54,4606143,0,DIV.321,Front britannique,622
54,4606143,0,DIV.331,Front belge,68
54,4606143,0,DIV.336,Front italien,283
54,4606143,0,DIV.347,Front de Macédoine,47
54,4606143,0,DIV.353,Ce que l'on dit à l'étranger : UNE OPINION ALLEMANDE SUR LE NOUVEAU CABINET HONGROIS La Gazette de Francfort :,445
55,4606143,1,DIV.367,""" L'Hymalaya "" coulé dans la Méditerranée",202
55,4606143,1,DIV.379,Les événements de Grèce,17
55,4606143,1,DIV.388,Publicité,60
55,4606143,1,DIV.394,Bons de la Défense nationale,397
55,4606143,1,DIV.410,Annonces,36
55,4606143,1,DIV.416,CORPS DIPLOMATIQUE,95
55,4606143,1,DIV.422,CERCLES,48
55,4606143,1,DIV.427,• NAISSANCES,31
55,4606143,1,DIV.432,MARIAGES,293
55,4606143,1,DIV.445,DEUILS,584
55,4606143,1,DIV.460,BIENFAISANCE,146
55,4606143,1,DIV.466,Annonces,87
55,4606143,1,DIV.469,Annonces,57
55,4606143,1,DIV.475,DIV.475,2216
55,4606143,1,DIV.537,LE PONT DES ARTS,405
55,4606143,1,DIV.546,JALOUSIE par Albert Guillaume,49
55,4606143,1,DIV.557,Histoires héroïques de mon ami Jean PAR* ABEL HERMANT,2320
55,4606143,1,DIV.595,Voleuse volée,181
55,4606143,1,DIV.601,Publicité,59
55,4606143,1,DIV.612,AU CONSERVATOIRE : CONCOURS DE CHANT,786
55,4606143,1,DIV.624,DIV.624,226
55,4606143,1,DIV.632,DIV.632,747
55,4606143,1,DIV.663,SAMEDI 23 JUIN,160
55,4606143,1,DIV.669,DIMANCHE 24 JUIN,112
55,4606143,1,DIV.676,LUNDI 25 JUIN,126
56,4606143,2,DIV.683,MARDI 26 JUIN,117
56,4606143,2,DIV.691,MERCREDI 27 JUIN,180
56,4606143,2,DIV.699,JEUDI 28 JUIN,98
56,4606143,2,DIV.706,VENDREDI 29 JUIN,120
56,4606143,2,DIV.712,« On demande de jolies femmes »,402
56,4606143,2,DIV.724,Le repos hebdomadaire aux Halles centrales,115
56,4606143,2,DIV.733,DIV.733,114
56,4606143,2,DIV.736,DIV.736,91
56,4606143,2,DIV.740,DIV.740,37
56,4606143,2,DIV.743,DIV.743,34
56,4606143,2,DIV.746,DIV.746,126
56,4606143,2,DIV.753,DIV.753,45
56,4606143,2,DIV.756,DIV.756,30
56,4606143,2,DIV.762,DIV.762,1643
56,4606143,2,DIV.784,DIV.784,114
56,4606143,2,DIV.788,Annonces,300
56,4606143,2,DIV.802,Annonces,55
56,4606143,2,DIV.805,Publicité,104
56,4606143,2,DIV.815,Publicité,146
56,4606143,2,DIV.818,Publicité,61
56,4606143,2,DIV.822,Publicité,50
56,4606143,2,DIV.825,Publicité,176
56,4606143,2,DIV.833,Publicité,88
56,4606143,2,DIV.836,Publicité,38
56,4606143,2,DIV.839,Publicité,106
57,4606143,3,DIV.843,Publicité,126
57,4606143,3,DIV.850,Publicité,87
57,4606143,3,DIV.854,Publicité,110
57,4606143,3,DIV.861,Publicité,284
57,4606143,3,DIV.876,Publicité,50
57,4606143,3,DIV.880,Publicité,31
57,4606143,3,DIV.890,DIV.890,34
57,4606143,3,DIV.898,DIV.898,43
57,4606143,3,DIV.905,LE GÉNÉRAL PERSHING A REÇU LES TROUPES AMÉRICAINES,225
57,4606143,3,DIV.917,Publicité,232
57,4606143,3,DIV.926,Publicité,338
57,4606143,3,DIV.944,Publicité,67
57,4606143,3,DIV.949,Publicité,107
57,4606143,3,DIV.962,Publicité,136
57,4606143,3,DIV.971,Publicité,447
58,4609982,0,DIV.42,Celui-ci n'a été voté à la commission des Finances que par 20 voix contre 15 les 5 communistes s'étant abstenus,706
58,4609982,0,DIV.68,"LE "" PLAN D'ENSEMBLE "" pour la réalisation duquel le gouvernement a demandé les pleins pouvoirs",124
58,4609982,0,DIV.81,LA DÉCLARATION MINISTÉRIELLE,592
58,4609982,0,DIV.103,DIV.103,32
58,4609982,0,DIV.111,INCIDENT AU SENAT : Ce n'est pas M. Blum mais M. Albert Sarraut qui a lu la déclaration ministérielle,299
58,4609982,0,DIV.122,DIV.122,104
58,4609982,0,DIV.130,AU COMITÉ de non-intervention graves objections de Rome et Berlin au projet de contrôle anglo-français sur les côtes d'Espagne de notre correspondant particulier,76
58,4609982,0,DIV.138,GRAVE SABOTAGE AUX USINES DE LA BETHLEEM STEEL : Les conduites d'eau détruites à la dynamite,319
58,4609982,0,DIV.149,Meurtrier par amour fraternel José Brovermann a comparu hier devant les jurés de la Seine,51
58,4609982,0,DIV.157,"Les 95 coureurs du TOUR "" s'envolent "" A 9 h. 30, ils quittent le Vésinet pour le premier but : LILLE : LES CHEFS DE FILE : G. Speicher, Paul Chocque, Archambaud : Français. Sylvère Maës et F. Vervaecke : Belges. Martano et Bartali : Italiens.",127
58,4609982,0,DIV.166,DIV.166,186
58,4609982,0,DIV.176,Fugue de lionceau,313
58,4609982,0,DIV.185,Les hommes préfèrent...,44
58,4609982,0,DIV.190,"Vendredi prochain, 2 juillet, 15 h. 30",63
58,4609982,0,DIV.195,Rue Saint-Honoré,55
58,4609982,0,DIV.200,"Louise Boulanger, 6, r. Royale",68
58,4609982,0,DIV.205,Freddy,43
58,4609982,0,DIV.210,Jérôme,47
58,4609982,0,DIV.216,A l'occasion de son succès,116
58,4609982,0,DIV.222,Inauguration à Y Exposition,147
58,4609982,0,DIV.229,Il u a chemises et chemises...,63
58,4609982,0,DIV.234,Préface au TOUT,237
58,4609982,0,DIV.243,LA CURIOSITE,362
58,4609982,0,DIV.251,HOTEL DROUOT,253
58,4609982,0,DIV.259,PONT DES ARTS,448
59,4609982,1,DIV.272,SAMEDI 3 JUILLET FÊTE DE NUIT DE LONGCHAMP,243
59,4609982,1,DIV.280,NOS PROBLÈMES DE MOTS CROISÉS,467
59,4609982,1,DIV.312,"DANS "" L'ANTICHAMBRE DU BAGNE "" (1) : ORGANISATION DE LA RÉPRESSION AU LENDEMAIN DE LA FIN DE CAYENNE POUR LES FORÇATS : La Maison Centrale, la peine sous les verrous et sans aucun espoir d'évasion POUR LES RELÉGUÉS : La prison-atelier, plus dure que la "" liberté surveillée "" mais avec espoir de grâce C'EST CE QUE DÉCLARE M. ANDRIEU Enquête de M. GABRIEL REUILLARD",1797
59,4609982,1,DIV.373,DIV.373,148
59,4609982,1,DIV.390,DIV.390,34
59,4609982,1,DIV.393,DIV.393,50
59,4609982,1,DIV.396,DIV.396,82
59,4609982,1,DIV.399,DIV.399,83
59,4609982,1,DIV.402,L'ÉLYSÉE,163
59,4609982,1,DIV.409,CORPS DIPLOMATIQUE,79
59,4609982,1,DIV.414,CERCLES,252
59,4609982,1,DIV.421,RECEPTIONS,59
59,4609982,1,DIV.426,FIANÇAILLES,154
59,4609982,1,DIV.432,MARIAGES,772
59,4609982,1,DIV.461,DEUILS,407
59,4609982,1,DIV.473,"LA "" BONNE VOLONTE FRANCO-AMÉRICAINE """,283
59,4609982,1,DIV.488,LA FLAMME DU SOUVENIR,31
59,4609982,1,DIV.498,EXPOSITIONS,319
59,4609982,1,DIV.514,"REUNIONS, FETES ET CONFERENCES",245
59,4609982,1,DIV.525,BANQUETS,75
59,4609982,1,DIV.531,CONCERTS PUBLICS,91
59,4609982,1,DIV.550,DIV.550,474
59,4609982,1,DIV.559,LA SEANCE DE L'APRES-MIDI AU PALAIS-BOURBON,559
59,4609982,1,DIV.581,LE PROJET DE LOI SUR LES PLEINS POUVOIRS,491
59,4609982,1,DIV.597,DANS LES GROUPES AU PALAIS-BOURBON,391
60,4609982,2,DIV.614,L'ADOPTION DU PROJET DU GOUVERNEMENT PAR LA COMMISSION DES FINANCES,1450
60,4609982,2,DIV.646,LA SEANCE DE NUIT AU PALAIS-BOURBON,1424
60,4609982,2,DIV.704,"LA LECTURE, AU SENAT, DE LA DECLARATION MINISTÉRIELLE",522
60,4609982,2,DIV.716,LA FERMETURE DE LA BOURSE HIER,411
60,4609982,2,DIV.735,POURPARLERS FRANCO-ANGLAIS 1 POUR LE MAINTIEN DE L'ACCORD TRIPARTITE,150
60,4609982,2,DIV.742,UN CENTENAIRE,70
60,4609982,2,DIV.750,L'ALLEMAGNE ET L'ITALIE CONTRE LE CONTROLE FRANCO-ANGLAIS EN ESPAGNE,448
60,4609982,2,DIV.762,"LES OPÉRATIONS MILITAIRES : Occupation de Valmaseda par les nationaux ,",117
60,4609982,2,DIV.769,Information parlementaire,31
60,4609982,2,DIV.774,Dans la banlieue parisienne un chauffeur de taxi est assassiné à son volant,316
60,4609982,2,DIV.785,Publicité,165
60,4609982,2,DIV.799,UNE AUTO RENVERSE DEUX ENFANTS,86
60,4609982,2,DIV.804,APRÈS VOS EXAMENS APPRENEZ LA STÉNOTYPIE GRANDJEAN,127
60,4609982,2,DIV.809,LA VISITE DU PRÉSIDENT DE LA RÉPUBLIQUE A ANGERS,84
60,4609982,2,DIV.814,Une trousse de pharmacie pour le Voyage,90
60,4609982,2,DIV.819,VOUS QUI MANQUEZ... DE CARACTÈRE,140
60,4609982,2,DIV.824,Publicité,194
60,4609982,2,DIV.836,Publicité,519
60,4609982,2,DIV.845,Publicité,57
60,4609982,2,DIV.853,DIV.853,1223
60,4609982,2,DIV.885,LE MAILLOT QUI AFFIRME LA LIGNE JUVENILE,104
60,4609982,2,DIV.893,MEMENTO,170
60,4609982,2,DIV.906,Publicité,74
60,4609982,2,DIV.914,PETITS CONSEILS,43
60,4609982,2,DIV.923,Publicité,160
61,4609982,3,DIV.930,Publicité,220
61,4609982,3,DIV.940,Publicité,53
61,4609982,3,DIV.944,Publicité,86
61,4609982,3,DIV.948,Publicité,100
61,4609982,3,DIV.951,Publicité,110
61,4609982,3,DIV.955,Publicité,92
61,4609982,3,DIV.959,Publicité,144
61,4609982,3,DIV.972,CHEMIN DE FER DU NORD,149
61,4609982,3,DIV.978,Publicité,402
61,4609982,3,DIV.988,Publicité,62
61,4609982,3,DIV.991,Publicité,86
61,4609982,3,DIV.997,Publicité,93
61,4609982,3,DIV.1001,Publicité,108
61,4609982,3,DIV.1007,Publicité,57
61,4609982,3,DIV.1014,LE GÉNÉRAL MITTELHAUSER EST PROMU GRAND-CROIX DE LA LÉGION D'HONNEUR : Les généraux Vuillemin et Aubé entrent au conseil supérieur de l'air,173
61,4609982,3,DIV.1026,LA SITUATION EXÉTRIEURE,38
61,4609982,3,DIV.1031,LA RATIFICATION DU TRAITÉ DE COMMERCE FRANCO-TURC,63
61,4609982,3,DIV.1036,Publicité,89
61,4609982,3,DIV.1043,Le Dr N.-G. PAYOT au service de la beauté : CELLES QUI DOIVENT EMPLOYER LES FONDS DE TEINT,827
61,4609982,3,DIV.1067,Aujourd'hui 1re étape Paris-Lille : 258 kilomètres FAISONS CONFIANCE A NOTRE ÉQUIPE par RAYMOND HUTTIER,818
61,4609982,3,DIV.1086,95 COUREURS A L'ASSAUT DE LA GLOIRE,946
61,4609982,3,DIV.1103,"AUJOURD'HUI, 1re ÉTAPE : PARIS-LILLE",233
61,4609982,3,DIV.1112,LE COUREUR BUTTAFOCHI EST MORT HIER,141
61,4609982,3,DIV.1117,NOUVELLES DE L'AVIATION,68
61,4609982,3,DIV.1122,CONCOURS TOUR DE FRANCE 1937,983
62,4609982,4,DIV.1159,LE TOURNOI DE TENNIS DE WIMBLEDON : Pétra-Boussus battus Mais Mme Mathieu triomphe,909
62,4609982,4,DIV.1176,PETITES NOUVLLES,57
62,4609982,4,DIV.1181,Pour venger la mort de son frère un jeune homme avait assassiné le médecin qui avait soigné le malade : Il a comparu hier devant les assises de la Seine.,804
62,4609982,4,DIV.1198,Collision entre une automobile et un autocar : Deux tués. deux blessés graves,128
62,4609982,4,DIV.1205,Crue de la Garonne,97
62,4609982,4,DIV.1211,Publicité,23
62,4609982,4,DIV.1218,Publicité,634
62,4609982,4,DIV.1235,Publicité,63
62,4609982,4,DIV.1240,M. PAUL ELBEL DEVIENT PRÉSIDENT DU GROUPE RADICAL SOCIALISTE,136
62,4609982,4,DIV.1255,DIV.1255,61
62,4609982,4,DIV.1258,DIV.1258,36
62,4609982,4,DIV.1263,DIV.1263,28
62,4609982,4,DIV.1268,DIV.1268,46
62,4609982,4,DIV.1271,DIV.1271,44
62,4609982,4,DIV.1275,FILLE DE CAMARGUE 1 Grand roman d'amour et de mystère PAR C.-A. GONNET : PREMIÈRE PARTIE,1861
62,4609982,4,DIV.1325,DIV.1325,223
62,4609982,4,DIV.1338,DIV.1338,414
62,4609982,4,DIV.1353,HIER INAUGURATION DU PAVILLON DU TOURISME,843
62,4609982,4,DIV.1375,Les hôteliers préparent le lock-out du 3 juillet,542
62,4609982,4,DIV.1398,COURSES DE LEVRIERS Réunion du mardi 29 juin 1937 : CYNODROME DE COURBEVOIE,1006
62,4609982,4,DIV.1419,LA LOI DE LA PEGRE par JACQUES CÉZEMBRE,1810
62,4609982,4,DIV.1455,Trois fillettes assassinées aux États-Unis ARRESTATION DE L'AUTEUR PRÉSUMÉ (De notre correspondant particulier),337
62,4609982,4,DIV.1466,"VERS L'IDENTIFICATION DE "" MINOS, EAQUE ET RHADAMANTE """,136
62,4609982,4,DIV.1472,UN DÉSODORISANT NOUVEAU... EFFICACE MAIS INOFFENSIF,163
62,4609982,4,DIV.1479,Publicité,185
63,4609982,5,DIV.1494,CONDAMNATION A MORT DE LESLIE STONE MEURTRIER DE RUBY KEEN,178
63,4609982,5,DIV.1500,LE TOURNOI INTERNATIONAL D'ÉCHECS DE KEMERY,252
63,4609982,5,DIV.1509,Publicité,510
63,4609982,5,DIV.1529,LES PREMIERES : THEATRE DE L'OPERA. — « Alexandre le Grand ». ballet de M. Serge Lifar. Musique de M. Philippe Gauhert.,679
63,4609982,5,DIV.1539,LES CONCOURS DU CONSERVATOIRE,354
63,4609982,5,DIV.1554,POURQUOI M. EDOUARD BOURDET N'A PAS SIÉGÉ DANS LE JURY,367
63,4609982,5,DIV.1564,Les concurrents d'aujourd'hui,603
63,4609982,5,DIV.1571,""" DEUX HEURES A L'ŒUVRE """,428
63,4609982,5,DIV.1581,Ce soir,88
63,4609982,5,DIV.1586,DIV.1586,505
63,4609982,5,DIV.1601,DIV.1601,78
63,4609982,5,DIV.1609,DIV.1609,162
63,4609982,5,DIV.1630,PETITES NOUVELLES,68
63,4609982,5,DIV.1638,DIV.1638,38
63,4609982,5,DIV.1645,DIV.1645,129
63,4609982,5,DIV.1657,DU STUDIO A L'ECRAN,86
63,4609982,5,DIV.1672,En matinée :,55
63,4609982,5,DIV.1677,En soirée :,2043
63,4609982,5,DIV.1721,Publicité,283
63,4609982,5,DIV.1734,LES ÉMISSIONS LES PLUS IMPORTANTES DE DEMAIN,142
63,4609982,5,DIV.1744,LES PRINCIPALES ÈMISSIONS DE LA JOURNÉE,1396
63,4609982,5,DIV.1799,MAISONS-LAFFITTE : Résultats du mardi 29 juin,2837
63,4609982,5,DIV.1870,"LE TREMBLAY : AUJOURD'HUI, A 14 HEURES NOS PREVISIONS",225
63,4609982,5,DIV.1881,Publicité,1135
63,4609982,5,DIV.1899,Annonces,38
64,4609982,6,DIV.1902,HALLES CENTRALES DE PARIS,1530
64,4609982,6,DIV.1919,MARCHE AUX BESTIAUX DE LA VILLETTE,98
64,4609982,6,DIV.1924,Publicité,109
64,4609982,6,DIV.1935,DIV.1935,33
64,4609982,6,DIV.1939,LE DIEU NOIR 49 Roman de mystère et d'exotisme PAR JOHN G. BRANDON,1675
64,4609982,6,DIV.1989,HIER INAUGURATION DU PALAIS DU TOURISME,105
64,4609982,6,DIV.1997,""" Honoris causa """,59
64,4609982,6,DIV.2005,FUGUE DE LIONCEAU,81
64,4609982,6,DIV.2013,LE ROI CAROL DE ROUMANIE ET LE PRINCE MICHEL A VARSOVIE,113
64,4609982,6,DIV.2023,Avant la grande aventure cycliste,65
64,4609982,6,DIV.2031,CE CONDUCTEUR DE CAMION A GAGNE 500 FRANCS,189
64,4609982,6,DIV.2043,Destinée...,57
64,4609982,6,DIV.2051,LES FUNÉRAILLES DE L'AMIRAL FISHER A PORTSMOUTH,247
64,4609982,6,DIV.2059,Publicité,48
65,4610674,0,DIV.41,"Parlant de la "" Conférence impériale "" M. Louis Rollin ministre des Colonies, nous dit : "" La machine est en place, elle fonctionnera, elle produira. """,1367
65,4610674,0,DIV.85,Aux portes de l'Élysée,43
65,4610674,0,DIV.93,FIANÇAILLES PRINCIÈRES,42
65,4610674,0,DIV.101,"Les pourparlers franco-italiens n'ont pas encore donné de résultat définitif : Il n'est pas impossible que, faute de temps avant la session du conseil de la S. D. N. qui se réunit à Genève, le 10 janvier, le voyage à Rome de M. Pierre Laval fût quelque peu retardé.",508
65,4610674,0,DIV.113,APRÈS LES TROUBLES D'ESPAGNE : La libération de M. Azana ancien président du Conseil espagnol,105
65,4610674,0,DIV.122,"LE MONTAGE DE L 'HYDRAVION "" LIEUTENANT=DE=VAISSEAU=PARIS """,112
65,4610674,0,DIV.130,UNE VIOLENTE BATAILLE SERAIT EN COURS ENTRE ITALIENS ET ABYSSINS,128
65,4610674,0,DIV.136,La Maison Royale d'Italie achète à Marseille un portrait de S. M. Maria-Pia,186
65,4610674,0,DIV.143,"Le mariage du "" lord chief justice "" britannique",90
65,4610674,0,DIV.151,LE MONUMENT D'ALBERT Ier ROI DES BELGES SERA ÉRIGE COURS-LA-REINE : BRILLANT SUCCES LE SOUSCRIPTION. DE LA,287
65,4610674,0,DIV.160,LE COMMERCE PARISIEN FINIT L'ANNÉE 1934 SUR UNE IMPRESSION OPTIMISTE,509
65,4610674,0,DIV.171,RÉUNION TROUBLÉE DANS LA SARRE,216
65,4610674,0,DIV.177,EN MARGE DE L'AFFAIRE STAVISKY : On découvre que Poulner est à la tête d'une bande vivant du trafic de titres maquillés Des mandats d'arrêt sont décernés contre lui et contre trois de ses complices dont deux — Pélissier et Popp — ont été écroués dès hier,1983
65,4610674,0,DIV.230,demain :,51
65,4610674,0,DIV.238,M. Mussolini n'a pas oublié les enfants du chancelier Dollfuss,80
65,4610674,0,DIV.249,LES DÉCIVILISÉS,2103
65,4610674,0,DIV.283,LA FLAMME DU SOUVENIR,38
65,4610674,0,DIV.288,EXPOSITIONS,245
65,4610674,0,DIV.298,INFORMATIONS RELIGIEUSES,82
65,4610674,0,DIV.303,BIENFAISANCE,81
65,4610674,0,DIV.309,BALS,25
65,4610674,0,DIV.314,T. S. F.,27
65,4610674,0,DIV.319,"UNE JEUNE FRANÇAISE FAIT EN ITALIE, UNE CHUTE MORTELLE DE CHEVAL",82
65,4610674,0,DIV.324,Annonces,64
65,4610674,0,DIV.329,L'ACTIVITÉ DU SERVICE DES RÉCLAMATIONS AUX P. T. T.,281
66,4610674,1,DIV.342,Mlle Paris sur la Côte d'Azur,136
66,4610674,1,DIV.348,Des braconniers belges tuent un garde-chasse,100
66,4610674,1,DIV.354,Jeudi auront lieu à Scheveningen les obsèques de M. Adatci,142
66,4610674,1,DIV.362,NOS PROBLEMES DE MOTS CROISÉS,643
66,4610674,1,DIV.376,"CHAQUE JOUR, AU RÉVEIL : QUELQUES GRAINS D'OPTIMISME",261
66,4610674,1,DIV.389,DIV.389,1124
66,4610674,1,DIV.413,PAUL REBOUX : GERARD CHEZ LES PHOQUES Livre d'étrennes,603
66,4610674,1,DIV.442,PONT DES ARTS,424
66,4610674,1,DIV.455,LA FÉERIE FLORALE CHEZ ANDRÉ BAUMANN,375
66,4610674,1,DIV.475,DIV.475,75
66,4610674,1,DIV.478,LES COURS,36
66,4610674,1,DIV.483,MONDE OFFICIEL,140
66,4610674,1,DIV.488,CORPS DIPLOMATIQUE,183
66,4610674,1,DIV.494,INFORMATIONS,400
66,4610674,1,DIV.503,CERCLES,384
66,4610674,1,DIV.511,VÉNERIE,265
66,4610674,1,DIV.518,RÉCEPTIONS,128
66,4610674,1,DIV.524,NAISSANCES,37
66,4610674,1,DIV.529,FIANÇAILLES,105
66,4610674,1,DIV.538,MARIAGES,39
66,4610674,1,DIV.543,DEUILS,420
66,4610674,1,DIV.558,Publicité,34
66,4610674,1,DIV.561,Publicité,23
66,4610674,1,DIV.564,Publicité,85
66,4610674,1,DIV.570,Une jeune Américaine a été arrêtée à la frontière sarroise,284
67,4610674,2,DIV.578,Le cardinal Bourne est gravement malade,76
67,4610674,2,DIV.583,A Thonon-les-Bains M. Jacquier parle du régime parlementaire,325
67,4610674,2,DIV.591,"On a célébré neuf mille mariages le 26 décembre, en Pologne",64
67,4610674,2,DIV.596,POUR LA BEAUTÉ DE PARIS : Des concours sont organisés à cet effet.,205
67,4610674,2,DIV.610,M. Herriot préside l'inauguration des bâtiments d'une coopérative de construction,216
67,4610674,2,DIV.617,Publicité,39
67,4610674,2,DIV.622,Un cultivateur tue sa femme,123
67,4610674,2,DIV.628,Publicité,567
67,4610674,2,DIV.645,LE PÈLERINAGE DES ANCIENS SOLDATS DE L'ARMÉE D'ORIENT EN YOUGOSLAVIE par notre correspondant particulier,739
67,4610674,2,DIV.663,L'attentat de Marseille,74
67,4610674,2,DIV.668,M. Ouzounovitch va quitter la présidence du parti national yougoslave,169
67,4610674,2,DIV.674,"Au Maroc, un matador est blessé",77
67,4610674,2,DIV.682,DIV.682,581
67,4610674,2,DIV.694,LES ENTRETIENS DIPLOMATIQUES DE M. DE CHAMBRUN A ROME,274
67,4610674,2,DIV.702,LES VIOLENCES ANTIRELIGIEUSES AU MEXIQUE : Cinq catholiques sont tués,274
67,4610674,2,DIV.711,Une église profanée en Autriche,149
67,4610674,2,DIV.716,Les évêques catholiques allemands ordonnent des prières pour le jour du plébiscite de la Sarre,452
67,4610674,2,DIV.730,Le Reich redoute la concurrence française en Russie,100
67,4610674,2,DIV.735,UNE PENICHE CHAVIRE AU PORTUGAL : Il y aurait une douzaine de disparus.,124
67,4610674,2,DIV.743,Une auto capote une jeune fille est tuée,211
67,4610674,2,DIV.749,ET POUR BIEN COMMENCER L'ANNÉE,134
67,4610674,2,DIV.755,ZINOVIEV ET KAMENEV EN ROUTE POUR L'EXIL,189
67,4610674,2,DIV.764,DIV.764,79
67,4610674,2,DIV.768,DIV.768,54
67,4610674,2,DIV.771,DIV.771,65
68,4610674,3,DIV.774,DIV.774,44
68,4610674,3,DIV.777,DIV.777,56
68,4610674,3,DIV.780,DIV.780,69
68,4610674,3,DIV.783,DIV.783,85
68,4610674,3,DIV.787,LA SITUATION POLITIQUE AUX ÉTATS-UNIS A L'AUBE DE L'ANNÉE 1935,870
68,4610674,3,DIV.804,LA CIRCULATION ET L'HIVER,102
68,4610674,3,DIV.809,Nouvelles défections dans l'Église officielle du Reich,230
68,4610674,3,DIV.816,Le travail reprend dans les mines asturiennes,98
68,4610674,3,DIV.822,L'explorateur Sven Hedin en Chine,105
68,4610674,3,DIV.827,Publicité,41
68,4610674,3,DIV.833,LA SÛRETÉ NATIONALE ARRÊTE UN ESCROC QUI A FAIT DANS L'ORNE DE NOMBREUSES DUPES,741
68,4610674,3,DIV.845,Publicité,27
68,4610674,3,DIV.851,L'empereur du Japon est légèrement souffrant,98
68,4610674,3,DIV.856,Le Noël des enfants pauvres a Vienne,149
68,4610674,3,DIV.861,A la recherche d'un avion américain,111
68,4610674,3,DIV.867,Publicité,233
68,4610674,3,DIV.886,LE FOOTBALL A SAINT-OUEN,118
68,4610674,3,DIV.901,Poids et haltères,41
68,4610674,3,DIV.909,Victoire de nos hockeyeurs en Allemagne,54
68,4610674,3,DIV.917,Dans les coulisses du Vél' d'Hiv',59
68,4610674,3,DIV.926,Nouveau succès des rugbymen bayonnais,151
68,4610674,3,DIV.934,Victoire belge à Montreuil,65
68,4610674,3,DIV.942,Le tournoi de Noël de tennis au Sporting,109
68,4610674,3,DIV.956,TENNIS : L'heure a sonné pour les professionnels,830
68,4610674,3,DIV.971,QUATRE FINALES SERONT DISPUTÉES AUJOURD'HUI AU SPORTING,514
69,4610674,4,DIV.991,LE CHAMPION BELGE VICTOR HONOREZ A GAGNE LE CROSS DE LA BOISSIÈRE,939
69,4610674,4,DIV.1018,"Le style bayonnais toujours triomphant : Hier à Jean-Bouin, l'Aviron Bayonnais, pourtant incomplet, a largement battu le Stade par 25 à 3.",994
69,4610674,4,DIV.1044,RÉSULTATS ET CLASSEMENTS,1772
69,4610674,4,DIV.1063,UNE FÊTE POUR LES SPORTIFS,203
69,4610674,4,DIV.1069,LES HALTÉROPHILES DE FRANCE ONT BATTU CEUX D'AUTRICHE,890
69,4610674,4,DIV.1105,LE CHAMPION DE SKI ZOGG GRIEVEMENT BLESSE,93
69,4610674,4,DIV.1111,POUR LE CHAMPIONNAT DU MONDE DE HOCKEY SUR GLACE,145
69,4610674,4,DIV.1118,"VIEZ, CHAMPION DE BOXE DES POIDS LEGERS",93
69,4610674,4,DIV.1123,PEUZIAT REMPORTE LE CROSS CYCLO-PEDESTRE DE CLAYES,93
69,4610674,4,DIV.1130,CHAMPIONNAT DE PARIS DE BALLE AU PANIER,124
69,4610674,4,DIV.1140,DIV.1140,51
69,4610674,4,DIV.1146,"Sochaux, vainqueur de Cannes, reprend seul le commandement, Strasbourg n'ayant pu réussir qu'un match nul contre l'Excelsior. Nouvelle victoire des Sétois. En deuxième division Metz rejoint Lens.",1271
69,4610674,4,DIV.1169,RÉSULTATS ET CLASSEMENTS,1635
69,4610674,4,DIV.1190,BOXE : PETIT-BIQUET RESTE CHAMPION D'EUROPE DE BOXE,105
69,4610674,4,DIV.1196,CYCLISME : LES FRANÇAIS ONT TRIOMPHÉ HIER DES CHAMPIONS ITALIENS,444
69,4610674,4,DIV.1210,SPORTS D'HIVER : TEMPÉRATURE ET HAUTEUR DE NEIGE DES STATIONS HIVERNALES,1010
69,4610674,4,DIV.1228,Publicité,24
69,4610674,4,DIV.1234,LE DRAME DE CHALONS-SUR-MARNE SERAIT DU A LA NEURASTHÉNIE,200
69,4610674,4,DIV.1240,QUATRE CAMBRIOLEURS SOUS LES VERROUS,174
69,4610674,4,DIV.1245,DANS UN PATRONAGE UN INCENDIE FAIT UN MORT ET CINQ BLESSES,149
69,4610674,4,DIV.1250,"JULIETTE CALVET, QUI TUA SON AMI A COUPS DE HACHE, A AUSSI EMPOISONNE SA FILLETTE",205
69,4610674,4,DIV.1256,LA JAMBE BROYEE PAR UN TRAIN UNE FEMME SE FAIT UNE LIGATURE EN ATTENDANT DU SECOURS,151
69,4610674,4,DIV.1263,UN ENFANT TUE SON JEUNE FRERE EN JOUANT AVEC UNE CARABINE,83
69,4610674,4,DIV.1268,DOUBLE ASPHYXIE PAR LE GAZ,96
69,4610674,4,DIV.1274,L'ASSASSIN LE BON A DILAPIDE OU CACHE L'ARGENT POUR LEQUEL IL TUA UNE FERMIERE PRES DE GAND,235
70,4610674,5,DIV.1281,INFORMATIONS RÉSUMÉES,66
70,4610674,5,DIV.1289,LES CONCERTS : A la mémoire de Charles Lamoureux,1438
70,4610674,5,DIV.1307,LA LIQUIDATION JUDICIAIRE CITROEN,259
70,4610674,5,DIV.1316,Le renouvellement des cartes d'étrangers,59
70,4610674,5,DIV.1321,Publicité,66
70,4610674,5,DIV.1330,"VIOLETTE NOZIÈRES, A QUITTÉ LA PETITE-ROQUETTE",208
70,4610674,5,DIV.1338,Le crime du Palace,103
70,4610674,5,DIV.1344,LA FOUDRE ABAT UN CHÊNE DE 500 ANS,167
70,4610674,5,DIV.1352,LE THÉATRE DE L'ONCLE SÉBASTIEN,221
70,4610674,5,DIV.1363,DIV.1363,120
70,4610674,5,DIV.1366,DIV.1366,133
70,4610674,5,DIV.1369,DIV.1369,613
70,4610674,5,DIV.1380,PETITES NOUVELLES,96
70,4610674,5,DIV.1390,DIV.1390,51
70,4610674,5,DIV.1397,DIV.1397,49
70,4610674,5,DIV.1405,DIV.1405,97
70,4610674,5,DIV.1409,DIV.1409,38
70,4610674,5,DIV.1415,DIV.1415,72
70,4610674,5,DIV.1421,LES PREMIÈRES : LUNE-ROUSSE. — « La Revue loufoque ». de M. Pierre Dac.,342
70,4610674,5,DIV.1431,DIV.1431,72
70,4610674,5,DIV.1438,DIV.1438,59
70,4610674,5,DIV.1442,DIV.1442,27
70,4610674,5,DIV.1445,DIV.1445,93
70,4610674,5,DIV.1455,DIV.1455,82
70,4610674,5,DIV.1462,"LA PRÉSENTATION DU ""FILS PRODIGUE """,299
71,4610674,6,DIV.1472,DIV.1472,103
71,4610674,6,DIV.1478,DIV.1478,328
71,4610674,6,DIV.1490,DIV.1490,61
71,4610674,6,DIV.1496,DIV.1496,127
71,4610674,6,DIV.1504,DIV.1504,120
71,4610674,6,DIV.1515,DIV.1515,64
71,4610674,6,DIV.1527,En matinée :,262
71,4610674,6,DIV.1534,En soirée :,2037
71,4610674,6,DIV.1560,Publicité,158
71,4610674,6,DIV.1569,Publicité,61
71,4610674,6,DIV.1572,TERRITOIRE INTERDIT : Drames et mystères de l'U. R. S. S. 5 par DENNIS WHEATLEY,2172
71,4610674,6,DIV.1644,Publicité,302
71,4610674,6,DIV.1655,Publicité,51
71,4610674,6,DIV.1660,Publicité,253
71,4610674,6,DIV.1665,LE TIRAGE DE LA LOTERIE MAROCAINE,272
71,4610674,6,DIV.1673,Pour la béatification d'un prêtre vendéen,122
71,4610674,6,DIV.1678,LES ÉTRENNES DU POUPON,78
71,4610674,6,DIV.1683,Publicité,4945
71,4610674,6,DIV.1721,VINCENNES : Victoire d'Idalie B dans le Prix Marcel-Lau rent,179
71,4610674,6,DIV.1729,Résultats du dimanche 30 décembre,2206
71,4610674,6,DIV.1786,NICE : Résultats du dimanche 30 décembre,1264
71,4610674,6,DIV.1827,Publicité,154
71,4610674,6,DIV.1837,LES EMISSIONS LES PLUS IMPORTANTES DE DEMAIN,240
71,4610674,6,DIV.1853,LES PRINCIPALES ÉMISSIONS DE LA JOURNÉE,1663
71,4610674,6,DIV.1896,Publicité,157
72,4610674,7,DIV.1910,CHEMINS DE FER P.-L.-M. : Places de lits-salons et de couchettes à moitié prix,191
72,4610674,7,DIV.1918,CHEMINS DE FER DE L'ETAT,87
72,4610674,7,DIV.1924,GRANDS RÉSEAUX DE CHEMINS DE FER FRANÇAIS : D'importants avantages pour vos voyages circulaires.,337
72,4610674,7,DIV.1932,SPORTS D'HIVER,381
72,4610674,7,DIV.1940,CHEMINS DE FER D'ORLEANS ET DU MIDI : Sports d'hiver en Auvergne. (Hiver 1934-1935.),248
72,4610674,7,DIV.1949,Publicité,164
72,4610674,7,DIV.1963,DIV.1963,768
72,4610674,7,DIV.1971,BUREAUX DE PLACEMENT (8 fr.),42
72,4610674,7,DIV.1976,OCCASIONS (8 fr.),97
72,4610674,7,DIV.1981,LOCATIONS NON MEUBLEES (15 fr.),108
72,4610674,7,DIV.1986,CHIENS (8 fr.),106
72,4610674,7,DIV.1992,PIANOS (8 fr.),105
72,4610674,7,DIV.2000,BIJOUX (8 fr.),174
72,4610674,7,DIV.2007,VINS (8 fr.),32
72,4610674,7,DIV.2012,CONSERVES (8 fr.),40
72,4610674,7,DIV.2017,RESTAURANTS (8 fr.),39
72,4610674,7,DIV.2022,Publicité,114
72,4610674,7,DIV.2039,DIV.2039,34
72,4610674,7,DIV.2043,Trois cloches ont été bénies hier à l'église Saint-Jean de Montmartre,82
72,4610674,7,DIV.2051,L'ÉLARGISSEMENT DE LA ROUTE DE QUARANTE-SOUS SE POURSUIT ACTIVEMENT DEPUIS QUELQUES JOURS,120
72,4610674,7,DIV.2060,Inauguration d'une église à Asnières,51
72,4610674,7,DIV.2068,LES SPORTS D'HIVER A SAINT-MORITZ,118
72,4610674,7,DIV.2077,"POUR SECOURIR LES "" SANS-LOGIS """,107
72,4610674,7,DIV.2089,Au Bon Foyer de Belleville,62
72,4610674,7,DIV.2097,Les malades de l'hospice des Enfants-Assistés ont reçu hier des jouets,86
73,4610674,8,DIV.2105,LA FÊTE DES PETITS SAVOYARDS DE PARIS,97
73,4610674,8,DIV.2113,L'ARBRE DE NOEL DES MORVANDEAUX,93
74,4614704,0,DIV.28,A LA TRIBUNE : OU VA LA NOUVELLE MAJORITÉ ?,1348
74,4614704,0,DIV.52,LE TRAITÉ DE PAIX SERA PEUT-ETRE EN VIGUEUR : LE 7 JANVIER,567
74,4614704,0,DIV.63,UN MEMBRE DU GOUVERNEMENT N'A PAS VOTÉ L'EMPRUNT,87
74,4614704,0,DIV.75,Noël Berlinois,1535
74,4614704,0,DIV.96,LE PAUVRE HOMME !,319
74,4614704,0,DIV.111,LA SEINE MONTE : LA CIRCULATION N'EST PAS TOUT A FAIT INTERROMPUE,849
74,4614704,0,DIV.146,LE RELÈVEMENT DES TARIFS ET LA POLITIQUE DES CHEMINS DE FER,2604
74,4614704,0,DIV.186,A propos d'affreux petits Boches,882
74,4614704,0,DIV.212,En attendant le pipe-line,240
74,4614704,0,DIV.225,Carleuse transformation,80
74,4614704,0,DIV.234,Etrennes utiles,148
74,4614704,0,DIV.243,DIV.243,67
74,4614704,0,DIV.246,DIV.246,43
74,4614704,0,DIV.252,VOTE DES DOUZIÈMES ET DE L'EMPRUNT,752
74,4614704,0,DIV.278,LES ÉLECTIONS SÉNATORIALES,326
74,4614704,0,DIV.290,"DES CANONS, DES MUNITIONS : ON EN A PLUS IMPORTÉ CETTE ANNÉE QU'EN 1918",488
74,4614704,0,DIV.310,LES PRIVILÉGIÉS,402
74,4614704,0,DIV.331,Annonces,206
74,4614704,0,DIV.338,Annonces,53
74,4614704,0,DIV.341,ON PREND DES MESURES,33
74,4614704,0,DIV.350,LA GRANDE LEÇON DE LA GRANDE GUERRE : LES DANGERS DU NATIONALISME,1814
74,4614704,0,DIV.374,La visite des régions libérées,261
74,4614704,0,DIV.384,LE PETIT JEU DES PORTRAITS,213
74,4614704,0,DIV.393,BANQUE FRANÇAISE POUR LE COMMERCE ET L'INDUSTRIE,242
74,4614704,0,DIV.400,LA GRÈVE A L'OPÉRA,829
75,4614704,1,DIV.418,DIV.418,52
75,4614704,1,DIV.423,BREF,80
75,4614704,1,DIV.429,LA SPÉCULATION SUR LES LOYERS,760
75,4614704,1,DIV.441,ON CHERCHE A AMÉLIORER LA CIRCULATION DANS PARIS,271
75,4614704,1,DIV.451,RÉUSSIR PAR LOUIS DE ROBERT : PREMIÈRE PARTIE,1904
75,4614704,1,DIV.485,LE REFLET PERDU,1502
75,4614704,1,DIV.509,L'ŒUVRE MÉDICALE : LA GRIPPE CHEZ LES ENFANTS,230
75,4614704,1,DIV.521,Publicité,77
75,4614704,1,DIV.528,Annonces,45
75,4614704,1,DIV.534,L'ARMÉE DU RHIN,206
75,4614704,1,DIV.544,Identification des sépultures françaises en Belgique,154
75,4614704,1,DIV.552,PETITE CHRONIQUE DE L'AVIATION : Ross Smith a-t-il changé d'appareil ?,356
75,4614704,1,DIV.563,Publicité,100
75,4614704,1,DIV.570,A L'HOTEL DE VILLE : Séance du Conseil municipal LE BUDGET DE 1920,486
75,4614704,1,DIV.582,Publicité,292
75,4614704,1,DIV.598,HIER : VINCENNES Résultats du Pari Mutuel,1100
75,4614704,1,DIV.642,"AUJOURD'HUI : A 1 heure 15, à Auteuil",1852
75,4614704,1,DIV.691,Nos pronostics :,81
75,4614704,1,DIV.702,Le Monde en l'an 2000 par Edouard BELLAMY,1983
75,4614704,1,DIV.760,DIV.760,84
75,4614704,1,DIV.764,DIV.764,82
75,4614704,1,DIV.768,DIV.768,91
75,4614704,1,DIV.771,DIV.771,34
75,4614704,1,DIV.778,DIV.778,45
75,4614704,1,DIV.781,DIV.781,80
76,4614704,2,DIV.784,DIV.784,46
76,4614704,2,DIV.787,DIV.787,67
76,4614704,2,DIV.795,DIV.795,98
76,4614704,2,DIV.798,DIV.798,254
76,4614704,2,DIV.802,DIV.802,129
76,4614704,2,DIV.805,DIV.805,71
76,4614704,2,DIV.808,DIV.808,62
76,4614704,2,DIV.817,DIV.817,67
76,4614704,2,DIV.821,DIV.821,82
76,4614704,2,DIV.826,DIV.826,38
76,4614704,2,DIV.830,Ce soir :,933
76,4614704,2,DIV.859,DIV.859,153
76,4614704,2,DIV.867,DIV.867,83
76,4614704,2,DIV.871,DIV.871,213
76,4614704,2,DIV.882,DIV.882,157
76,4614704,2,DIV.894,Le groupe sportif de l'Hôtel de Ville,954
76,4614704,2,DIV.914,Publicité,119
76,4614704,2,DIV.920,Publicité,871
76,4614704,2,DIV.944,DIV.944,44
76,4614704,2,DIV.948,Demandes d'emplois : 2 francs la ligne.,73
76,4614704,2,DIV.955,Offres d'emplois : 3 francs la ligne.,136
76,4614704,2,DIV.966,Fonds de commerce : 4 francs la ligne.,133
76,4614704,2,DIV.974,Machines : 5 francs la ligne.,32
76,4614704,2,DIV.980,Capitaux : 5 francs la ligne.,79
76,4614704,2,DIV.987,Divorces : 5 francs la ligne.,56
77,4614704,3,DIV.993,Publicité,203
77,4614704,3,DIV.1007,Publicité,95
77,4614704,3,DIV.1014,Publicité,49
77,4614704,3,DIV.1021,Publicité,82
77,4614704,3,DIV.1028,Publicité,637
77,4614704,3,DIV.1040,LA RÉPONSE A LA NOTE DE L'ENTENTE : Le Traité de Versailles entrera bientôt en vigueur,846
77,4614704,3,DIV.1063,La convocation de la Chambre ottomane,64
77,4614704,3,DIV.1071,MM. NITTl ET SCIALOJA REVENDIQUENT L'ITALIANITÉ DE FIUME ET LA SURETÉ DE L'ADRIATIQUE,2242
77,4614704,3,DIV.1123,L'EXODE DES DÉSERTEURS ITALIENS,85
77,4614704,3,DIV.1129,La Conférence de Dorpat,96
77,4614704,3,DIV.1134,M. Poincaré en Flandre,85
77,4614704,3,DIV.1143,LES ETATS-UNIS ET LA RATIFICATION : Un projet de compromis vient d'être enfin établi,243
77,4614704,3,DIV.1151,L'INTERNATIONALE DES ÉTUDIANTS,161
77,4614704,3,DIV.1157,UN MAIRE CONDAMNÉ pour intelligences avec l'ennemi,109
77,4614704,3,DIV.1163,AGENDA P.-L.-M. : Publication de luxe,266
77,4614704,3,DIV.1174,DIV.1174,5056
78,4614978,0,DIV.30,A DUSSELDORF : Une manifestation en faveur de l'autonomie rhénane provoque de graves désordres Les troupes françaises ont dû intervenir pour rétablir l'ordre,886
78,4614978,0,DIV.54,DIV.54,16
78,4614978,0,DIV.58,Argenteuil a fêté hier le millénaire de son vin,791
78,4614978,0,DIV.83,LA VICTIME,391
78,4614978,0,DIV.95,Leurs remèdes,671
78,4614978,0,DIV.107,UN TRAIN DE VOYAGEURS tamponne un train de marchandises entre Saint-Omer et Armentières : Il y aurait trois morts,142
78,4614978,0,DIV.115,Le secret professionnel des journalistes,178
78,4614978,0,DIV.123,Ce qui vient de la flûte s'en retourne au tambour,590
78,4614978,0,DIV.149,LE BEAU DIMANCHE,176
78,4614978,0,DIV.159,LE PORTEFEUILLE,22
78,4614978,0,DIV.167,M. POINCARÉ AU BOIS D'AILLY : Le Président du Conseil convient que notre tâche n'est pas terminée « Le travail de de main est plus difficile que celui que nous avons accompli. »,746
78,4614978,0,DIV.188,LE DISCOURS DE M. POINCARÉ,1322
78,4614978,0,DIV.205,Une élection dans le Var,94
78,4614978,0,DIV.210,L' augmentation des cigares de la Havane,46
78,4614978,0,DIV.215,Trois anarchistes arrêtés,206
78,4614978,0,DIV.222,Un cadavre dans un puits,179
78,4614978,0,DIV.232,A la manière du calife,1120
78,4614978,0,DIV.272,Le Japon et le Vatican,244
78,4614978,0,DIV.280,Les machinistes en grève,184
78,4614978,0,DIV.289,Le Congrès de la Natalité,486
78,4614978,0,DIV.301,DIV.301,32
78,4614978,0,DIV.309,Les cérémonies patriotiques d'hier,1685
78,4614978,0,DIV.343,M. Chéron dans son fief,294
78,4614978,0,DIV.351,"Les Bons du Trésor 6 0/0 à trois, six ou dix ans",377
78,4614978,0,DIV.358,Mort de M. Joseph Ruau,174
79,4614978,1,DIV.364,UN AVION CAPOTE,121
79,4614978,1,DIV.369,Le meurtre de l'abbé Hans,94
79,4614978,1,DIV.375,BREF,191
79,4614978,1,DIV.385,NOTRE OPINION : La Conférence impériale britannique,1145
79,4614978,1,DIV.410,LE CONFLIT ITALO-YOUGOSLAVE : Le problème de Fiume serait bientôt résolu,385
79,4614978,1,DIV.422,Que fait à Rome le général de Castelnau ?,75
79,4614978,1,DIV.427,2.000 communistes bulgares ont été tués,125
79,4614978,1,DIV.434,Un mouvement communiste en Roumanie,134
79,4614978,1,DIV.440,André Farago a été arrêté à Budapest,141
79,4614978,1,DIV.446,LA SITUATION EN ALLEMAGNE : Les difficultés de M. Stresemann,844
79,4614978,1,DIV.467,Le brouillard provoque des sinistres dans la Manche,336
79,4614978,1,DIV.478,LES INCIDENTS DE DUSSELDORF : De hauts fonctionnaires sont arrêtés,395
79,4614978,1,DIV.494,Publicité,254
79,4614978,1,DIV.505,L'OPINION ÉTRANGÈRE : L' Allemagne a perdu son équilibre moral,496
79,4614978,1,DIV.517,"Primo de Rivera veut "" renouveler "" le parlement espagnol",166
79,4614978,1,DIV.525,Les prévisions météorologiques,62
79,4614978,1,DIV.532,DIV.532,23
79,4614978,1,DIV.539,Publicité,62
79,4614978,1,DIV.543,Publicité,99
79,4614978,1,DIV.557,Publicité,138
79,4614978,1,DIV.563,Publicité,195
79,4614978,1,DIV.574,ATHLETISME : Le champion finlandais Paavo Nurmi a fait hier une magistrale exhibition CERBONNAY A BATTU LE RECORD FRANÇAIS DES 300 MÈTRES,1622
79,4614978,1,DIV.620,Le champion norvégien Hoff triomphe à Prague,355
79,4614978,1,DIV.629,Des Stades sont inaugurés,226
79,4614978,1,DIV.642,"BOXE : Georges Carpentier rencontrera ce soir, à l'Olympique de Londres, son adversaire Beckett",418
80,4614978,2,DIV.651,AUTOMOBILE : Le circuit des routes pavées,1588
80,4614978,2,DIV.680,Publicité,49
80,4614978,2,DIV.691,Le Belge Emile Masson a triomphé dans le Circuit de l'Ile-de-France,302
80,4614978,2,DIV.703,Grassin gagne au Parc des Princes,495
80,4614978,2,DIV.718,Pistes françaises,366
80,4614978,2,DIV.726,"Le champion du monde Moeskops a gagné le, Grand Prix de l'U. V. F.",823
80,4614978,2,DIV.736,FOOTBALL-RUGBY : Les ténors méridionaux commencent leur campagne,271
80,4614978,2,DIV.750,FOOTBALL-ASSOCIATION,505
80,4614978,2,DIV.769,Les avances du Trésor français aux pays de la Petite Entente,1457
80,4614978,2,DIV.784,Marché de Paris,528
80,4614978,2,DIV.799,Les changes de la semaine,626
80,4614978,2,DIV.811,L'activé des ports français,229
80,4614978,2,DIV.817,Le coût des guerres,366
80,4614978,2,DIV.827,UN PEU PARTOUT,214
80,4614978,2,DIV.834,Publicité,440
80,4614978,2,DIV.845,"Hier, à Longchamp",449
80,4614978,2,DIV.857,Résultats du pari mutuel,1631
80,4614978,2,DIV.906,Partants et montes probables,2900
80,4614978,2,DIV.930,Nos pronostics,93
80,4614978,2,DIV.938,ETUDES CHEZ SOI,164
80,4614978,2,DIV.945,NOTEZ CECI :,299
80,4614978,2,DIV.954,Publicité,113
80,4614978,2,DIV.964,A L'AVANT - SCÈNE,1027
80,4614978,2,DIV.990,DERRIÈRE L'ÉCRAN,321
80,4614978,2,DIV.1011,DIV.1011,159
81,4614978,3,DIV.1016,DIV.1016,29
81,4614978,3,DIV.1019,DIV.1019,96
81,4614978,3,DIV.1024,DIV.1024,504
81,4614978,3,DIV.1031,DIV.1031,97
81,4614978,3,DIV.1037,DIV.1037,229
81,4614978,3,DIV.1043,DIV.1043,376
81,4614978,3,DIV.1047,ATTRACTIONS,103
81,4614978,3,DIV.1052,FILMS,75
81,4614978,3,DIV.1060,DIV.1060,605
81,4614978,3,DIV.1077,DIV.1077,392
81,4614978,3,DIV.1087,DIV.1087,471
81,4614978,3,DIV.1099,Attention aux pickpockets,55
81,4614978,3,DIV.1104,Les désespérés,73
81,4614978,3,DIV.1109,Les cambriolages,85
81,4614978,3,DIV.1116,Un train déraille,78
81,4614978,3,DIV.1121,CONCERTS PAR T. S. F.,660
81,4614978,3,DIV.1135,Publicité,275
81,4614978,3,DIV.1147,Publicité,542
81,4614978,3,DIV.1168,DIV.1168,172
81,4614978,3,DIV.1189,DIV.1189,342
81,4614978,3,DIV.1203,DIV.1203,29
81,4614978,3,DIV.1207,Publicité,195
81,4614978,3,DIV.1212,Annonces,43
82,4617451,0,DIV.33,AU PETIT BONHEUR LA CHANCE : LOTERIE DE THÉMIS,1732
82,4617451,0,DIV.55,DIV.55,56
82,4617451,0,DIV.68,"L'intransigeance socialiste a obligé, hier, M. Edouard Harriot à donner sa démission de maire de Lyon",888
82,4617451,0,DIV.97,"L'élection législative de Lyon : M. Odoux, socialiste, est élu",300
82,4617451,0,DIV.111,L'équipe italienne Linari-Dinale a gagné les Six Jours de Paris,377
82,4617451,0,DIV.127,DONT ACTE,80
82,4617451,0,DIV.138,Trois observations,584
82,4617451,0,DIV.155,L'Univers dans un jardin,165
82,4617451,0,DIV.164,"Dans un hôpital, un malade tire sur l'aumônier",92
82,4617451,0,DIV.169,Le Sénat a siégé hier et cette nuit pour discuter la loi de Finances : UN GRAND DISCOURS DE M. JOSEPH CAILLAUX,2121
82,4617451,0,DIV.224,UN VIOLENT INCENDIE détruit en partie les centraux téléphoniques «Carnot» et «Wagram»,1277
82,4617451,0,DIV.266,"ON A INAUGURÉ HIER 19, rue Clauzel une plaque en l'honneur de Guy de Maupassant",998
82,4617451,0,DIV.287,"Le directeur de l' Ambigu retire de l'affiche "" L'Affaire Dreyfus """,824
82,4617451,0,DIV.305,L'échec de la grève des mines : La Fédération unitaire projette quand même pour aujourd'hui une « démonstration »,847
82,4617451,0,DIV.329,Un avion de tourisme s'abat près de Lyon : Le pilote et le passager sont tués,132
82,4617451,0,DIV.337,Le feu dans un cinéma,122
82,4617451,0,DIV.346,""" Urbi et Orbi """,1182
82,4617451,0,DIV.367,Un phénomène,138
82,4617451,0,DIV.375,Vie chère,189
82,4617451,0,DIV.384,Un cortège de reines a parcouru Paris,194
82,4617451,0,DIV.391,DES ÉCRITEAUX,38
82,4617451,0,DIV.400,"On répète "" Le feu """,422
82,4617451,0,DIV.417,A Maisons-Laffitte trois passantes sont attaqués et dévalisées par des bandits en auto,275
82,4617451,0,DIV.424,Le jeune Anglais disparue d'une clinique de Saint-cloud s' était suicidé : On retrouve son corps au barrage de Suresnes,174
82,4617451,0,DIV.432,Un ouvrier cimentier est blessé dans des circonstances mystérieuse,151
83,4617451,1,DIV.439,BREF,66
83,4617451,1,DIV.446,LE CIEL,55
83,4617451,1,DIV.454,"L'approche des élections municipales ramène l'agitation à Madrid : ""Le sang et les événements décembre ont séparé l'Espagne de son roi"" dit Unamuno",604
83,4617451,1,DIV.472,Unions républicaines,701
83,4617451,1,DIV.495,Le maréchal Pilsudski est rentré en Pologne,156
83,4617451,1,DIV.503,Protestation contre un projet de restriction de la liberté de la presse en Roumanie,110
83,4617451,1,DIV.509,AUX INDES ANGLAISES : Les rebelles birmans ont repris les armes,118
83,4617451,1,DIV.516,Le Sénat italien s'est ajourne,56
83,4617451,1,DIV.521,POTINS,22
83,4617451,1,DIV.529,Commentaires étrangers sur le discours de M. Briand au Sénat et le projet austro-allemand de Zollverein,1747
83,4617451,1,DIV.565,Le gouvernement de Prague envisagerait une union douanière des Etats de la Petite Entente,273
83,4617451,1,DIV.572,"Une journée bien remplie au Concours Hippique : Juniors, officiers et attelages commerciaux",894
83,4617451,1,DIV.602,La Russie et la commission européenne,209
83,4617451,1,DIV.609,Annonces,13
83,4617451,1,DIV.612,Un discours de l'ambassadeur d'Allemagne sur les échanges commerciaux franco-allemands,580
83,4617451,1,DIV.621,A PROPOS DE LA SYPHILIS,294
83,4617451,1,DIV.627,"Le ""Graf-Zeppelin"" a dû interrompre son vol",136
83,4617451,1,DIV.634,On retrouve des débris de l'avion militaire tombé dans la Manche,108
83,4617451,1,DIV.640,La Conférence internationale du blé,41
83,4617451,1,DIV.645,LA SÉANCE DE NUIT,93
83,4617451,1,DIV.652,A la Commission des Finances de la Chambre,73
83,4617451,1,DIV.658,M.. Billiet ne veut pas se compromettre avec M. Taittinger,624
83,4617451,1,DIV.676,Le retour de l'aviatrice Amy Johnson,74
83,4617451,1,DIV.685,La réorganisation du service téléphonique en banlieue,906
83,4617451,1,DIV.709,L'administration ne doit pas transformer ses agents en bourreaux,395
84,4617451,2,DIV.718,UN AMATEUR ÉCLAIRÉ,54
84,4617451,2,DIV.727,Le dimanche politique : M. Marchandeau dans l'Eure,293
84,4617451,2,DIV.736,M. Ricolfi dans les Alpes-Maritimes,192
84,4617451,2,DIV.742,Les socialistes sabotent une conférence de M. Viollette,147
84,4617451,2,DIV.749,"LES BONNES FEUILLES : Les ""Colonies Françaises""",625
84,4617451,2,DIV.762,M. DUCOS rapporteur du budget de l'Instruction Publique a fait à Lille une conférence sur J. Ferry et sur l' école unique,1011
84,4617451,2,DIV.777,LES ARTS : Expositions diverses,832
84,4617451,2,DIV.788,Annonces,20
84,4617451,2,DIV.795,BALLE AU PANIER : L'équipe de Paris bat celle du Nord,440
84,4617451,2,DIV.811,AUTOMOBILE : Le VIIIe Meeting de Saint-Lô,361
84,4617451,2,DIV.826,BALLON ROND : Le Club Français s'est qualifié pour les demi-finales de la Coupe de France,1418
84,4617451,2,DIV.865,L'OPINION DU PUBLIC,35
84,4617451,2,DIV.874,BALLON OVALE : Le Ricing bat le C.A.S.G. et devient champion de Paris,370
84,4617451,2,DIV.892,COURSE A PIED,194
84,4617451,2,DIV.901,"CYCLISME : Chapman, l'impresario américain, va un peu vite",166
84,4617451,2,DIV.912,CROSS-COUNTRY : L'A.C. de l'Ouest et Le Roux vainqueurs à Clamart,311
84,4617451,2,DIV.922,BOXE : Au Central,108
84,4617451,2,DIV.933,Le Congrès international des professeurs de langues vivantes sera inauguré demain,269
84,4617451,2,DIV.943,L'aviateur Dubourdieu bat deux records avec charge,233
84,4617451,2,DIV.950,Annonces,43
84,4617451,2,DIV.956,LA PAIX Par ERNST GLAESER Traduit de l'allemand par Joseph Delage et G. Knoertzer,1851
84,4617451,2,DIV.1015,Pour faire de «l'école unique» une réalité,840
84,4617451,2,DIV.1036,Un bureau de poste est cambriolé dans la Marne,121
84,4617451,2,DIV.1042,L'enquête sur une mort suspecte à Toulon,188
84,4617451,2,DIV.1052,Habitations à bon marché,246
85,4617451,3,DIV.1063,Une idée pacifiste,282
85,4617451,3,DIV.1075,Les carrefours dangereux,284
85,4617451,3,DIV.1083,Le surmenage sco'aire et le point de vue du philosophe,486
85,4617451,3,DIV.1097,HIER A AUTEUIL : Résultats du Pari Mutuel,1579
85,4617451,3,DIV.1143,AUJOURD'HUI A SAINT-CLOUD,112
85,4617451,3,DIV.1152,On peut enfin respirer à Cassis !,207
85,4617451,3,DIV.1159,Un remisier de Caen fait un krach de cinq millions,61
85,4617451,3,DIV.1168,A PARIS,191
85,4617451,3,DIV.1182,DANS LE GRAND PARIS,172
85,4617451,3,DIV.1194,DANS LES DEPARTEMENTS,304
85,4617451,3,DIV.1208,Pour la revision du procès Nourrie et Duquesne,153
85,4617451,3,DIV.1213,"Une Australienne se tue volontairement en automobile, près d'Eze-sur-Mer",119
85,4617451,3,DIV.1219,DIV.1219,15
85,4617451,3,DIV.1225,"La Vie Sociale : Le Conseil, fédéral des cheminots",232
85,4617451,3,DIV.1233,Comment fonctionnent les assurances sociales : QUESTIONS ET RÉPONSES,1266
85,4617451,3,DIV.1246,LYCÉES DE JEUNES FILLES DE PARIS : Agrandissements ou créations?,1453
85,4617451,3,DIV.1262,Annonces,13
85,4617451,3,DIV.1268,RÉPÉTITION GÉNÉRALE AUX FOLIES-WAGRAM : Sans Tambour ni Trompette Opérette en 3 actes et 4 tableaux de MM. Pierre Veber et Henri de Gorsse Musique de M. Henri Casadesus,962
85,4617451,3,DIV.1281,AVANT-PREMIÈRES,495
85,4617451,3,DIV.1299,DIV.1299,125
85,4617451,3,DIV.1312,DIV.1312,40
85,4617451,3,DIV.1319,GENERALES ET PREMIERES,270
85,4617451,3,DIV.1329,DIV.1329,420
85,4617451,3,DIV.1337,DIV.1337,625
85,4617451,3,DIV.1350,MUSIC-HALLS CABARETS et ATTRACTIONS,362
86,4617451,4,DIV.1370,DIV.1370,311
86,4617451,4,DIV.1378,CINÉMAS,160
86,4617451,4,DIV.1387,PROGRAMME DES CINEMAS,98
86,4617451,4,DIV.1396,DIV.1396,40
86,4617451,4,DIV.1403,DIV.1403,126
86,4617451,4,DIV.1411,Cet après-midi :,25
86,4617451,4,DIV.1416,Ce soir :,1233
86,4617451,4,DIV.1458,Une manifestation républicaine à Tours,80
86,4617451,4,DIV.1465,Annonces,92
86,4617451,4,DIV.1469,Annonces,154
86,4617451,4,DIV.1477,Les tendances générales,2848
86,4617451,4,DIV.1553,DIV.1553,104
86,4617451,4,DIV.1557,AUJOURD'HUI,1392
86,4617451,4,DIV.1578,DEMAIN,1141
86,4617451,4,DIV.1599,Publicité,60
86,4617451,4,DIV.1602,Publicité,57
86,4617451,4,DIV.1607,Cours & Conférences,53
86,4617451,4,DIV.1612,Annonces,45
86,4617451,4,DIV.1616,Publicité,146
86,4617451,4,DIV.1627,Publicité,26
86,4617451,4,DIV.1631,Publicité,153
86,4617451,4,DIV.1640,Publicité,229
86,4617451,4,DIV.1661,Publicité,1106
86,4617451,4,DIV.1686,La Ligue internationale contre l'antisémitisme n'ira pas au meeting des « Croix de Feu »,206
86,4617451,4,DIV.1696,Publicité,424
87,4626819,0,DIV.40,L'Année qui disparaît,2592
87,4626819,0,DIV.83,"La Coupe de Dion : 11,000 kilomètres avec classement par équipes Les idées du Marquis de Dion. — Trois voitures par marque. — Classement de régularité. — Réparations par les moyens du bord.—Remise de l'épreuve à l'Automobile Club de France.",726
87,4626819,0,DIV.114,DIV.114,148
87,4626819,0,DIV.118,DIV.118,186
87,4626819,0,DIV.124,DIV.124,191
87,4626819,0,DIV.130,DIV.130,247
87,4626819,0,DIV.139,Un Sportsman et Écrivain Danois.,522
87,4626819,0,DIV.155,NOEL GAI : Les Arbres de Noël,591
87,4626819,0,DIV.202,AU VELODROME D'HIVER : Cissac contre Champoiseau HALL-BRUNI-LINTON,927
87,4626819,0,DIV.222,"LES CANOTS AUTOMOBILES : Le Meeting de Monaco (Deuxième année) 108,000 francs de Prix Organisé par l International Sporting Club Avec le concours de l'AUTO La Clôture des engagements",183
87,4626819,0,DIV.235,DIV.235,2336
87,4626819,0,DIV.303,L'OPINION A L'ÉTRANGER,1524
87,4626819,0,DIV.360,Le Téléphone au Circuit d'Auvergne,56
87,4626819,0,DIV.365,Les défis pour la Coupe,102
87,4626819,0,DIV.379,Les trains spéciaux de « l'Auto »,185
87,4626819,0,DIV.391,"Les 100,000 francs de « l'Auto » et la presse",1651
87,4626819,0,DIV.443,Annonces,95
87,4626819,0,DIV.453,DIV.453,47
87,4626819,0,DIV.456,DIV.456,91
87,4626819,0,DIV.461,DIV.461,149
87,4626819,0,DIV.474,DIV.474,615
87,4626819,0,DIV.488,DIV.488,50
87,4626819,0,DIV.496,DIV.496,25
87,4626819,0,DIV.501,DIV.501,262
87,4626819,0,DIV.511,DIV.511,78
88,4626819,1,DIV.518,DIV.518,85
88,4626819,1,DIV.527,DIV.527,48
88,4626819,1,DIV.530,DIV.530,33
88,4626819,1,DIV.533,DIV.533,50
88,4626819,1,DIV.538,DIV.538,163
88,4626819,1,DIV.545,DIV.545,40
88,4626819,1,DIV.548,DIV.548,104
88,4626819,1,DIV.555,DIV.555,138
88,4626819,1,DIV.561,DIV.561,116
88,4626819,1,DIV.566,DIV.566,38
88,4626819,1,DIV.569,DIV.569,236
88,4626819,1,DIV.572,DIV.572,220
88,4626819,1,DIV.576,DIV.576,43
88,4626819,1,DIV.580,DIV.580,64
88,4626819,1,DIV.583,DIV.583,646
88,4626819,1,DIV.602,DIV.602,46
88,4626819,1,DIV.606,DIV.606,46
88,4626819,1,DIV.610,DIV.610,46
88,4626819,1,DIV.613,DIV.613,65
88,4626819,1,DIV.618,DIV.618,95
88,4626819,1,DIV.623,DIV.623,55
88,4626819,1,DIV.626,DIV.626,62
88,4626819,1,DIV.630,DIV.630,72
88,4626819,1,DIV.634,DIV.634,90
88,4626819,1,DIV.637,DIV.637,47
89,4626819,2,DIV.640,DIV.640,39
89,4626819,2,DIV.645,DIV.645,67
89,4626819,2,DIV.648,DIV.648,56
89,4626819,2,DIV.651,DIV.651,39
89,4626819,2,DIV.654,DIV.654,39
89,4626819,2,DIV.657,DIV.657,58
89,4626819,2,DIV.660,DIV.660,51
89,4626819,2,DIV.664,DIV.664,80
89,4626819,2,DIV.668,DIV.668,82
89,4626819,2,DIV.672,DIV.672,241
89,4626819,2,DIV.676,DIV.676,33
89,4626819,2,DIV.679,DIV.679,206
89,4626819,2,DIV.682,DIV.682,51
89,4626819,2,DIV.686,DIV.686,56
89,4626819,2,DIV.689,DIV.689,144
89,4626819,2,DIV.706,DIV.706,62
89,4626819,2,DIV.709,DIV.709,63
89,4626819,2,DIV.712,DIV.712,69
89,4626819,2,DIV.717,DIV.717,28
89,4626819,2,DIV.720,DIV.720,49
89,4626819,2,DIV.724,DIV.724,136
89,4626819,2,DIV.731,DIV.731,59
89,4626819,2,DIV.735,DIV.735,264
89,4626819,2,DIV.738,DIV.738,43
89,4626819,2,DIV.741,DIV.741,67
90,4626819,3,DIV.744,DIV.744,42
90,4626819,3,DIV.747,DIV.747,52
90,4626819,3,DIV.751,DIV.751,67
90,4626819,3,DIV.755,DIV.755,54
90,4626819,3,DIV.760,DIV.760,31
90,4626819,3,DIV.763,DIV.763,65
90,4626819,3,DIV.766,DIV.766,57
90,4626819,3,DIV.769,DIV.769,61
90,4626819,3,DIV.773,Publicité,73
90,4626819,3,DIV.779,Publicité,51
90,4626819,3,DIV.786,CONSTRUCTEURS FOURNITURES POUR CYCLES ET AUTOS,74
90,4626819,3,DIV.792,DÉPARTEMENTS,637
90,4626819,3,DIV.814,Publicité,160
90,4626819,3,DIV.825,Publicité,164
90,4626819,3,DIV.847,Publicité,348
90,4626819,3,DIV.866,LES AUDAX,374
90,4626819,3,DIV.890,La Culture Physique,250
90,4626819,3,DIV.897,DIV.897,40
90,4626819,3,DIV.900,Publicité,36
90,4626819,3,DIV.905,« L'ÉCHO DES SPORTS »,338
90,4626819,3,DIV.914,Publicité,35
90,4626819,3,DIV.920,UN PEU DE STATISTIQUE,1535
90,4626819,3,DIV.953,NOS CHAUFFEURS : Leurs Impressions de Vitesse XXI. — GABRIEL,357
90,4626819,3,DIV.969,POUR LA COUPE,86
90,4626819,3,DIV.975,UN CHAUFFEUR PAR JOUR : The Hon. C. S. ROLLS,421
91,4626819,4,DIV.994,DELHI-BOMBAY,110
91,4626819,4,DIV.999,D'un nouveau mode de classement dans les courses par Équipes,1081
91,4626819,4,DIV.1031,LA COUPE DE MALGLAIVE : Au cœur du Désert,912
91,4626819,4,DIV.1052,LA COUPE GLIDDEN,159
91,4626819,4,DIV.1061,LA SOUSCRIPTION CORMIER,296
91,4626819,4,DIV.1075,Les 500 Mètres en Côte de la « Provence Sportive » : 19 mars 1905 — Deuxième année,324
91,4626819,4,DIV.1087,""" L'AUTO "" A BRUXELLES : Le IVe Salon Belge",588
91,4626819,4,DIV.1105,AVANTAGES MUTUELS,61
91,4626819,4,DIV.1110,DEMANDES DE CATALOGUES,967
91,4626819,4,DIV.1116,Les Voyageurs de l'Automobile et du Cycle,234
91,4626819,4,DIV.1127,""" L'AUTO "" A LYON",430
91,4626819,4,DIV.1146,AU VÉLODROME D'HIVER,495
91,4626819,4,DIV.1158,NOUVELLES DIVERSES,557
91,4626819,4,DIV.1180,CARNET DU JOUR,777
91,4626819,4,DIV.1224,LES RAPPORTS DES COMMISSIONS D'ÉTUDES,1413
91,4626819,4,DIV.1263,U. V. F. : (Union Vélocipédique de France),630
91,4626819,4,DIV.1278,U.S.F.S.A. : (Union des Sociétés Françaises de Sports Athlétiques),109
91,4626819,4,DIV.1286,F. C.A.F. : (Fédération Cycliste des Amateurs Français),305
91,4626819,4,DIV.1298,AUTRES SOCIÉTÉS,544
91,4626819,4,DIV.1313,A TRAVERS LES SPORTS,798
91,4626819,4,DIV.1338,POIDS ET HALTÈRES,1214
91,4626819,4,DIV.1399,DIV.1399,525
91,4626819,4,DIV.1420,Championnat International d'Epée (Amateurs) : Suite du Réglement,548
91,4626819,4,DIV.1441,DIV.1441,1336
91,4626819,4,DIV.1477,Publicité,58
92,4626819,5,DIV.1480,PETITE CORRESPONDANCE,174
92,4626819,5,DIV.1491,Deux nouveautés intéressantes des Ateliers de construction Gautreau : UNE MANIVELLE ET UN CARBURATEUR,2650
92,4626819,5,DIV.1549,Les grandes Équipes de Rugby : Le Racing Club de France,1415
92,4626819,5,DIV.1570,ASSEMBLÉE GÉNÉRALE DE L'U.S.F.S.A.,64
92,4626819,5,DIV.1579,Championnat d'Algérie (U.S.F.S.A.),104
92,4626819,5,DIV.1584,Les Corinthians en Amérique,57
92,4626819,5,DIV.1589,Au Comité de la Côte d'Azur,424
92,4626819,5,DIV.1610,Championnats du Sud-Est (U.S.F.S.A.),529
92,4626819,5,DIV.1634,Les Matches du Jour de l'An,2895
92,4626819,5,DIV.1733,En vue du « Cross-National » (U.S.F.S.A.) : Un nouveau projet,353
92,4626819,5,DIV.1753,Le Challenge Desavis,50
92,4626819,5,DIV.1759,L'engagement officiel de l'équipe tenante,879
92,4626819,5,DIV.1791,L'Interclubs de l'U.A.C. (U.S.F.S.A.),297
92,4626819,5,DIV.1809,Critérium d'Hiver de l'Union Athlétique de Paris,236
92,4626819,5,DIV.1817,Critérium Interclubs du S.C. Français (F.C.A.F. et Indépendants),180
92,4626819,5,DIV.1824,L'interclubs d'Arras (U.S.F.S.A.),135
92,4626819,5,DIV.1830,Les Réunions du Jour de l'An,849
92,4626819,5,DIV.1874,Bristol Wanderers contre Racing,135
92,4626819,5,DIV.1880,Une équipe militaire à Alger,78
92,4626819,5,DIV.1885,L'Entraînement du Jour de l'An,276
92,4626819,5,DIV.1896,Publicité,109
92,4626819,5,DIV.1916,Le Challenge Lemonnier (U.S.F.S.A.),554
92,4626819,5,DIV.1942,Record du Sud-Ouest (F.S.A.F.),122
92,4626819,5,DIV.1947,L'Entraînement d'Aujourd'hui : F.S.A.F.,74
92,4626819,5,DIV.1953,L'Entraînement da Jour de l'An : U.S.F.S.A.,113
93,4626819,6,DIV.1961,Réunions à venir,93
93,4626819,6,DIV.1967,Publicité,55
93,4626819,6,DIV.1979,Le Tournoi du T.C.P.,249
93,4626819,6,DIV.1995,L'Entraînement : U.S.F.S.A.,67
93,4626819,6,DIV.2001,Publicité,124
93,4626819,6,DIV.2013,L'Entrainement du Jour de l'An,33
93,4626819,6,DIV.2018,Publicité,86
93,4626819,6,DIV.2033,L'Entraînement d'Aujourd'hui,61
93,4626819,6,DIV.2043,INFORMATIONS,1630
93,4626819,6,DIV.2099,Publicité,51
93,4626819,6,DIV.2105,Publicité,38
93,4626819,6,DIV.2112,Petites Nouvelles Athlétiques,1650
93,4626819,6,DIV.2152,Annonces,96
93,4626819,6,DIV.2160,Publicité,44
93,4626819,6,DIV.2166,Publicité,210
93,4626819,6,DIV.2175,Publicité,68
93,4626819,6,DIV.2180,Publicité,63
93,4626819,6,DIV.2186,Publicité,145
93,4626819,6,DIV.2192,Publicité,140
93,4626819,6,DIV.2200,Publicité,88
93,4626819,6,DIV.2206,Publicité,569
93,4626819,6,DIV.2236,Publicité,505
93,4626819,6,DIV.2254,Publicité,84
93,4626819,6,DIV.2262,Publicité,185
94,4629483,0,DIV.35,17 — 11 = 6 : Par Henri DESGRANGE,1754
94,4629483,0,DIV.85,ON A INAUGURE HIER... : Le second choix d'œuvres d'art pour les Jeux de Berlin Une exposition où n'apparaît point un sérieux espoir olympique,225
94,4629483,0,DIV.99,DIV.99,35
94,4629483,0,DIV.105,DIV.105,86
94,4629483,0,DIV.112,DIV.112,73
94,4629483,0,DIV.118,LA MOTO MAGNAT-DEBON est victorieuse dans Paris-Nice et bat 2 records à la course de côte de St-Eutrope,298
94,4629483,0,DIV.127,"VERS UN RENOUVEAU ?... : 250 Universitaires sur un stade Tel est le beau résultat obtenu dimanche au stade Pershing, par l'Association des Etudiants en pharmacie au cours du Challenge du Nombre qu'elle organisait",818
94,4629483,0,DIV.147,ON ANNONCE QUE...,48
94,4629483,0,DIV.152,Publicité,27
94,4629483,0,DIV.158,DIV.158,108
94,4629483,0,DIV.166,RETOUR RATÉ ! : La Fédération Française de Natation a pris connaissance de la lettre de Jacques Cartonnet ... Hélas ! il ne s'agissait pas de propositions de paix mais d'un véritable ultimatum ...Et l'incorrigible Cartonnet reste suspendu !,1084
94,4629483,0,DIV.206,"UN ÉVÉNEMENT INDUSTRIEL : La "" Simcacing "" est sortie 90 à l'heure, 5 litres aux 100 kilomètres",2192
94,4629483,0,DIV.245,"CHEZ LES « GENS DE LETTRES » : « Il faut être sportif... et le rester » déclare M. Jean Vignaud qui fut élu, hier, président de la Société des Gens de Lettres",604
94,4629483,0,DIV.264,Le programme du meeting de Paris-Nice,196
94,4629483,0,DIV.275,Roulez en musique,35
94,4629483,0,DIV.280,Le règlement du Grand Prix de Tunisie vient de paraître,364
94,4629483,0,DIV.296,Les épreuves à venir,162
94,4629483,0,DIV.304,COMMENT LE MECANO DUBOULON A GAGNE A LA LOTERIE,199
94,4629483,0,DIV.312,Wimille et Sommer courront à la Turbie,130
94,4629483,0,DIV.319,Une incidence de l'essence trop chère sur l'agriculture,495
94,4629483,0,DIV.328,Clubs et Associations,374
94,4629483,0,DIV.338,La F.F.S.F. doit se dissoudre un autre jour que le 26 avril! : Mlles Cherrer et Gagneux ont été entendues par le bureau de la F.F.A.,603
94,4629483,0,DIV.355,BASKET-BALL,351
94,4629483,0,DIV.371,CROSS-COUNTRY : Le Cross d'Academia,51
94,4629483,0,DIV.377,NATATION : A la F.F.F.G.E.P.,425
95,4629483,1,DIV.393,Les Coupes et Challenges de Paris-Nice,657
95,4629483,1,DIV.425,Publicité,111
95,4629483,1,DIV.431,Publicité,100
95,4629483,1,DIV.436,Publicité,98
95,4629483,1,DIV.446,Un cancan,89
95,4629483,1,DIV.452,Le Grand Prix de Barcelone aura lieu le 26 avril,254
95,4629483,1,DIV.461,Le moto-ball : Le Championnat de France,38
95,4629483,1,DIV.467,Epreuves à venir,272
95,4629483,1,DIV.476,CYCLISME : Charlier-Slaats tout seuls en tête aux Six Jours d'Amsterdam L'équipe française Dicit-Ignat se rapproche,400
95,4629483,1,DIV.491,LE 2e PRIX SAINT-MARTIN (S.F.E.B.) Tournoi professionnel handicap à la partie par la rouge,329
95,4629483,1,DIV.499,"GABRIELS, MOONS ET SWEERING QUALIFIES POUR LE TITRE MONDIAL AMATEUR AU CADRE DE 45 2",451
95,4629483,1,DIV.507,La XIIe Foire Commerciale de Lille s'ouvre le 4 avril,197
95,4629483,1,DIV.515,Editions Hachette : LES MUTINES DE L'ELSENEUR par Jack London,119
95,4629483,1,DIV.522,Le Monde et le Sport,126
95,4629483,1,DIV.528,MON PETIT CONTE : RICHELIEU au siège de La Rochelle,412
95,4629483,1,DIV.545,LES CONTES DE L'Auto : LE BEAU VOYAGE par Robert DIEDONNE,1469
95,4629483,1,DIV.605,Le second choix d'œuvres d'art pour le Concours Olympique de Berlin : (Suite de notre article de première page),545
95,4629483,1,DIV.622,Un cancan,99
95,4629483,1,DIV.629,LA PREMIERE TRAVERSEE TRANSATLANTIQUE DU DIRIGEABLE « HINDENBURG »,75
95,4629483,1,DIV.634,Nouvelles diverses,861
95,4629483,1,DIV.655,APRÈS LE CRITÉRIUM NATIONAL : Nos champions de la route sont ils ... en sucre ? Où l'on constate que nos vedettes ne savent plus lutter contre la pluie,1667
95,4629483,1,DIV.704,"SAMEDI - DIMANCHE : La "" Nuit de Paris "" ou six nuits en une Un spectacle copieux et varié où l'on verra les vedettes de la chanson, sur le ring, au milieu des as de la pédale",1109
95,4629483,1,DIV.733,Ce soir : clôture d'engagements pour...,303
95,4629483,1,DIV.745,ALERTE AU VÉLO ! : Mobilisation générale Armée — Corps d'armée — Unités Unités diverses,561
95,4629483,1,DIV.762,Le référendum de Byrrh pour le « Car des As » dans le Tour de France,239
96,4629483,2,DIV.774,Près de cent routiers de valeur sont inscrits pour le 22e Paris-Caen : (5 avril. — Organisé par l'Auto et le Journal de Caen),655
96,4629483,2,DIV.786,"Les engagements sont ouverts pour le 28e Paris-Bruxelles (19 avril — Organisé par le Soir, de Bruxelles, avec le concours de l'Auto",297
96,4629483,2,DIV.797,Le Premier Pas Dunlop : L'éliminatoire de Carcassonne,159
96,4629483,2,DIV.804,Le 37' Paris-Roubaix : TROPHEE DURALUMIN (12 avril. Organisé par l'Auto),365
96,4629483,2,DIV.819,Le. Prix du Sprinter Français organisé par les vélodromes avec le concours des Etablissements Pernod : Dimanche prochain première éliminatoire à Tours,304
96,4629483,2,DIV.831,"Les Etoiles de la Suie (Du 5 avril au 7 juin) : Demain soir, clôture des engagements à l'Auto, pour l'Etoile de Paris",306
96,4629483,2,DIV.842,Publicité,248
96,4629483,2,DIV.857,« Je suis à la disposition d'Olmo ! » : s'écrie Maurice Richard,541
96,4629483,2,DIV.870,VISITES A « L'AUTO » : Le tandem Chocque-Evrard,698
96,4629483,2,DIV.896,Le champion olympique et du Chocolat Menier Le Nizhery pourrait-il battre le record de l'heure ?,455
96,4629483,2,DIV.910,Derniers échos de Paris-Nice,160
96,4629483,2,DIV.920,SUR ROUTE : EN FRANCE,109
96,4629483,2,DIV.927,SUR PISTE,449
96,4629483,2,DIV.939,Echos des Pistes et de la Route,407
96,4629483,2,DIV.958,Les enseignements du Critérium français Cinzano,706
96,4629483,2,DIV.975,Publicité,160
96,4629483,2,DIV.982,La Basse-Seine peut se montrer fière de sa victoire,634
96,4629483,2,DIV.992,LES CHAMPIONNATS DES ETATS-UNIS INTERUNIVERSITES,256
96,4629483,2,DIV.1005,LA REUNION DE L'A S. DU MINISTERE DE L'AIR,148
96,4629483,2,DIV.1011,"VAN WATERLOO, PRESIDENT DES ENFANTS DE NEPTUNE EST MORT",136
96,4629483,2,DIV.1018,LES ENFANTS DE NEPTUNE DE TOURCOING SE SONT DISTINGUES,832
96,4629483,2,DIV.1032,. NOUVELLES DIVERSES,30
96,4629483,2,DIV.1037,Publicité,134
96,4629483,2,DIV.1053,Au Beau-Site de Cannes F.-J. Perry et Mme R. Mathieu furent les meilleurs,701
96,4629483,2,DIV.1071,Publicité,39
97,4629483,3,DIV.1079,LA COUPE DAVIS : Voici trois des joueurs chinois,111
97,4629483,3,DIV.1086,LES ETUDIANTS BATTENT LES MEDECINS,826
97,4629483,3,DIV.1108,Publicité,27
97,4629483,3,DIV.1111,CHEZ LES CORPORATIFS : CYCLISME,560
97,4629483,3,DIV.1129,SUR LE RING DU CENTRAL S.C. : Le XVe Challenge de L'Auto (du 2 au 24 mai),232
97,4629483,3,DIV.1141,"Christoforidis, le boxeur qui fait toujours de bons oombats",274
97,4629483,3,DIV.1150,Morin-Vuillamy pour la clôture de la saison à Bordeaux,197
97,4629483,3,DIV.1158,Publicité,138
97,4629483,3,DIV.1166,Publicité,44
97,4629483,3,DIV.1169,Visites à l'Auto,286
97,4629483,3,DIV.1177,"Les Amateurs : 10 combats seront disputés, ce soir au Ring de la Nation",182
97,4629483,3,DIV.1188,Nouvelles diverses',197
97,4629483,3,DIV.1197,"Les Organisations : CE SOIR, AU CENTRAL S.C. Jo Parisis contre Padernl Bertrand contre Nioche Rentrée de Hugues",542
97,4629483,3,DIV.1223,Publicité,81
97,4629483,3,DIV.1230,"Fred Judson rencontrera le Russe Kwariani, le 6 avril au Palais des Sports",375
97,4629483,3,DIV.1243,"DEMAIN, SALLE WAGRAM : « Si Perron est trop agressif, je lui ferai entendre raison... » ...dit Louis Loew",357
97,4629483,3,DIV.1259,Publicité,156
97,4629483,3,DIV.1265,LE CHAMPIONNAT DE PARIS DE STYLE LIBRE,270
97,4629483,3,DIV.1279,Le G. S. Amfreville et le Racing au tableau d'honneur du Championnat de France,1125
97,4629483,3,DIV.1293,Les matches de dimanche,132
97,4629483,3,DIV.1307,LES RESULTATS : F. G. S. P. F.,129
97,4629483,3,DIV.1318,LE CHALLENGE RAGUIERE,143
97,4629483,3,DIV.1323,L'U.S. SUISSE VA DISPARAITRE,106
97,4629483,3,DIV.1328,A L'A.S. SAINT-HIPPOLYTE LE CHALLENGE DE L'AUBE,126
97,4629483,3,DIV.1333,NOUVELLES DIVERSES,247
98,4629483,4,DIV.1344,"L'Angleterre, à Blackpool, ne fit pas oublier la fameuse équipe d'Auteuil",809
98,4629483,4,DIV.1363,Je me spécialiserai sur 10 kilomètres,380
98,4629483,4,DIV.1377,Et Rérolle a choisi le 3.000 mètres steeple,137
98,4629483,4,DIV.1384,Autour du Cross des Nations,190
98,4629483,4,DIV.1391,Le XXIIV Cross des Ancêtres organisé par l'Auto a lieu dimanche,331
98,4629483,4,DIV.1400,UN MATCH NORD-EST C. BELGIQUE A L'ARRIVEE DE PARIS-ROUBAIX,146
98,4629483,4,DIV.1406,GUICHARD EST BIEN CHAMPION DE LA F.G.S.P.F.,122
98,4629483,4,DIV.1412,ENGAGEZ-VOUS : 5 AVRIL,433
98,4629483,4,DIV.1424,Les quarts de finale du Championnat de France par équipes,274
98,4629483,4,DIV.1435,CE QUI A ETE JOUE,500
98,4629483,4,DIV.1451,Le ski en Norvège : Une course de grand fond sur 56 km. réunit 745 concurrents !,327
98,4629483,4,DIV.1465,LE CHAMPIONNAT D'ESPAGNE,194
98,4629483,4,DIV.1474,Publicité,182
98,4629483,4,DIV.1491,"APRES FRANCE-BELGIQUE : De l'ardeur, c'est bien une tactique, c'est mieux..:",521
98,4629483,4,DIV.1503,Un cancan,121
98,4629483,4,DIV.1510,Les matches de dimanche,95
98,4629483,4,DIV.1522,CHAMPIONNATS REGIONAUX,85
98,4629483,4,DIV.1536,QUI VEUT ALLER A BRUXELLES ?,106
98,4629483,4,DIV.1543,LES RESULTATS,159
98,4629483,4,DIV.1556,HOCKEY SUR GLACE ET PATINAGE,379
98,4629483,4,DIV.1569,Publicité,103
98,4629483,4,DIV.1577,L'ARBITRAGE DE LA HOLLANDE : A msterdam nous a fixés sur la valeur de France-Belgique,753
98,4629483,4,DIV.1594,"LES QUARTS DE FINALE DE LA COUPE : Demain, au Parc des Princes Sochaux-Fives... 3e acte ! La lutte au finish",443
98,4629483,4,DIV.1605,Sochaux panse ses blessures dans la forêt de Barbizon,167
98,4629483,4,DIV.1612,Le Red Star à la campagne,110
99,4629483,5,DIV.1618,Fives a pris à Antibes un repos mérité,133
99,4629483,5,DIV.1623,La Coupe Cinzano,87
99,4629483,5,DIV.1628,Voici le prix des places pour la Coupe de France,530
99,4629483,5,DIV.1641,Après la demande « d'autorisation » de l'A.S. Brestoise,372
99,4629483,5,DIV.1652,Les incidents de Lyon,307
99,4629483,5,DIV.1661,Le Lyon Olymp. Villeurbanne a décidé de se dissoudre,368
99,4629483,5,DIV.1676,LA COUPE DE FRANCE,24
99,4629483,5,DIV.1681,LE CHAMPIONNAT DE FRANCE,174
99,4629483,5,DIV.1691,LES RESULTATS : LES MATCHES DU DIMANCHE,867
99,4629483,5,DIV.1715,"Les faits et les gens, revus et corrigés.",2033
99,4629483,5,DIV.1760,Le match des Etoiles : Etoile Sportive du Mont Valérien bat Etoile Sportive du Pecq 10-3 (5-2),1436
99,4629483,5,DIV.1792,"UNE CONFERENCE DE M. M. JOUBERT CE SOIR, A ANGERS",154
99,4629483,5,DIV.1801,COUP D'ŒIL D'ENSEMBLE : Hier et demain,1498
99,4629483,5,DIV.1834,Les matches de dimanche : CHAMPIONNAT DE FRANCE,429
99,4629483,5,DIV.1871,LES RESULTATS : MATCH INTERNATIONAL,546
99,4629483,5,DIV.1896,Plusieurs clubs semblent se disputer Lopez,202
99,4629483,5,DIV.1905,LE CHAMPIONNAT A VENIR : Ce que donneraient six poules de vingt clubs pour 1937,662
99,4629483,5,DIV.1932,Villeneuve a gagné avec brio une partie extrêmement importante,724
99,4629483,5,DIV.1947,Les étudiants parisiens en Grande-Bretagne,147
99,4629483,5,DIV.1958,Le dimanche qui vient,49
99,4629483,5,DIV.1973,ATHLETISME : LE CHALLENGE DU NOMBRE UNIVERSITAIRE De peu... les potards l'ont emporté,243
99,4629483,5,DIV.1982,"JEUDI, A PERSHING : Les finales du Challenge du Nombre Scolaire",820
99,4629483,5,DIV.2008,CYCLISME : Pierre Caudron triomphe dans la dernière épreuve et au classement général des sorties et courses Terrot,291
99,4629483,5,DIV.2018,A voiles : La deuxième journée des régates de Nice,1022
99,4629483,5,DIV.2031,Le calendrier du Cercle de la Voile de Paris,445
100,4629483,6,DIV.2055,LA REUNION D'OUVERTURE DU CERCLE DE LA VOILE DE PARIS,175
100,4629483,6,DIV.2063,A moteur : Une modification au règlement international,145
100,4629483,6,DIV.2076,LES ITALIENS S'ENTRAINENT,124
100,4629483,6,DIV.2082,"A JUSOT, LE CHALLENGE DE SABRE",127
100,4629483,6,DIV.2091,LE BORDELAIS AURIAC CHAMPION UNIVERSITAIRE A L'EPEE,241
100,4629483,6,DIV.2101,LE CHAMPIONNAT DE NORMANDIE,201
100,4629483,6,DIV.2110,"R. ELBEL, CHAMPION DE LORRAINE",114
100,4629483,6,DIV.2116,NOUVELLES DIVERSES,954
100,4629483,6,DIV.2133,DIV.2133,53
100,4629483,6,DIV.2142,Le 2e Grand Prix du Talon... or,41
100,4629483,6,DIV.2147,"Le 19 avril, autour de Paris",489
100,4629483,6,DIV.2166,Un cancan,110
100,4629483,6,DIV.2174,ENGAGEZ-VOUS,91
100,4629483,6,DIV.2181,EDUCATION PHYSIQUE,432
100,4629483,6,DIV.2195,Publicité,306
100,4629483,6,DIV.2212,ANDRE ROLET A ALGER,87
100,4629483,6,DIV.2220,LE CHALLENGE LEON BOURDIN (F.S.G.T.),498
100,4629483,6,DIV.2235,Publicité,30
100,4629483,6,DIV.2242,EN VUE DU MARATHON OLYMPIQUE,243
100,4629483,6,DIV.2249,NOUVELLES DIVERSES,31
100,4629483,6,DIV.2254,ROULETTES : LES FRANÇAIS A STUTTGART,122
100,4629483,6,DIV.2261,Publicité,218
100,4629483,6,DIV.2274,Publicité,89
100,4629483,6,DIV.2279,Publicité,353
100,4629483,6,DIV.2292,A TRAVERS LES SOCIETES,4175
101,4629483,7,DIV.2355,L'EXPOSITION ET LES SPORTIFS : Un vieux projet le Stade de La Courneuve,418
101,4629483,7,DIV.2372,"HIER, AU CONCOURS HIPPIQUE DE PARIS : La magnifique exhibition des chevaux anglo-arabes",1547
101,4629483,7,DIV.2408,Le Grand Prix de Paris aura son Sweepstake et recevra un million de francs,787
101,4629483,7,DIV.2436,DIV.2436,1886
101,4629483,7,DIV.2468,Tableau de service : Matinées du mardi 31 mars,473
101,4629483,7,DIV.2484,Programmes,1613
101,4629483,7,DIV.2541,Devant l'écran : Programmes,671
101,4629483,7,DIV.2564,Les grands films passent !,176
101,4629483,7,DIV.2572,DIV.2572,185
101,4629483,7,DIV.2592,DIV.2592,93
101,4629483,7,DIV.2605,ET PATATI.. ET PATATA.,712
101,4629483,7,DIV.2635,Publicité,1109
101,4629483,7,DIV.2683,DIV.2683,232
101,4629483,7,DIV.2698,Officiers Ministériels,82
101,4629483,7,DIV.2704,Automobiles,16970
101,4629483,7,DIV.3064,Achats de Voitures,355
101,4629483,7,DIV.3076,Location d'Automobiles,88
101,4629483,7,DIV.3082,Motocyclettes,266
101,4629483,7,DIV.3092,Capitaux et Divers,51
101,4629483,7,DIV.3097,Fonds de Commerce,345
101,4629483,7,DIV.3104,Offres d'Emplois,953
101,4629483,7,DIV.3137,Demandes d'Emplois,138
101,4629483,7,DIV.3142,DIV.3142,29
102,4632496,0,DIV.32,FABLES : Petits noms,425
102,4632496,0,DIV.73,"Demain, sur le circuit des « Quatre-Pavillons », à Bordeaux Le Grand Prix de l'Union Motocycliste de France : Nos champions motocyclistes auront à lutter contre une redoutable participation belge et anglaise; la Grande-Bretagne nous ayant délégué ses meilleurs spécialistes.",890
102,4632496,0,DIV.91,DIV.91,22
102,4632496,0,DIV.107,DIV.107,49
102,4632496,0,DIV.113,LE CLASSEMENT GENERAL : (Les noms des touristes-routiers sont indiqués en italique),1023
102,4632496,0,DIV.124,LE CLASSEMENT DE L'ETAPE : (Les noms des tourietes-routiers sont indiqués en italique),1231
102,4632496,0,DIV.137,LE CLASSEMENT DU CHALLENGE DE REGULARITE,214
102,4632496,0,DIV.148,LE CHALLENGE DES EQUIPES REGIONALES,277
102,4632496,0,DIV.157,En suivant la course,3791
102,4632496,0,DIV.239,La course des coureurs régionaux...,845
102,4632496,0,DIV.253,...et celle des touristes-routiers,800
102,4632496,0,DIV.263,INSTANTANÉS....,2177
102,4632496,0,DIV.300,Bonne victoire de Leducq,1190
102,4632496,0,DIV.324,Le départ de Bagnères-de-Luchon,99
102,4632496,0,DIV.329,Sur la route,899
102,4632496,0,DIV.351,L'arrivée à Perpignan,1902
102,4632496,0,DIV.395,"Demain : LA ONZIEME ETAPE : PERPIGNAN-MARSEILLE (363 kil.). 30 juin 1928 Départ en ligne à 2 heures du matin. Les concurrents prendront, la nuit prochaine, la direction de Marseille. Une étape qui sera très dure si la chaleur est forte.",456
102,4632496,0,DIV.408,Le départ de Perpignan,92
102,4632496,0,DIV.414,L'itinéraire,350
102,4632496,0,DIV.423,L'arrivée à Marseille,134
102,4632496,0,DIV.431,L'horaire probable,345
102,4632496,0,DIV.438,Contrôles,30
102,4632496,0,DIV.444,La fermeture du contrôle d'arrivée,111
102,4632496,0,DIV.455,Les signaux à l'arrivée,58
102,4632496,0,DIV.460,Les prix de l'étape,84
103,4632496,1,DIV.467,Les primes,328
103,4632496,1,DIV.474,LES QUALIFIES,1123
103,4632496,1,DIV.571,Lundi : LA DOUZIEME ETAPE : MARSEILLE-NICE-SOSPEL-NICE (330 kil.) 2 juillet 1928 Départ en ligne à 4 h. du matin.,3578
103,4632496,1,DIV.665,AUTOUR DU TOUR : Où leur adresser leur courrier,842
103,4632496,1,DIV.711,Publicité,84
103,4632496,1,DIV.714,Publicité,65
103,4632496,1,DIV.722,Le Monde et le Sport,326
103,4632496,1,DIV.735,DIV.735,54
103,4632496,1,DIV.739,DIV.739,94
103,4632496,1,DIV.744,DIV.744,45
103,4632496,1,DIV.747,DIV.747,65
103,4632496,1,DIV.756,"L'AVIATION EN DEUIL : FRONVAL S'EST TUÉ Une collision, au sol...",983
103,4632496,1,DIV.771,DIV.771,36
103,4632496,1,DIV.776,DIV.776,37
103,4632496,1,DIV.786,DIMANCHE AU COMMINGES : Une rencontre très serrée opposera 50 concurrents dans le Grand Prix de l'A.C.F. des voitures de Sport,610
103,4632496,1,DIV.801,LES AILES DANS LA VOLIÈRE : M. Doumergue inaugure ce matin la 11e Exposition Aéronautique AU GRAND PALAIS DES CHAMPS-ÉLYSÉES,1208
103,4632496,1,DIV.839,Le handicap du Grand Prix de l'A.C.F. des voitures sport,514
103,4632496,1,DIV.857,LE 2e CHAMPIONNAT DES AVIATEURS,200
103,4632496,1,DIV.865,Les Résultats : Le concours polonais,153
103,4632496,1,DIV.874,Nouvelles diverses : Une journée automobile des Cbarentes et du Limousin,89
103,4632496,1,DIV.885,"Demain, à Bordeaux se dispute le Grand Prix de l'U.M.F. : (Suite de notre article de 1re page.)",843
103,4632496,1,DIV.907,Clubs et Association,59
103,4632496,1,DIV.912,Nouvelles diverses,381
103,4632496,1,DIV.923,DEMAIN A LIEU LA FETE AERIENNE DE VINCENNES,291
103,4632496,1,DIV.938,LA CONFERENCE DE LA F.A.I.,267
104,4632496,2,DIV.947,COURTNEY EST REPARTI POUR LES ACORES,90
104,4632496,2,DIV.953,A LA RECHERCHE DE GUILBAUD,225
104,4632496,2,DIV.961,GRANDS ET PETITS RAIDS,166
104,4632496,2,DIV.966,Nouvelles diverses,644
104,4632496,2,DIV.980,DIV.980,76
104,4632496,2,DIV.983,DIV.983,57
104,4632496,2,DIV.988,5 Fête Aérienne de Vincennes,210
104,4632496,2,DIV.1000,"NOS ORGANISATIONS : Le Concours des "" ? "" Suite du classement",1648
104,4632496,2,DIV.1079,Publicité,48
104,4632496,2,DIV.1089,Publicité,84
104,4632496,2,DIV.1093,Publicité,63
104,4632496,2,DIV.1101,LES SPORTS ET LE PARLEMENT : Le C. N. S. et le C. 0. F. ont exposé hier aux parlementaires sportifs leurs légitimes revendications Trois désirs ont été formulés par M. Gaston Vidal,429
104,4632496,2,DIV.1116,"CE SOIR, AU GYMNASE VOLTAIRE : Les athlètes français concourront pour fermer la sélection olympique",322
104,4632496,2,DIV.1130,Publicité,55
104,4632496,2,DIV.1134,Publicité,156
104,4632496,2,DIV.1149,Publicité,229
104,4632496,2,DIV.1161,Publicité,73
104,4632496,2,DIV.1169,Publicité,45
104,4632496,2,DIV.1178,Publicité,88
104,4632496,2,DIV.1193,Publicité,123
104,4632496,2,DIV.1205,Publicité,60
104,4632496,2,DIV.1213,Publicité,25
104,4632496,2,DIV.1233,Publicité,33
104,4632496,2,DIV.1238,Publicité,176
104,4632496,2,DIV.1251,Publicité,84
105,4632496,3,DIV.1259,"Le Grand Prix Cycliste de Paris : Demain après-midi, deuxième journée du splendide meeting",465
105,4632496,3,DIV.1274,CIRCUIT DU BYRRH : Tour du Sud-Est 1928,266
105,4632496,3,DIV.1283,LE 7e CRITERIUM DES TANDEMS SUR PAIRIS-DEAUVILLE,268
105,4632496,3,DIV.1292,KAUFMANN BAT MICHARD A TOURS,212
105,4632496,3,DIV.1303,Nouvelles diverses,286
105,4632496,3,DIV.1314,QUELLES SERONT LES EQUIPES QUI PORTERONT NOS COULEURS A AMSTERDAM ?,435
105,4632496,3,DIV.1331,Risko a battu Godfrey,58
105,4632496,3,DIV.1339,LE GALA DES « ANCIENS »,137
105,4632496,3,DIV.1346,POUR FRANCIS CHARLES,113
105,4632496,3,DIV.1352,Nouvelles diverses,363
105,4632496,3,DIV.1363,CHEZ LES CORPORATIFS : CYCLISME,72
105,4632496,3,DIV.1372,ATHLETISME : La réunion préolympique de Saint-Maur,149
105,4632496,3,DIV.1379,DANS LES FEDERATIONS,90
105,4632496,3,DIV.1384,CHEZ LES SCOLAIRES : NATATION,542
105,4632496,3,DIV.1407,NOUVELLES DIVERSES,32
105,4632496,3,DIV.1412,CHEZ LES MILITAIRES : CYCLISME Les Championnats de France,193
105,4632496,3,DIV.1422,L'ASSEMBLEE GENERALE DE LA LIGUE DE PARIS,178
105,4632496,3,DIV.1433,L'assemblée générale de l'U.F.F.S.A.,187
105,4632496,3,DIV.1443,LE TOURNOI DE WIMBLEDON : Les Français triomphent toujours,1627
105,4632496,3,DIV.1460,"LES CRITERIUM, OMNIUM ET ESPERANCE",1407
105,4632496,3,DIV.1473,LE MATCH STADE-R.C.F. JUNIORS,73
105,4632496,3,DIV.1478,NOUVELLES DIVERSES,199
105,4632496,3,DIV.1484,Deux championnats de France,76
105,4632496,3,DIV.1493,LA SECONDE JOURNEE DES CHAMPIONNATS DE PARIS,509
105,4632496,3,DIV.1510,DANS LES CLUBS,77
106,4632496,4,DIV.1519,LÀ TRAVERSEE DE PARIS DE LA S.N.E.N.,85
106,4632496,4,DIV.1524,ENTRAINEMENT et RENDEZ-VOUS,74
106,4632496,4,DIV.1530,NOUVELLES DIVERSES,128
106,4632496,4,DIV.1539,Le Championnat de Paris,272
106,4632496,4,DIV.1550,Côte Basque,84
106,4632496,4,DIV.1556,Du yoko-garbia à Baïgorry,121
106,4632496,4,DIV.1566,AUJOURD'HUI COMMENCE LE GRAND TOURNOI INTERNATIONAL DU TOUQUET-PARIS-PLAGE,410
106,4632496,4,DIV.1579,UNE FETE A SENS,233
106,4632496,4,DIV.1592,NOUVELLES DIVERSES,429
106,4632496,4,DIV.1601,Publicité,166
106,4632496,4,DIV.1620,Sélection olympique de gréco-romaine,390
106,4632496,4,DIV.1643,DIV.1643,119
106,4632496,4,DIV.1650,COURSES A AUTEUIL : Résultats du 28 juin (bon terrain),1385
106,4632496,4,DIV.1687,BULLETIN FINANCIER,679
106,4632496,4,DIV.1699,DIV.1699,137
106,4632496,4,DIV.1706,Publicité,46
106,4632496,4,DIV.1711,Publicité,165
106,4632496,4,DIV.1723,Publicité,125
106,4632496,4,DIV.1739,Publicité,26
106,4632496,4,DIV.1746,DIV.1746,167
106,4632496,4,DIV.1756,DIV.1756,23119
106,4632496,4,DIV.2294,Publicité,128
106,4632496,4,DIV.2304,DIV.2304,144
106,4632496,4,DIV.2327,DIV.2327,82
106,4632496,4,DIV.2336,Publicité,854
107,4632496,5,DIV.2372,DIV.2372,1664
107,4632496,5,DIV.2403,DIV.2403,159
107,4632496,5,DIV.2413,DIV.2413,1185
107,4632496,5,DIV.2454,Annonces,146
107,4632496,5,DIV.2463,DIV.2463,98
107,4632496,5,DIV.2467,Publicité,173
107,4632496,5,DIV.2481,Publicité,88
107,4632496,5,DIV.2490,Publicité,40
107,4632496,5,DIV.2495,Publicité,253
107,4632496,5,DIV.2527,Publicité,77
107,4632496,5,DIV.2534,Publicité,136
107,4632496,5,DIV.2543,DIV.2543,26
107,4632496,5,DIV.2547,Publicité,229
108,4633797,0,DIV.35,LES CONTES DE « L'AUTO » : Les pancartes,1189
108,4633797,0,DIV.53,LES ENQUETES DE « L'AUTO » : LEURS SOBRIQUETS,171
108,4633797,0,DIV.72,L'Australien Crawford a éliminé l'Anglais Perry au Tournoi de Wimbledon,462
108,4633797,0,DIV.93,LES GRANDES EPREUVES D'AUTOMOBILE : L'ALFA ROMEO « MONOPOSTO » QUI COURRA DIMANCHE LE GRAND PRIX DE L'A.C.F.,506
108,4633797,0,DIV.112,Demi-finale du Championnat du Monde des poids mouche : HUGUENIN contre ANGELMANN : Le poids lourd allemand Neusel contre Moret,939
108,4633797,0,DIV.149,NOS ORGANISATIONS : Le 13e Critérium de la Presse Sportive commence ce soir,789
108,4633797,0,DIV.194,C'est aujourd'hui que commence le Tour de Hongrie international des amateurs,114
108,4633797,0,DIV.201,D'UN JOUR A L'AUTRE : Beware of Photograph !,475
108,4633797,0,DIV.220,"NOS ORGANISATIONS : Le 7 août sera disputé, à Poissy l'original Championnat des Débrouillards de « l'Auto »",379
108,4633797,0,DIV.236,Publicité,39
108,4633797,0,DIV.242,EN VUE DE LA GRANDE EPREUVE : En escaladant le Tourmalet Archambaud s'est révélé excellent grimpeur Speicher et M. Bidot sont en forme,353
108,4633797,0,DIV.256,DIV.256,155
108,4633797,0,DIV.260,DIV.260,90
108,4633797,0,DIV.268,DIV.268,54
108,4633797,0,DIV.272,DIV.272,116
108,4633797,0,DIV.277,DIV.277,56
108,4633797,0,DIV.286,Charles Pélissier ne partira pas...,433
108,4633797,0,DIV.308,Albert Barthélémy remplacera Ch. Pélissier dans l'équipe de France,798
108,4633797,0,DIV.323,LES PRIMES : 673.600 + 10.000 = 683.600 Prime de la Ville d'Aix-les-Bains : 10.000 francs,878
108,4633797,0,DIV.347,NECROLOGIE : Les obsèques de la Marquise de Dion,1671
108,4633797,0,DIV.381,ATHLETISME : Sur la Côte d'Azur,555
108,4633797,0,DIV.397,Publicité,55
108,4633797,0,DIV.403,Le Monde et le Sport,175
108,4633797,0,DIV.414,Une suggestion pour Reims,434
108,4633797,0,DIV.428,Le Grand Prix de l'A.C.F. : Circuit de Reims — 3 juillet,671
109,4633797,1,DIV.461,LE CONCOURS D'ELEGANCE AU PARC BORDELAIS,744
109,4633797,1,DIV.498,"AUJOURD'HUI, L'A.C.I.F. TIENT SON ASSEMBLEE GENERALE",86
109,4633797,1,DIV.504,L'INAUGURATION DU SIEGE DE MINERVA FRANCE,291
109,4633797,1,DIV.511,DE BONNES NOUVELLES DE TEDALDI,178
109,4633797,1,DIV.517,Epreuves à venir,204
109,4633797,1,DIV.522,Les Résultats : J. de Maleplane vainqueur au Djebel El Mokra (Tanger),857
109,4633797,1,DIV.543,Publicité,214
109,4633797,1,DIV.560,Une course de vélomoteurs ne correspond à rien,438
109,4633797,1,DIV.570,Les essais pour le Grand Prix de l'U.M.F. commenceront aujourd'hui (Circuit de Reims ),271
109,4633797,1,DIV.579,MOUCHIROND ET RAPEAU NOUS RENDENT VISITE,328
109,4633797,1,DIV.588,RICHARD VA MIEUX,80
109,4633797,1,DIV.594,Epreuves à venir,209
109,4633797,1,DIV.599,Les Résultats,1377
109,4633797,1,DIV.622,Clubs et Associations,103
109,4633797,1,DIV.628,Nouvelles diverses,77
109,4633797,1,DIV.633,Le Moto-Bail : LES COUPES DE FRANCE DEBUTERONT A PARIS LE 10 JUILLET,541
109,4633797,1,DIV.652,IL SERA INTERDIT DE SURVOLER LE CIRCUIT DE REIMS PENDANT LE GRAND PRIX AUTOMOBILE,134
109,4633797,1,DIV.658,LE SERGENT GIRAUD S'EST TUE DE NUIT,225
109,4633797,1,DIV.665,Nouvelles diverses,882
109,4633797,1,DIV.685,Publicité,189
109,4633797,1,DIV.695,EN MARGE : LE 250e ANNIVERSAIRE DE DOM PERIGNON INVENTEUR DU CHAMPAGNE,853
109,4633797,1,DIV.713,NECROLOGIE : Les obsèques de Philippe Vieux ont eu lieu hier,796
109,4633797,1,DIV.728,ATHLETISME,563
109,4633797,1,DIV.757,Turel Vanzeried remplacera Blattmann dans l'équipe suisse,692
109,4633797,1,DIV.792,En escalant le Tourmalet Archambaud s'est révélé excellent grimpeur,796
110,4633797,2,DIV.815,Abonnements « Tour de France »,172
110,4633797,2,DIV.827,Quelques explications sur la préparation pré-olympique des cyclistes,823
110,4633797,2,DIV.845,"DEMAIN SOIR, A BUFFALO : D'une brûlante actualité la « Finale des Finales » réunira les silx meilleurs stayers français Les « trois », qui ne furent pas du Championnat de France, veulent battre les « trois » vedettes de l'épreuve nationale.",375
110,4633797,2,DIV.854,LE MEETING DU GRAND PRIX DE PARIS : Les têtes de séries du Prix de l'Espérance sont connues... ... ainsi que celles du Grand Prix amateurs,287
110,4633797,2,DIV.871,La grande compétîtion provinciale Marseille-Lyon sera disputée pour la 18e fois le 15 août prochain,556
110,4633797,2,DIV.884,Les Six Jours de Marseille,821
110,4633797,2,DIV.911,RAMPELBERG VEUT S'ATTAQUER AU RECORD PRE-OLYMPIQUE DU KILOMETRE DEPART ARRETE : Des tentatives de Michard et Gérardin,241
110,4633797,2,DIV.920,"L'ETAT DU JEUNE MATHIE , RESTE TRES GRAVE",113
110,4633797,2,DIV.927,ARRIVE HIER A PARIS DI PACO VA RECONNAITRE DEUX ETAPES DU TOUR,222
110,4633797,2,DIV.934,MARCILLAC ET BRUNIER VONT « TOURNER » EN ALLEMAGNE,130
110,4633797,2,DIV.940,MARCEL HUOT VIENT NOUS PRESENTER LAROULANDIE,154
110,4633797,2,DIV.945,LA SELECTION AMERICAINE POUR LES JEUX OLYMPIQUES,193
110,4633797,2,DIV.951,CONAN A COUVERT 41 KM. 795 DANS L'HEURE,79
110,4633797,2,DIV.959,SUR PISTE : EN FRANGE,363
110,4633797,2,DIV.967,SUR ROUTE,1835
110,4633797,2,DIV.990,Echos des Pistes et de la Route,258
110,4633797,2,DIV.1000,Nouvelles diverses,700
110,4633797,2,DIV.1017,NOUVELLES DIVERSES,69
110,4633797,2,DIV.1025,L'A.B.C. DE LA PEDALE : L'historique des Audax cyclistes,2080
110,4633797,2,DIV.1079,"Ce que l'on verra ce soir, au Palais des Sports en plus du combat Angelmann - Huguenin",978
110,4633797,2,DIV.1125,FANTAISIE : Le boxeur,856
110,4633797,2,DIV.1145,AU CENTRAL S.C. : Raphaël a battu Thibault aux points,272
110,4633797,2,DIV.1158,POUR ALLER VOIR LE MATCH MARCEL THIL-LEN HARVEY,168
110,4633797,2,DIV.1165,YOUNG PEREZ CONTRE ARILLA POUR LE TITRE MONDIAL ?,99
110,4633797,2,DIV.1171,LES COMBATS POSSIBLES POUR MAX SCHMELING EN EUROPE,142
111,4633797,3,DIV.1180,YOUNG PEREZ NE SERA PAS OPPOSE A KID FRANCIS,88
111,4633797,3,DIV.1186,AU CENTRAL S.C. : Réunion de clôture Samedi 2 juillet,123
111,4633797,3,DIV.1194,Ce qu'on verra à Paris et... ailleurs,182
111,4633797,3,DIV.1204,Réunions à venir,74
111,4633797,3,DIV.1211,Les Résultats,170
111,4633797,3,DIV.1222,Nouvelles diverses,106
111,4633797,3,DIV.1229,Publicité,35
111,4633797,3,DIV.1235,La 26e Fête fédérale de la Fédération de Sauvetage,135
111,4633797,3,DIV.1244,Louis Hostiln peut battre le Danois Svend Olsen,259
111,4633797,3,DIV.1254,Publicité,49
111,4633797,3,DIV.1259,Publicité,108
111,4633797,3,DIV.1278,Crawford contre Vines et Satoh contre Austin joueront les demi-finales du Tournoi de Wimbledon : (Suite de notre article de première page),677
111,4633797,3,DIV.1290,AU COURS DU TOURNOI INTERNATIONAL DE GENES LA SELECTION MARSEILLAISE A BATTU CELLE DE GENES,581
111,4633797,3,DIV.1296,"LES CRITERIUM, OMNIUM ET ESPERANCE DE FRANCE",91
111,4633797,3,DIV.1304,COMMENT LES ROUMAINS ONT RÉALISÉ L'ORGANISATION DE L'EDUCATION PHYSIQUE,1503
111,4633797,3,DIV.1335,ECOLES EN PLEIN AIR : Les excellents résultats obtenus par l'Ecole de la Motte,892
111,4633797,3,DIV.1358,B.A.P ET B.P.E.S.M. : De la conception de la préparation au service militaire,1090
111,4633797,3,DIV.1386,La Fête de la Jeunesse à Rouen,171
111,4633797,3,DIV.1396,LA FETE INTERNATIONALE DES MOUETTES,224
111,4633797,3,DIV.1401,UN SAUVETAGE DE L'ANCIEN RECORDMAN GUIGNE BOLOGNE,167
111,4633797,3,DIV.1406,LA FETE DES PINGOUINS,206
111,4633797,3,DIV.1411,LA FETE DE L'ONDINE,371
111,4633797,3,DIV.1416,LES NAGEURS A LA PREPARATION MILITAIRE,120
111,4633797,3,DIV.1421,LE CHALLENGE OUBIN-BOSCHER,346
111,4633797,3,DIV.1429,Quelles sont les chances de nos boxeurs amateurs aux Jeux de Los Angeles ? : Ce que valent nos représentants,691
112,4633797,4,DIV.1441,Que pouvons-nous espérer en athlétisme aux Jeux de Los Angeles ?,545
112,4633797,4,DIV.1447,L'équipe italienne d'athlétisme,206
112,4633797,4,DIV.1455,Au bureau fédéral,942
112,4633797,4,DIV.1466,A PROPOS DE LA MEDAILLE D'OR ET DE NOTRE CLASSEMENT DES ARBITRES,183
112,4633797,4,DIV.1471,DES INCIDENTS EN ESPAGNE AU COURS DU MATCH TORINO - CATALOGNE,383
112,4633797,4,DIV.1478,LE CHAMPIONNAT DE L'EUROPE CENTRALE,184
112,4633797,4,DIV.1485,LA NOUVELLE EDITION DES STATUTS ET REGLEMENTS,149
112,4633797,4,DIV.1490,LES TOURNOIS DE SIXTE,287
112,4633797,4,DIV.1495,LA FINALE DU TOURNOI DE SAULNES,34
112,4633797,4,DIV.1503,Le Conseil de discipline a pris des résolutions énergiques,306
112,4633797,4,DIV.1508,LE STADE BORDELAIS S'ENGAGERA DANS LE CHAMPIONNAT DE FRANCE,115
112,4633797,4,DIV.1513,UNE VICTOIRE DU MADRID F.C.,142
112,4633797,4,DIV.1522,LA CONSTITUTION DE LA FEDERATION FRANÇAISE DE BASKET-BALL,105
112,4633797,4,DIV.1530,Le Challenge Cesiano à la Salle Cléry,309
112,4633797,4,DIV.1538,LE PRIX BARUTEL-BEAU (S.F.E.B.) Tournoi professionnel à la partie par la rouge,272
112,4633797,4,DIV.1543,Belle inauguration billardiste,153
112,4633797,4,DIV.1551,AU FAISCEAU,90
112,4633797,4,DIV.1556,BALL-TRAP,84
112,4633797,4,DIV.1564,JEU DE PAUME,83
112,4633797,4,DIV.1569,YACHTING,76
112,4633797,4,DIV.1575,GYMNASTIQUE,64
112,4633797,4,DIV.1583,DIV.1583,75
112,4633797,4,DIV.1586,Publicité,48
112,4633797,4,DIV.1596,L'équipe finlandaise pour les J.O. prochains sera vendredi à Paris,146
112,4633797,4,DIV.1601,DIV.1601,40
113,4633797,5,DIV.1608,"UNE GRANDE REUNION DE PROPAGANDE, LE 10 JUILLET",354
113,4633797,5,DIV.1613,IL N'Y AURA PAS DE PRIX BLANCHET CETTE ANNEE,126
113,4633797,5,DIV.1618,LE CHALLENGE DE MONFORT-L'AMAURY,469
113,4633797,5,DIV.1623,LE CHALLENGE R. LOUYOT,525
113,4633797,5,DIV.1628,LES CHAMPIONNATS DE BOURGOGNE DE 2e CATEGORIE,554
113,4633797,5,DIV.1635,LA REUNION PREOLYMPIQUE ITALIENNE A FLORENCE,462
113,4633797,5,DIV.1641,LES CHAMPIONNATS DE L'UNION DROUOT (F.G.S.P.F.),572
113,4633797,5,DIV.1648,LA REUNION D'ECOMMOY,522
113,4633797,5,DIV.1653,LE CHALLENGE DE L'A.S.J. CHATEAUDUN,492
113,4633797,5,DIV.1658,LES GRANDS PRIX DE L'A.S. MACONNAISE,174
113,4633797,5,DIV.1663,LES CHAMPIONNATS DE CATALOGNE,173
113,4633797,5,DIV.1668,DEMANDES DE MATCHES,121
113,4633797,5,DIV.1673,NOUVELLES DIVERSES,114
113,4633797,5,DIV.1678,"BULLETIN FINANCIER : Paris, 28 juin.",515
113,4633797,5,DIV.1687,DIV.1687,105
113,4633797,5,DIV.1690,Circuits automobiles en Belgique,229
113,4633797,5,DIV.1695,WAGONS-LITS,335
113,4633797,5,DIV.1706,Les programmes,371
113,4633797,5,DIV.1711,CHEMINS DE FER DE L'EST,119
113,4633797,5,DIV.1716,Publicité,70
113,4633797,5,DIV.1719,Publicité,241
113,4633797,5,DIV.1722,Publicité,64
113,4633797,5,DIV.1728,DIV.1728,357
113,4633797,5,DIV.1735,DIV.1735,133
113,4633797,5,DIV.1738,DIV.1738,5637
114,4633797,6,DIV.1755,Publicité,91
114,4633797,6,DIV.1758,Publicité,42
114,4633797,6,DIV.1764,DIV.1764,511
114,4633797,6,DIV.1770,DIV.1770,1023
114,4633797,6,DIV.1777,DIV.1777,138
114,4633797,6,DIV.1783,DIV.1783,511
114,4633797,6,DIV.1789,DIV.1789,161
114,4633797,6,DIV.1792,Publicité,77
114,4633797,6,DIV.1795,Publicité,46
114,4633797,6,DIV.1798,DIV.1798,25
114,4633797,6,DIV.1801,Publicité,105
115,4650200,0,DIV.114,Publicité,175
115,4650200,0,DIV.127,DIV.127,66
115,4650200,0,DIV.139,DIV.139,92
115,4650200,0,DIV.154,Publicité,204
115,4650200,0,DIV.167,Donnons aux Films une Ame Nationale,1233
115,4650200,0,DIV.186,OU ALLONS-NOUS ? : Que Vadis... Contre Quo Vadis,423
115,4650200,0,DIV.201,Un beau Cortège,83
115,4650200,0,DIV.206,Compagnie Générale du Cinématographe : ( Aubert & Cie,62
115,4650200,0,DIV.212,Le Royal-Palace,53
115,4650200,0,DIV.217,Distinction Honorifique,83
115,4650200,0,DIV.222,Un nouveau chef-d'œuvre d'Asta Nielsen,134
115,4650200,0,DIV.228,Regrettable Incident,274
115,4650200,0,DIV.236,Ouverture du Gaumont- Color,589
115,4650200,0,DIV.264,La Cinématographie en Couleurs,1025
115,4650200,0,DIV.288,QUELQUES CHIFFRES,156
115,4650200,0,DIV.299,DIV.299,96
115,4650200,0,DIV.304,DIV.304,27
115,4650200,0,DIV.307,DIV.307,40
115,4650200,0,DIV.310,DIV.310,40
115,4650200,0,DIV.314,DIV.314,326
115,4650200,0,DIV.319,La Dernière Minute,241
115,4650200,0,DIV.325,LES PETITES AFFICHES,293
115,4650200,0,DIV.338,ÉCHOS D'ITALIE,300
115,4650200,0,DIV.350,DIV.350,148
115,4650200,0,DIV.355,DIV.355,86
116,4650200,1,DIV.358,DIV.358,89
116,4650200,1,DIV.361,DIV.361,276
116,4650200,1,DIV.368,DIV.368,264
116,4650200,1,DIV.374,DIV.374,144
116,4650200,1,DIV.379,DIV.379,106
116,4650200,1,DIV.383,Publicité,283
116,4650200,1,DIV.395,Publicité,338
116,4650200,1,DIV.408,DIV.408,190
116,4650200,1,DIV.426,DIV.426,224
116,4650200,1,DIV.445,DIV.445,196
116,4650200,1,DIV.463,DIV.463,330
116,4650200,1,DIV.473,Publicité,287
116,4650200,1,DIV.503,DIV.503,222
116,4650200,1,DIV.513,DIV.513,1866
116,4650200,1,DIV.567,Publicité,359
116,4650200,1,DIV.580,Publicité,65
116,4650200,1,DIV.594,DIV.594,254
116,4650200,1,DIV.598,DIV.598,247
116,4650200,1,DIV.602,DIV.602,4149
116,4650200,1,DIV.690,Le Préfet du Nord et le Maire de Lille réglementent à nouveau l'ouverture des Salles de Projection Cinématogaphiques. : DISPOSITIONS GÉNÉRALES,2359
116,4650200,1,DIV.759,Publicité,53
116,4650200,1,DIV.765,Publicité,397
116,4650200,1,DIV.773,Publicité,197
116,4650200,1,DIV.789,Publicité,119
116,4650200,1,DIV.797,DIV.797,69
117,4650200,2,DIV.817,DIV.817,196
117,4650200,2,DIV.833,II Arrêté du Maire de Lille,871
117,4650200,2,DIV.854,Publicité,78
117,4650200,2,DIV.862,Publicité,271
117,4650200,2,DIV.872,Publicité,270
117,4650200,2,DIV.884,Publicité,60
117,4650200,2,DIV.891,Publicité,68
117,4650200,2,DIV.900,DIV.900,433
117,4650200,2,DIV.921,DIV.921,135
117,4650200,2,DIV.943,DIV.943,444
117,4650200,2,DIV.975,DIV.975,667
117,4650200,2,DIV.985,Fauves et Dompteurs,1373
117,4650200,2,DIV.1004,Combats de Fauves,254
117,4650200,2,DIV.1010,Publicité,230
117,4650200,2,DIV.1026,Publicité,587
117,4650200,2,DIV.1042,Publicité,127
117,4650200,2,DIV.1058,Publicité,44
117,4650200,2,DIV.1064,Publicité,189
117,4650200,2,DIV.1085,Publicité,142
117,4650200,2,DIV.1103,Cinématographie EN couleurs naturelles,218
117,4650200,2,DIV.1109,Société Royale de Zoologie d'Anvers. : Grande Vente Publique D'ANIMAUX,202
117,4650200,2,DIV.1118,Publicité,108
117,4650200,2,DIV.1131,DIV.1131,70
117,4650200,2,DIV.1139,DIV.1139,53
117,4650200,2,DIV.1149,Publicité,640
118,4650200,3,DIV.1165,Publicité,50
118,4650200,3,DIV.1175,Publicité,815
118,4650200,3,DIV.1200,Publicité,218
118,4650200,3,DIV.1213,UN SECRET D'ETAT : Drame politique,575
118,4650200,3,DIV.1234,LA BAGUE : Comédie,473
118,4650200,3,DIV.1249,Les Métamorphoses de Patachon,168
118,4650200,3,DIV.1258,""" NORDISK-FILM "" : UN LEGS POUR LES SOURDS-MUETS Comedie",1204
118,4650200,3,DIV.1272,HEPWORTH : LA VENGEANCE DU TAILLEUR Comique,492
118,4650200,3,DIV.1292,SASCHA-FILM : L'ÉPREUVE DU FEU Comédie,698
118,4650200,3,DIV.1317,Le Lac de Côme et ses environs : Plein air,61
118,4650200,3,DIV.1324,Publicité,84
118,4650200,3,DIV.1335,DIV.1335,151
118,4650200,3,DIV.1338,DIV.1338,126
118,4650200,3,DIV.1342,DIV.1342,132
118,4650200,3,DIV.1345,DIV.1345,223
118,4650200,3,DIV.1349,DIV.1349,55
118,4650200,3,DIV.1352,DIV.1352,44
118,4650200,3,DIV.1355,DIV.1355,295
118,4650200,3,DIV.1361,Publicité,85
118,4650200,3,DIV.1373,"BELGIQUE Communiqué par Jacques Gavers et C° 70, rue Saint-Jean, à Anvers : Sociétés nouvellement constituées, ayant rapport aux Cinématographes.",507
118,4650200,3,DIV.1398,Publicité,266
118,4650200,3,DIV.1409,Publicité,211
118,4650200,3,DIV.1422,LA MORT DE GUIGNOL,708
118,4650200,3,DIV.1435,Publicité,113
118,4650200,3,DIV.1444,Publicité,758
119,4650200,4,DIV.1462,Publicité,25
119,4650200,4,DIV.1465,Publicité,40
119,4650200,4,DIV.1469,Publicité,39
119,4650200,4,DIV.1473,LE FILM : GAUMONT-ACTUALITÉS Le mieux et le plus rapidement informé des Journaux Cinématographiques LA SEMAINE PARISIENNE,637
119,4650200,4,DIV.1508,Publicité,36
119,4650200,4,DIV.1512,PLUS DE PANIQUE ...! : Grâce aux VOLETS DE SÉCURITÉ à FERMETURE AUTOMATIQUE pour regards à projection (Système Gaston CROSTE),713
119,4650200,4,DIV.1542,Publicité,106
119,4650200,4,DIV.1561,"Courrier d'Allemagne : Correspondance particulière du ""Ciné-journal""",989
119,4650200,4,DIV.1579,Publicité,75
119,4650200,4,DIV.1591,DIV.1591,80
119,4650200,4,DIV.1594,DIV.1594,142
119,4650200,4,DIV.1599,DIV.1599,345
119,4650200,4,DIV.1608,DIV.1608,233
119,4650200,4,DIV.1616,DIV.1616,62
119,4650200,4,DIV.1620,Publicité,79
119,4650200,4,DIV.1633,Annonces,118
119,4650200,4,DIV.1639,Publicité,356
119,4650200,4,DIV.1649,Publicité,277
119,4650200,4,DIV.1669,Publicité,95
119,4650200,4,DIV.1676,La Cinématographie et la Physiologie,1972
119,4650200,4,DIV.1702,Publicité,227
119,4650200,4,DIV.1716,Publicité,127
119,4650200,4,DIV.1729,Publicité,319
119,4650200,4,DIV.1736,Publicité,143
119,4650200,4,DIV.1756,DIV.1756,6779
120,4650200,5,DIV.1880,DIV.1880,2902
120,4650200,5,DIV.1975,Publicité,264
120,4650200,5,DIV.1999,Publicité,341
121,4651700,0,DIV.29,Paris 30 Décembre.,1796
121,4651700,0,DIV.45,DIV.45,446
121,4651700,0,DIV.56,DIV.56,370
121,4651700,0,DIV.70,DIV.70,279
121,4651700,0,DIV.78,DIV.78,531
121,4651700,0,DIV.85,DIV.85,67
121,4651700,0,DIV.88,DIV.88,115
121,4651700,0,DIV.92,DIV.92,181
121,4651700,0,DIV.97,DIV.97,282
121,4651700,0,DIV.102,DIV.102,189
121,4651700,0,DIV.106,DIV.106,521
121,4651700,0,DIV.113,DIV.113,1139
121,4651700,0,DIV.130,REVUE DE PARIS.,5359
121,4651700,0,DIV.238,DIV.238,525
121,4651700,0,DIV.251,DIV.251,531
121,4651700,0,DIV.258,DIV.258,284
121,4651700,0,DIV.261,DIV.261,550
121,4651700,0,DIV.269,DIV.269,77
121,4651700,0,DIV.274,DIV.274,383
121,4651700,0,DIV.280,Réceptions aux Tuileries : A L'OCCASION DE LA NOUVELLE ANNÉE.,911
121,4651700,0,DIV.300,Sénat.,4406
121,4651700,0,DIV.403,Faits divers.,2224
121,4651700,0,DIV.443,Tribunaux.,1182
121,4651700,0,DIV.468,Bibliothèque Impériale. : (Extrait du Moniteur.),1049
121,4651700,0,DIV.480,"Variétés. : Conditions nouvelles des progrès de l'agriculture. — Le livre de M. Aug. Jourdier (1). — Manuel du drainage, par M. Vitard (2).",3137
122,4651700,1,DIV.523,CHEMIN DE FER DU NORD.,143
122,4651700,1,DIV.532,CHEMIN DE FER DE PARIS A ROUEN.,133
122,4651700,1,DIV.539,CHEMIN DE FER DE ROUEN AU HAVRE.,133
122,4651700,1,DIV.546,CHEMIN DE PARIS A ORLÉANS,153
122,4651700,1,DIV.554,COMP. DES CHEMINS DE FER DE L'EST.,209
122,4651700,1,DIV.569,CHEMIN DE FER DE PARIS A LYON (1). : SECTION DE PARIS A CHALON.,162
122,4651700,1,DIV.577,CHEMIN DE FER DE L'OUEST. : SECTION DE PARIS A CHARTRES.,154
122,4651700,1,DIV.585,CHEMIN DE FER DE SAINT-GERMAIN.,43
122,4651700,1,DIV.590,C. DE FER DE LYON A LA MÉDITERRANÉE.,715
122,4651700,1,DIV.607,CH. DE FER GRAND-CENTRAL DE FRANCE. : SECTION DE LYON A ROANNE.,161
122,4651700,1,DIV.615,CHEMIN DE FER D'ORSAY.,45
122,4651700,1,DIV.620,DIV.620,333
122,4651700,1,DIV.627,Publicité,257
122,4651700,1,DIV.633,Publicité,182
122,4651700,1,DIV.641,Publicité,42
122,4651700,1,DIV.645,Publicité,34
122,4651700,1,DIV.648,Publicité,172
122,4651700,1,DIV.661,Publicité,75
122,4651700,1,DIV.669,Publicité,65
122,4651700,1,DIV.676,Publicité,55
122,4651700,1,DIV.680,Publicité,73
122,4651700,1,DIV.683,Publicité,196
122,4651700,1,DIV.693,Publicité,95
122,4651700,1,DIV.696,Publicité,44
122,4651700,1,DIV.699,Publicité,131
123,4651700,2,DIV.703,Publicité,30
123,4651700,2,DIV.706,Publicité,39
123,4651700,2,DIV.709,Publicité,169
123,4651700,2,DIV.718,Publicité,99
123,4651700,2,DIV.725,Publicité,287
123,4651700,2,DIV.734,Publicité,721
123,4651700,2,DIV.759,Publicité,530
123,4651700,2,DIV.769,Publicité,456
123,4651700,2,DIV.777,Annonces,2228
123,4651700,2,DIV.817,Publicité,659
123,4651700,2,DIV.847,DIV.847,5956
123,4651700,2,DIV.911,BOURSES ÉTRANGÈRES.,248
123,4651700,2,DIV.921,Bulletin commercial.,1035
123,4651700,2,DIV.956,DÉCLARATIONS DE FAILLITES.,136
123,4651700,2,DIV.962,ASSEMBLÉES DES CRÉANCIERS.,154
123,4651700,2,DIV.969,DIV.969,442
123,4651700,2,DIV.986,Annonces,399
123,4651700,2,DIV.1004,SPECTACLES DU 31 DÉCEMBRE.,481
123,4651700,2,DIV.1015,Publicité,35
124,4651968,0,DIV.24,SOMMAIRE.,250
124,4651968,0,DIV.36,"Paris, le 29 Septembre",2463
124,4651968,0,DIV.63,DIV.63,744
124,4651968,0,DIV.75,DIV.75,255
124,4651968,0,DIV.80,DIV.80,112
124,4651968,0,DIV.84,DIV.84,137
124,4651968,0,DIV.91,DIV.91,445
124,4651968,0,DIV.101,DIV.101,290
124,4651968,0,DIV.109,DIV.109,214
124,4651968,0,DIV.114,DIV.114,110
124,4651968,0,DIV.119,DIV.119,5183
124,4651968,0,DIV.188,LE BARON LA GAZETTE. PAR A. DE GONDRECOURT. : PREMIERE PARTIE.,5172
124,4651968,0,DIV.279,DIV.279,113
124,4651968,0,DIV.282,DIV.282,123
124,4651968,0,DIV.286,DIV.286,186
124,4651968,0,DIV.290,DIV.290,140
124,4651968,0,DIV.296,DIV.296,304
124,4651968,0,DIV.302,DIV.302,81
124,4651968,0,DIV.305,DIV.305,371
124,4651968,0,DIV.315,DIV.315,274
124,4651968,0,DIV.327,Etranger.,1239
124,4651968,0,DIV.347,DIV.347,381
124,4651968,0,DIV.361,DIV.361,3761
124,4651968,0,DIV.421,DETTE PUBLIQUE DE BELGIQUE. : Avis.,239
124,4651968,0,DIV.431,CHEMIN DE FER GRAND-CENTRAL DE FRANCE.,302
125,4651968,1,DIV.444,Exposition de New-York. : (7e Article.),3805
125,4651968,1,DIV.483,Rapport à l'Empereur : SUR LA SITUATION DE L'INSTRUCTION PUBLIQUE DEPUIS LE 2 DÉCEMBRE 1851. (Suite. - Voir nos numéros du 25 au 28.) VIII.,6859
125,4651968,1,DIV.548,Commerce et Industrie.,1422
125,4651968,1,DIV.581,Annonces,110
125,4651968,1,DIV.589,Publicité,139
125,4651968,1,DIV.596,Publicité,103
125,4651968,1,DIV.600,Publicité,51
125,4651968,1,DIV.604,Publicité,62
125,4651968,1,DIV.608,Annonces,78
125,4651968,1,DIV.613,Publicité,81
125,4651968,1,DIV.619,Publicité,106
125,4651968,1,DIV.624,Annonces,74
125,4651968,1,DIV.627,Publicité,46
125,4651968,1,DIV.630,Publicité,80
125,4651968,1,DIV.634,Publicité,77
125,4651968,1,DIV.637,Publicité,100
125,4651968,1,DIV.641,Publicité,46
125,4651968,1,DIV.644,Publicité,118
125,4651968,1,DIV.650,Publicité,53
125,4651968,1,DIV.653,Annonces,478
125,4651968,1,DIV.659,Publicité,144
125,4651968,1,DIV.662,Publicité,64
125,4651968,1,DIV.667,Annonces,527
125,4651968,1,DIV.696,Publicité,229
125,4651968,1,DIV.700,Publicité,107
126,4651968,2,DIV.711,Publicité,88
126,4651968,2,DIV.716,Publicité,85
126,4651968,2,DIV.722,Publicité,122
126,4651968,2,DIV.729,Publicité,702
126,4651968,2,DIV.746,Publicité,105
126,4651968,2,DIV.755,DIV.755,4519
126,4651968,2,DIV.798,Halles et Marchés.,1166
126,4651968,2,DIV.826,DÉCLARATIONS DE FAILLITES.,263
126,4651968,2,DIV.833,ASSEMBLÉES DES CRÉANCIERS.,100
126,4651968,2,DIV.838,Annonces,513
126,4651968,2,DIV.852,Annonces,260
126,4651968,2,DIV.864,Spectacles du 30 septembre.,545
127,4653842,0,DIV.28,"Paris, le 30 Juin.",3113
127,4653842,0,DIV.72,DIV.72,107
127,4653842,0,DIV.75,DIV.75,43
127,4653842,0,DIV.78,DIV.78,295
127,4653842,0,DIV.91,DIV.91,304
127,4653842,0,DIV.96,Des colonies agricoles de bienfaisance du royaume des Pays-Bas.,2660
127,4653842,0,DIV.165,LE LIVRE DES MYSTÈRES : LA SŒUR DES FANTOMES Par M. PAUL FÉVAL,6153
127,4653842,0,DIV.303,DIV.303,95
127,4653842,0,DIV.306,DIV.306,381
127,4653842,0,DIV.315,DIV.315,2654
127,4653842,0,DIV.343,DIV.343,100
127,4653842,0,DIV.347,Sénat.,480
127,4653842,0,DIV.369,DIV.369,924
127,4653842,0,DIV.391,Nouvelles diverses.,2540
127,4653842,0,DIV.420,Banlieue de Paris.,1475
127,4653842,0,DIV.440,Statistique parisienne du mois de mal.,2434
127,4653842,0,DIV.468,"La Femme et l'Enfant, : PAR M. ALPHONSE JOBEZ (1).",2946
127,4653842,0,DIV.496,"De Sa Propriété littéraire et artistique au point de vue international, : PAR ALFRED VILLEFORT, attaché au ministère des affaires étrangères (1).",2262
127,4653842,0,DIV.519,Emploi de la journée à Paris.,1277
128,4653842,1,DIV.548,Bulletin commercial.,1486
128,4653842,1,DIV.585,Annonces,148
128,4653842,1,DIV.589,Annonces,76
128,4653842,1,DIV.593,Annonces,59
128,4653842,1,DIV.596,Annonces,52
128,4653842,1,DIV.600,Annonces,43
128,4653842,1,DIV.604,Publicité,93
128,4653842,1,DIV.607,Annonces,42
128,4653842,1,DIV.610,Annonces,58
128,4653842,1,DIV.614,Annonces,24
128,4653842,1,DIV.617,Publicité,91
128,4653842,1,DIV.620,Publicité,63
128,4653842,1,DIV.625,Publicité,80
128,4653842,1,DIV.629,Publicité,482
128,4653842,1,DIV.638,Publicité,153
128,4653842,1,DIV.645,Publicité,1000
128,4653842,1,DIV.654,Publicité,1789
128,4653842,1,DIV.672,DIV.672,2353
128,4653842,1,DIV.698,DIV.698,1522
128,4653842,1,DIV.732,BOURSES ÉTRANGÈRES.,449
128,4653842,1,DIV.743,Annonces,288
128,4653842,1,DIV.753,Annonces,97
128,4653842,1,DIV.759,Annonces,276
128,4653842,1,DIV.769,Annonces,432
128,4653842,1,DIV.783,Spectacles du 1er juillet,464
129,4654798,0,DIV.30,Annonces,367
129,4654798,0,DIV.46,"PARIS, 30 DÉCEMBRE.",1945
129,4654798,0,DIV.64,DIV.64,1299
129,4654798,0,DIV.82,DIV.82,1130
129,4654798,0,DIV.97,REVUE DRAMATIQUE.,4335
129,4654798,0,DIV.143,Assistance publique. : Etablissemens charitables. (Voir le Pays du 29 décembre.),1882
129,4654798,0,DIV.193,DIV.193,175
129,4654798,0,DIV.202,DIV.202,83
129,4654798,0,DIV.205,DIV.205,108
129,4654798,0,DIV.208,DIV.208,504
129,4654798,0,DIV.216,DIV.216,535
129,4654798,0,DIV.233,Italie.,224
129,4654798,0,DIV.241,Allemagne.,262
129,4654798,0,DIV.251,Russie.,172
129,4654798,0,DIV.260,Angleterre.,105
129,4654798,0,DIV.267,Portugal.,391
129,4654798,0,DIV.277,FRANCE.,2949
129,4654798,0,DIV.314,DIV.314,91
129,4654798,0,DIV.318,ECHO UNIVERSEL.,3670
129,4654798,0,DIV.364,"VARIETÉS. : Les Socialistes depuis février, par M. Jules Breynat.",2631
129,4654798,0,DIV.419,DIV.419,105
129,4654798,0,DIV.423,DIV.423,641
129,4654798,0,DIV.434,Spectacles du 31 Décembre.,412
129,4654798,0,DIV.450,Annonces,1027
129,4654798,0,DIV.464,Annonces,82
130,4654798,1,DIV.467,Publicité,85
130,4654798,1,DIV.471,Publicité,153
130,4654798,1,DIV.474,Publicité,59
130,4654798,1,DIV.478,Publicité,209
130,4654798,1,DIV.483,Annonces,77
130,4654798,1,DIV.486,Publicité,269
130,4654798,1,DIV.496,Publicité,253
130,4654798,1,DIV.502,Publicité,349
130,4654798,1,DIV.511,Publicité,46
130,4654798,1,DIV.514,Publicité,139
130,4654798,1,DIV.518,Publicité,54
130,4654798,1,DIV.521,Publicité,58
130,4654798,1,DIV.524,Publicité,146
130,4654798,1,DIV.536,Publicité,144
130,4654798,1,DIV.539,Publicité,160
130,4654798,1,DIV.542,Publicité,46
130,4654798,1,DIV.548,Publicité,91
130,4654798,1,DIV.551,Publicité,120
130,4654798,1,DIV.557,Publicité,189
130,4654798,1,DIV.560,Publicité,823
130,4654798,1,DIV.597,BULLETIN FINANCIER DU PAYS.,6734
130,4654798,1,DIV.645,Bulletin hebdomadaire.,2231
131,4654800,0,DIV.29,A NOS LECTEURS.,1257
131,4654800,0,DIV.43,"PARIS, 31 DÉCEMBRE.",1242
131,4654800,0,DIV.58,DIV.58,1233
131,4654800,0,DIV.76,DIV.76,867
131,4654800,0,DIV.84,DIV.84,1213
131,4654800,0,DIV.98,NOUVELLES DE PARIS.,5231
131,4654800,0,DIV.208,FRANCE.,1602
131,4654800,0,DIV.234,DIV.234,50
131,4654800,0,DIV.240,Italie. : Résumé des événemens.,2241
131,4654800,0,DIV.265,Question Allemande.,2017
131,4654800,0,DIV.294,DIV.294,187
131,4654800,0,DIV.300,Espagne.,256
131,4654800,0,DIV.305,Nouvelles d'Angleterre.,1428
131,4654800,0,DIV.323,ECHO UNIVERSEL.,3762
131,4654800,0,DIV.379,"Nous croyons devoir reproduire ici l'exposé de principes qui a servi le programme à notre journal, et qui a été inséré dans un numéro spécimen tiré à 40,000 exemplaires : : LETTRE CIRCULAIRE.",3804
131,4654800,0,DIV.431,SPECTACLES DU 1 JANVIER.,215
131,4654800,0,DIV.444,Publicité,900
132,4655957,0,DIV.28,"Paris, le 31 Mars.",37
132,4655957,0,DIV.33,DIV.33,1299
132,4655957,0,DIV.55,DIV.55,111
132,4655957,0,DIV.62,DIV.62,145
132,4655957,0,DIV.68,DIV.68,71
132,4655957,0,DIV.71,DIV.71,55
132,4655957,0,DIV.75,DIV.75,77
132,4655957,0,DIV.80,DIV.80,30
132,4655957,0,DIV.83,DIV.83,83
132,4655957,0,DIV.88,DIV.88,187
132,4655957,0,DIV.93,DIV.93,95
132,4655957,0,DIV.100,ITALIE.,81
132,4655957,0,DIV.105,ALLEMAGNE.,708
132,4655957,0,DIV.121,"ESPAGNE,",585
132,4655957,0,DIV.133,ÉCHO UNIVERSEL.,4940
132,4655957,0,DIV.213,DIV.213,244
132,4655957,0,DIV.238,LA RÉVOLTE DES JANISSAIRES.(1) PAR M. DE LAMARTINE. ÉPISODE DU RÈGNE DE SÉLIM.,5935
132,4655957,0,DIV.339,Séance du 31 mars.,4864
132,4655957,0,DIV.461,Ordre du jour du mardi 1er avril 1851.,223
132,4655957,0,DIV.470,LA SEMAINE SCIENTIFIQUE.,5326
132,4655957,0,DIV.536,BULLETIN COMMERCIAL.,2591
132,4655957,0,DIV.606,Publicité,34
132,4655957,0,DIV.611,DIV.611,578
132,4655957,0,DIV.622,DÉCLARATIONS DE FAILLITES.,90
132,4655957,0,DIV.629,Assemblées de Créanciers.,158
133,4655957,1,DIV.647,Publicité,1381
133,4655957,1,DIV.661,Annonces,58
133,4655957,1,DIV.664,Publicité,80
133,4655957,1,DIV.668,Annonces,44
133,4655957,1,DIV.671,Annonces,45
133,4655957,1,DIV.675,Publicité,61
133,4655957,1,DIV.678,Annonces,62
133,4655957,1,DIV.682,Publicité,93
133,4655957,1,DIV.685,Publicité,34
133,4655957,1,DIV.688,Annonces,49
133,4655957,1,DIV.691,Annonces,92
133,4655957,1,DIV.694,Annonces,97
133,4655957,1,DIV.698,Publicité,54
133,4655957,1,DIV.701,Annonces,53
133,4655957,1,DIV.704,Annonces,118
133,4655957,1,DIV.708,Publicité,212
133,4655957,1,DIV.714,Annonces,56
133,4655957,1,DIV.717,Publicité,71
133,4655957,1,DIV.720,Annonces,153
133,4655957,1,DIV.723,Annonces,41
133,4655957,1,DIV.726,Publicité,202
133,4655957,1,DIV.732,Annonces,97
133,4655957,1,DIV.736,Publicité,31
133,4655957,1,DIV.739,Annonces,35
133,4655957,1,DIV.743,Annonces,42
134,4655957,2,DIV.746,Annonces,32
134,4655957,2,DIV.749,Annonces,27
134,4655957,2,DIV.752,Annonces,101
134,4655957,2,DIV.755,Publicité,150
134,4655957,2,DIV.762,Publicité,124
134,4655957,2,DIV.772,Publicité,120
134,4655957,2,DIV.776,Publicité,743
134,4655957,2,DIV.790,DIV.790,4320
134,4655957,2,DIV.838,BOURSES ÉTRANGÈRES.,609
134,4655957,2,DIV.850,DIV.850,290
134,4655957,2,DIV.855,Annonces,499
134,4655957,2,DIV.871,Spectacles du 1er Avril.,283
135,4683376,0,DIV.25,AUX PAYS MINIERS,686
135,4683376,0,DIV.37,DIV.37,351
135,4683376,0,DIV.46,MILITARISME,666
135,4683376,0,DIV.58,DIV.58,191
135,4683376,0,DIV.63,PROVOCATIONS,758
135,4683376,0,DIV.76,ALLIANCES,1122
135,4683376,0,DIV.89,DIV.89,306
135,4683376,0,DIV.97,NOS LIVRES,712
135,4683376,0,DIV.114,AUX DÉPUTÉS SOCIALISTES,444
135,4683376,0,DIV.124,UNE RÉPONSE,786
135,4683376,0,DIV.137,DIV.137,175
135,4683376,0,DIV.141,A ZURICH,629
135,4683376,0,DIV.158,DIV.158,202
135,4683376,0,DIV.162,DIV.162,328
135,4683376,0,DIV.169,DIV.169,733
135,4683376,0,DIV.187,DIV.187,450
135,4683376,0,DIV.199,DIV.199,601
135,4683376,0,DIV.207,DIV.207,506
135,4683376,0,DIV.214,DIV.214,458
135,4683376,0,DIV.225,DIV.225,312
135,4683376,0,DIV.230,DANS LES GROUPES,928
135,4683376,0,DIV.248,Échos et Nouvelles,913
135,4683376,0,DIV.279,DIV.279,118
135,4683376,0,DIV.284,DES MOTS,1048
135,4683376,0,DIV.302,Au Pied du Mur,886
136,4683376,1,DIV.319,DIV.319,181
136,4683376,1,DIV.325,Organisation Nécessaire,1052
136,4683376,1,DIV.354,DIV.354,164
136,4683376,1,DIV.361,UN LIVRE NÉCESSAIRE,369
136,4683376,1,DIV.371,Publicité,74
136,4683376,1,DIV.378,Publicité,168
136,4683376,1,DIV.391,DIV.391,957
136,4683376,1,DIV.404,DIV.404,146
136,4683376,1,DIV.408,DIV.408,255
136,4683376,1,DIV.421,DIV.421,502
136,4683376,1,DIV.438,DIV.438,59
136,4683376,1,DIV.443,DIV.443,99
136,4683376,1,DIV.450,DIV.450,111
136,4683376,1,DIV.454,DIV.454,149
136,4683376,1,DIV.459,DIV.459,119
136,4683376,1,DIV.463,DIV.463,228
136,4683376,1,DIV.474,DIV.474,300
136,4683376,1,DIV.482,DIV.482,219
136,4683376,1,DIV.489,Publicité,61
136,4683376,1,DIV.492,Publicité,72
136,4683376,1,DIV.501,"BIBLIOTHÈQUE SOCIALISTE : 51, rue Saint-Sauveur, 51",2506
136,4683376,1,DIV.541,CHEMINS DE FER DE L'OUEST : Billets d'excursions délivrés toute l'année. (1e classe 65 francs; — 2e classe 50 francs.),568
136,4683376,1,DIV.555,CHEMINS DE FER D'ORLÉANS : BAINS DE MER DE L'OCÉAN,527
136,4683376,1,DIV.570,Publicité,73
136,4683376,1,DIV.581,Publicité,528
137,4683376,2,DIV.601,Publicité,252
138,4683734,0,DIV.24,PARIS VENDU,2081
138,4683734,0,DIV.81,DIV.81,64
138,4683734,0,DIV.84,DIV.84,42
138,4683734,0,DIV.87,DIV.87,31
138,4683734,0,DIV.91,DIV.91,69
138,4683734,0,DIV.97,DIV.97,16
138,4683734,0,DIV.100,DIV.100,18
138,4683734,0,DIV.103,DIV.103,81
138,4683734,0,DIV.106,DIV.106,84
138,4683734,0,DIV.111,DIV.111,174
138,4683734,0,DIV.116,DIV.116,77
138,4683734,0,DIV.120,DIV.120,79
138,4683734,0,DIV.125,M. THIERS,137
138,4683734,0,DIV.132,DISCOURS DE M. THIERS,2241
138,4683734,0,DIV.163,Un cadeau de bienvenue,367
138,4683734,0,DIV.176,Echange de prisonniers de guerre,201
138,4683734,0,DIV.183,ASSEMBLÉE NATIONALE,944
138,4683734,0,DIV.220,LES LOYERS,643
138,4683734,0,DIV.243,L'ALLOCATION DES GARDES NATIONAUX,493
138,4683734,0,DIV.258,DÉMISSION DE LEDRU-ROLLIN : Au président de l'Assemblée nationale :,360
138,4683734,0,DIV.272,LES HOMMES DU 4 SEPTEMBRE : JUGÉS PAR LA PRESSE BOURGEOISE,448
138,4683734,0,DIV.286,PLON-PLON,328
138,4683734,0,DIV.298,RENSEIGNEMENTS,653
138,4683734,0,DIV.316,Annonces,120
138,4683734,0,DIV.323,Publicité,28
139,4683752,0,DIV.31,AU PEUPLE DE PARIS,1334
139,4683752,0,DIV.65,DIV.65,202
139,4683752,0,DIV.74,DIV.74,169
139,4683752,0,DIV.79,DIV.79,334
139,4683752,0,DIV.87,DIV.87,381
139,4683752,0,DIV.95,DIV.95,87
139,4683752,0,DIV.100,DIV.100,119
139,4683752,0,DIV.104,DIV.104,234
139,4683752,0,DIV.110,DIV.110,193
139,4683752,0,DIV.115,DIV.115,86
139,4683752,0,DIV.118,LA RÉSURRECTION,1123
139,4683752,0,DIV.139,DIV.139,1492
139,4683752,0,DIV.172,TRIBUNAL,515
139,4683752,0,DIV.191,RÉPUBLIQUE FRANÇAISE : Au Peuple.,300
139,4683752,0,DIV.207,A LA GARDE NATIONALE,168
139,4683752,0,DIV.218,"RÉPUBLIQUE FRANÇAISE : Liberté, Egalité, Fraternité.",221
139,4683752,0,DIV.234,LA TRIBUNE DES LOCATAIRES,422
139,4683752,0,DIV.250,DIV.250,183
139,4683752,0,DIV.262,DIV.262,298
139,4683752,0,DIV.271,DIV.271,38
139,4683752,0,DIV.274,DIV.274,68
139,4683752,0,DIV.279,DIV.279,316
139,4683752,0,DIV.291,DIV.291,45
139,4683752,0,DIV.295,DIV.295,79
139,4683752,0,DIV.299,DIV.299,62
140,4683752,1,DIV.302,DIV.302,39
140,4683752,1,DIV.307,DIV.307,77
140,4683752,1,DIV.310,DIV.310,362
140,4683752,1,DIV.328,DIV.328,131
140,4683752,1,DIV.333,Publicité,24
141,4683771,0,DIV.29,DERNIÈRE HEURE,278
141,4683771,0,DIV.42,PARIS : VILLE LIBRE,2736
141,4683771,0,DIV.109,LES MORTS,698
141,4683771,0,DIV.133,DIV.133,57
141,4683771,0,DIV.137,LA BATAILLE,2910
141,4683771,0,DIV.221,DIV.221,153
141,4683771,0,DIV.228,DIV.228,57
141,4683771,0,DIV.232,DIV.232,45
141,4683771,0,DIV.235,DIV.235,52
141,4683771,0,DIV.239,DIV.239,53
141,4683771,0,DIV.243,DIV.243,98
141,4683771,0,DIV.247,DIV.247,66
141,4683771,0,DIV.252,DIV.252,57
141,4683771,0,DIV.255,DIV.255,81
141,4683771,0,DIV.261,DIV.261,20
141,4683771,0,DIV.265,DIV.265,191
141,4683771,0,DIV.278,DIV.278,161
141,4683771,0,DIV.286,DIV.286,103
141,4683771,0,DIV.292,DIV.292,375
141,4683771,0,DIV.305,LE RENDEZ-VOUS DE LA BOURSE,426
141,4683771,0,DIV.321,DIV.321,217
141,4683771,0,DIV.331,ACTES OFFICIELS,365
141,4683771,0,DIV.346,QUI PILLE-T-ON ?,562
141,4683771,0,DIV.370,DIV.370,172
141,4683771,0,DIV.375,Publicité,55
142,4683771,1,DIV.381,Publicité,43
143,4683793,0,DIV.36,DERNIÈRES NOUVELLES,198
143,4683793,0,DIV.49,DIV.49,80
143,4683793,0,DIV.52,AUTRES LARMES DE M. THIERS,1077
143,4683793,0,DIV.78,DIV.78,90
143,4683793,0,DIV.87,DIV.87,471
143,4683793,0,DIV.111,Fort de Vanves.,91
143,4683793,0,DIV.119,Fort d'Issy.,82
143,4683793,0,DIV.127,Fort de Montrouge.,773
143,4683793,0,DIV.158,DIV.158,72
143,4683793,0,DIV.162,DIV.162,63
143,4683793,0,DIV.166,DIV.166,717
143,4683793,0,DIV.181,DIV.181,242
143,4683793,0,DIV.188,LA RÉVOLUTION COSMOPOLITE,1091
143,4683793,0,DIV.210,DIV.210,246
143,4683793,0,DIV.220,ORDRE OU JOUR : Au général Eudes.,733
143,4683793,0,DIV.249,DIV.249,79
143,4683793,0,DIV.253,DIV.253,120
143,4683793,0,DIV.257,DIV.257,134
143,4683793,0,DIV.263,DIV.263,25
143,4683793,0,DIV.266,DIV.266,68
143,4683793,0,DIV.270,DIV.270,141
143,4683793,0,DIV.278,DIV.278,54
143,4683793,0,DIV.282,DIV.282,167
143,4683793,0,DIV.288,DIV.288,61
143,4683793,0,DIV.295,DIV.295,149
144,4683793,1,DIV.303,Projets de décrets.,217
144,4683793,1,DIV.317,Ordres,200
144,4683793,1,DIV.327,LE MOUVEMENT DÉPARTEMENTAL,887
144,4683793,1,DIV.360,LES MITRONS,221
144,4683793,1,DIV.370,AVIS DIVERS,1539
145,4683816,0,DIV.37,DERNIÈRES NOUVELLES,271
145,4683816,0,DIV.53,LE 21 MAI 1871,1113
145,4683816,0,DIV.80,Porte Maillot,219
145,4683816,0,DIV.87,Bicètre.,105
145,4683816,0,DIV.93,Montrouge,1574
145,4683816,0,DIV.133,ORDRE DU JOUR,206
145,4683816,0,DIV.145,LA PROVINCE,1157
145,4683816,0,DIV.177,"Menu du dîner servi au général Ducrot et à son état-major, : Chez le restaurateur GILLET, à la porte de Neuilly.",296
145,4683816,0,DIV.197,LYON,182
145,4683816,0,DIV.206,LA GARDE DE PARIS,788
145,4683816,0,DIV.237,ENCORE LES CONCILIATEURS,806
145,4683816,0,DIV.254,Le Congrès de Lyon,542
145,4683816,0,DIV.275,Une lettre curieuse de M. Crémieux.,315
145,4683816,0,DIV.292,LES BOURREAUX,527
145,4683816,0,DIV.313,DIV.313,52
145,4683816,0,DIV.318,DIV.318,67
145,4683816,0,DIV.322,DIV.322,103
145,4683816,0,DIV.326,DIV.326,79
145,4683816,0,DIV.331,DIV.331,146
145,4683816,0,DIV.336,DIV.336,16
145,4683816,0,DIV.339,DIV.339,278
145,4683816,0,DIV.345,DIV.345,128
145,4683816,0,DIV.349,DIV.349,111
145,4683816,0,DIV.354,DIV.354,80
145,4683816,0,DIV.357,DIV.357,54
146,4683816,1,DIV.360,DIV.360,42
146,4683816,1,DIV.363,DIV.363,94
146,4683816,1,DIV.370,NOUVELLE AFFAIRE PICPUS,537
146,4683816,1,DIV.389,COMMUNE DE PARIS,241
146,4683816,1,DIV.401,2e PROCLAMATION DU MARÉCHAL MAC-MAHON,221
146,4683816,1,DIV.413,ANARCHIE A VERSAILLES,92
146,4683816,1,DIV.418,PETITES INFAMIES,774
146,4683816,1,DIV.447,DIV.447,61
146,4683816,1,DIV.450,DIV.450,163
146,4683816,1,DIV.455,"Fédération républicaine du Rhône : LIBERTÉ, ÉGALITÉ, FRATERNITÉ, SOLIDARITÉ",585
146,4683816,1,DIV.489,Association internationale des travailleurs.,269
146,4683816,1,DIV.502,Convocations du dimanche 21 mai.,119
146,4683816,1,DIV.511,Fédération des Associations départementales.,152
146,4683816,1,DIV.522,Petit-Vanves.,41
146,4683816,1,DIV.527,Asnières.,85
146,4683816,1,DIV.534,Neuilly.,79
146,4683816,1,DIV.543,Montrouge,90
146,4683816,1,DIV.551,Bicêtre.,42
146,4683816,1,DIV.556,Montmartre.— Saint-Ouen.,45
146,4683816,1,DIV.564,DIV.564,146
146,4683816,1,DIV.571,AVIS IMPORTANT,116
146,4683816,1,DIV.578,Chasseurs fédérés.,128
146,4683816,1,DIV.585,DIV.585,246
146,4683816,1,DIV.601,Publicité,57
146,4683816,1,DIV.607,Publicité,29
147,4687352,0,DIV.27,THÉATRE FRANÇAIS.,214
147,4687352,0,DIV.41,OPÉRA-COMIQUE.,169
147,4687352,0,DIV.55,THÉaTRE TALIEN.,113
147,4687352,0,DIV.64,TH. ROYAL DE L'ODÉON.,116
147,4687352,0,DIV.70,TH. DE S. A. R. MADAME.,152
147,4687352,0,DIV.78,THEATRE DU VAUDEVILLE,130
147,4687352,0,DIV.85,TH. DES NOUVEAUTÉS.,101
147,4687352,0,DIV.91,THEATRE DES VARIETES,158
147,4687352,0,DIV.98,THÉATRE DE LA GAITÉ,27
147,4687352,0,DIV.103,AMBIGU-COMIQUE,22
147,4687352,0,DIV.108,TH. ST.-MARTIN.,27
147,4687352,0,DIV.113,CIRQUE-OLYMPIQUE. : Première représentation de la reprise,40
147,4687352,0,DIV.119,THEATRE DE M. COMTE.,34
147,4687352,0,DIV.126,THÉATRE DE JOLY.,63
147,4687352,0,DIV.144,TH. DU LUXEMBOURG.,29
147,4687352,0,DIV.150,"DIORAMA, : Boulevard St.-Martin, derrière le Château d'eau.",45
147,4687352,0,DIV.157,GÉORAMA.,41
147,4687352,0,DIV.162,Publicité,117
147,4687352,0,DIV.172,AVIS.,52
147,4687352,0,DIV.179,THÉATRE ROYAL DE L'ODÉON. : Une Fête de Néron.,1527
147,4687352,0,DIV.191,"ÉPHÉMÉRIDES UNIVERSELLES, : Publiées par M. Édouard Monnais. 4 Juin 1666. Première représentation du Misanthrope, comédie de Molière.",975
147,4687352,0,DIV.202,ASSASSINAT DE PAUL-LOUIS COURRIER. (TOURS.),1051
147,4687352,0,DIV.216,LE DERNIER JOUR DE L'ANNÉE.,574
147,4687352,0,DIV.222,BUTIN.,620
147,4687352,0,DIV.234,LOGOGRIPHE.,50
148,4687352,1,DIV.245,COURS DE LA RENTE DU 30 NOVEMBRE 1829.,91
148,4687352,1,DIV.253,DIV.253,173
148,4687352,1,DIV.262,DIV.262,728
148,4687352,1,DIV.277,Publicité,30
149,4687486,0,DIV.28,ACADÉMIE ROYALE DE MUSIQUE.,230
149,4687486,0,DIV.40,THÉATRE FRANÇAIS.,276
149,4687486,0,DIV.53,THÉATRE DE L'OPERA- COMIQUE.,186
149,4687486,0,DIV.65,THÉATRE ROYAL DE L'ODÉON.,131
149,4687486,0,DIV.80,THÉATRE DE S. A. R. MADAME.,116
149,4687486,0,DIV.88,THÉATRE DU VAUDEVILLE.,149
149,4687486,0,DIV.95,THÈATRE DES NOUVEAUTÉS.,98
149,4687486,0,DIV.101,THÉATRE DES VARIÉTÉS.,94
149,4687486,0,DIV.113,THÉATRE DE L'AMBIGU-COMIQUE.,50
149,4687486,0,DIV.120,THÉATRE DE LA PORTE S-MARTIN.,30
149,4687486,0,DIV.125,CIRQUE OLYMPIQUE.,44
149,4687486,0,DIV.131,THÉATRE DE M. COMTE.,29
149,4687486,0,DIV.137,THÉATRE D'ÉLÈVES.,37
149,4687486,0,DIV.143,DIORAMA.,77
149,4687486,0,DIV.148,"THÉATRE DE MADAME. : Première représentation de Perkins de Varbec, vaudeville en deux actes.",746
149,4687486,0,DIV.158,POÉSIES : DE JEAN-POLONIUS (*).,1606
149,4687486,0,DIV.215,RECRIMINATIONS D'UN BONHOMME.,976
149,4687486,0,DIV.225,CORRESPONDANCE.,351
149,4687486,0,DIV.240,BUTIN.,856
149,4687486,0,DIV.253,Annonces,230
149,4687486,0,DIV.257,LOGOGRIPHE.,96
149,4687486,0,DIV.271,LOTERIE ROYALE DE FRANCE : DERNIER TIRAGE DE PARIS.,38
149,4687486,0,DIV.277,EFFETS PUBLICS. - BOURSE DU 15 MAI.,1039
149,4687486,0,DIV.294,Publicité,29
150,4688245,0,DIV.25,ACADÉMIE ROYALE DE MUSIQUE,370
150,4688245,0,DIV.57,THEATRE FRANÇAIS.,173
150,4688245,0,DIV.77,OPÉRA-COMIQUE.,195
150,4688245,0,DIV.101,SECOND THÉATRE FRANÇAIS.,163
150,4688245,0,DIV.112,THÉATRE DU VAUDEVILLE.,161
150,4688245,0,DIV.121,GYMNASE DRAMATIQUE.,147
150,4688245,0,DIV.130,THÉATRE DES VARIÉTÉS.,124
150,4688245,0,DIV.136,THÉATRE DE LA GAITÉ.,35
150,4688245,0,DIV.141,AMBIGU COMIQUE.,44
150,4688245,0,DIV.147,THÉATRE DE LA PORTE ST-MARTIN.,108
150,4688245,0,DIV.154,"SECOND THEATRE FRANÇAIS. : Première représentation du Tambour nocturne , comédie de Destouches, arrangée en 3 actes.",436
150,4688245,0,DIV.162,"LITTERATURE. : Musée des Protestans célèbres, ou portraits et notices biographiques et littéraires des personnages les plus éminens dans l'histoire de la réformation et du protestantisme ; rédigé par une société de gens de lettres, et publié par M. G. T. Doin (1).",772
150,4688245,0,DIV.172,"BEAUX- ARTS. : Méthode de Dessin, par Ch. Alberti, ouvrage utile surtout aux personnes privées de la facilité d'avoir des professeurs. (1)",305
150,4688245,0,DIV.179,DE LA POMME DE TERRE.,1011
150,4688245,0,DIV.190,ON NE PEUT PAS TOUT FAIRE.,451
150,4688245,0,DIV.203,BUTIN.,1700
150,4688245,0,DIV.231,LIBRAIRIE.,106
150,4688245,0,DIV.236,LOTERIE ROYALE DE FRANCE. : dernier tirage de Bordeaux.,36
150,4688245,0,DIV.242,CHARADE.,46
150,4688245,0,DIV.249,BOURSE DE PARIS. : Cours de la rente le 22 juillet 1823.,61
150,4688245,0,DIV.256,Publicité,197
150,4688245,0,DIV.260,Publicité,33
151,4688397,0,DIV.27,RELACHE A TOUS LES THEATRES.,23
151,4688397,0,DIV.32,THÉATRE ROYAL DE L'OPÉRA-COMIQUE. : La Dame blanche. — Les Dettes. — Les acteurs.,847
151,4688397,0,DIV.42,BIBLIOTHÈQUE DRAMATIQUE : DE Mme DABO. (1),1444
151,4688397,0,DIV.58,ENVIRONS DE PARIS. : (5me année.) VINGTIÈME-TROISIÈME PROMENADE. — Sannois.,785
151,4688397,0,DIV.73,ÉCLAIRAGE.,486
151,4688397,0,DIV.82,LES RESTRICTIONS MENTALES.,521
151,4688397,0,DIV.90,BUTIN.,1244
151,4688397,0,DIV.112,"DIORAMA, : Boul.St.-Martin , derrière le Château d'eau.",86
151,4688397,0,DIV.118,"EUROPORAMA, passage de l'Opéra.",155
151,4688397,0,DIV.123,"GALERIE D'ANTIQUITES EGYPTIENNES. : Rue des Filles Saint-Thomas, n. 12.",52
151,4688397,0,DIV.129,Annonces,160
151,4688397,0,DIV.135,LOGOGRIPHE.,199
151,4688397,0,DIV.156,COURS DE LA RENTE DU 20 JANVIER 1826,71
151,4688397,0,DIV.161,Publicité,229
151,4688397,0,DIV.165,Publicité,33
152,4688682,0,DIV.26,ACADÉMIE ROYALE DE MUSIQUE. : (On commencera à 7 heures et demie.),200
152,4688682,0,DIV.42,THÉATRE FRANÇAIS.,210
152,4688682,0,DIV.56,OPERA-COMIQUE,301
152,4688682,0,DIV.80,THÉATRE ROYAL DE L'ODÉON.,192
152,4688682,0,DIV.90,THÉATRE DE S. A. R. MADAME.,138
152,4688682,0,DIV.98,THÉATRE DU VAUDEVILLE.,100
152,4688682,0,DIV.105,THÉATRE DES VARIÉTÉS,95
152,4688682,0,DIV.114,THÉATRE DE LA GAITÉ.,69
152,4688682,0,DIV.126,THÉATRE DE LA PORTE ST-MARTIN.,31
152,4688682,0,DIV.136,"THÉATRE DE M. COMTE,",43
152,4688682,0,DIV.148,THÉATRE D'ÉLÈVES (barrRochechouard),29
152,4688682,0,DIV.153,"TIVOLI,",22
152,4688682,0,DIV.158,"BEAUJON,",24
152,4688682,0,DIV.163,"PARC DU PORT A L'ANGLAIS,",45
152,4688682,0,DIV.168,ACADÉMIE ROYALE DE MUSIQUE. : Œdipe. — Mlle Noël. Dérivis. — Cendrillon.,841
152,4688682,0,DIV.185,THÉATRE DU VAUDEVILLE.,28
152,4688682,0,DIV.190,CHANT FRANÇAIS : SUR LES DESASTRES D'IPSARA ; Par X. B. Saintine (I).,1006
152,4688682,0,DIV.235,ANTIQUITES. : ( 2me Année. ) SIXIÈME LETTRE. — Vêtemens. — Eloge des candidats. — Intrigues de ces derniers.,1015
152,4688682,0,DIV.251,LE PETIT PRISONNIER. : ( Deuxième article. ),1062
152,4688682,0,DIV.265,BUTIN.,537
152,4688682,0,DIV.285,"Cours de la rente, le 28 septembre 1824.",47
152,4688682,0,DIV.293,DIV.293,43
152,4688682,0,DIV.299,LOTERIE ROYALE DE FRANCE. : Dernier tirage de Strasbourg.,37
152,4688682,0,DIV.305,Publicité,275
152,4688682,0,DIV.309,Publicité,31
153,4688750,0,DIV.31,THÉATRE FRANÇAIS,208
153,4688750,0,DIV.43,OPÉRA-COMIQUE,229
153,4688750,0,DIV.63,TH. DE S. A. R. MADAME : Spectacle demandé.,117
153,4688750,0,DIV.71,THÉATRE DU VAUDEVILLE,202
153,4688750,0,DIV.79,TH. DES NOUVEAUTÉS,83
153,4688750,0,DIV.90,DIV.90,114
153,4688750,0,DIV.96,DIV.96,77
153,4688750,0,DIV.102,THÉATRE DE LA GAITÉ,32
153,4688750,0,DIV.107,AMBIGU-COMIQUE,28
153,4688750,0,DIV.118,CIRQUE OLYMPIQUE.,59
153,4688750,0,DIV.126,THÉATRE DE M. COMTE.,27
153,4688750,0,DIV.137,THÉATRE D'ÉLÈVES.,29
153,4688750,0,DIV.142,TIVOLI,57
153,4688750,0,DIV.148,MONTAGNES FRANÇAISES,29
153,4688750,0,DIV.153,VAUXHALL,51
153,4688750,0,DIV.160,"DIORAMA, : Boulevard St.-Martin , derrière le Château d'Eau.",54
153,4688750,0,DIV.166,NÉORAMA,31
153,4688750,0,DIV.171,MANUEL DE L'HOMME DU MONDE : Guide complet de la toilette et du bon ton. Par A. Martin.,976
153,4688750,0,DIV.183,LA BIBLIOTHÉQUE ROYALE EN VACANCES.,857
153,4688750,0,DIV.192,SOUVENIRS D'ITALIE. : LE PRINCE GODOY.,1331
153,4688750,0,DIV.205,MODES.,370
153,4688750,0,DIV.217,DIV.217,788
153,4688750,0,DIV.226,DIV.226,276
153,4688750,0,DIV.239,DIV.239,35
153,4688750,0,DIV.252,DIV.252,219
154,4688750,1,DIV.260,DIV.260,434
154,4688750,1,DIV.275,COURS DE LA RENTE DU 6 SEPTEMBRE.,82
155,4701183,0,DIV.42,Publicité,439
155,4701183,0,DIV.54,Sommaire,1269
155,4701183,0,DIV.80,Publicité,150
155,4701183,0,DIV.85,LES CONSEILS DU VÉTÉRAN,627
155,4701183,0,DIV.107,Publicité,308
155,4701183,0,DIV.125,Publicité,648
155,4701183,0,DIV.151,La Nuit NE DURERA PAS TOUJOURS PAR LOUIS GILLET DE L'ACADÉMIE FRANÇAISE,1215
155,4701183,0,DIV.163,TOUCHONS DU BOIS,1855
155,4701183,0,DIV.211,"Emmène-moi... : NOUVELLE INÉDITE PAR SILVAIN REINER L'ANNEE VA FINIR. BOIBU, SIX ANS, RECEVRA-T-IL LE CADEAU QU'IL ESPERE : QUELQUES HEURES DE REVE MERVEILLEUX ET DE VISIONS MAGIQUES ? LILETTE, SA GRANDE SŒUR, L'A LAISSE SEUL.. MAIS UN MIRACLE, PARFOIS, EST POSSIBLE...",4493
155,4701183,0,DIV.328,"Merci, chères lectrices... : ...MERCI, POUR TOUTES CES RECETTES ET CES CONSEILS. CAR CEST DANS VOS INNOMBRABLES LETTRES QUE NOUS AVONS RECUEILLI CES PETITS SECRETS, QUI SERONT UTILES A TOUTES NOS AMIES POUR L'ANNÉE QUI VIENT.",1860
155,4701183,0,DIV.398,Horoscope DU 27 DECEMBRE AU 2 JANVIER,691
155,4701183,0,DIV.411,CONNAISSEZ-VOUS L'HISTOIRE DE FRANCE : REPONSES,121
155,4701183,0,DIV.417,QUESTIONS BAROQUES : REPONSES,281
155,4701183,0,DIV.430,Connaissez-vous l'histoire de France ?,85
155,4701183,0,DIV.441,POUR EUX RESTONS FEMININES,940
155,4701183,0,DIV.476,VARIATIONS SUR UNE BLOUSE CLASSIQUE,219
155,4701183,0,DIV.507,J'AI UNE ROBE VRAIMENT PRATIQUE,98
155,4701183,0,DIV.518,"ET VOUS SAVEZ ! c'est moi qui les fais... : LES BONBONS ? AVOUEZ-LE, VOUS LES AIMEZ ! PROFITEZ DE LA FIN DE L'ANNÉE POUR EN FABRIQUER QUELQUES-UNS A LA MAISON. LES OFFRIR SERA UNE FAÇON SIMPLE ET GENTILLE DE MARQUER LES FÊTES DU NOUVEL AN.",2483
155,4701183,0,DIV.563,DIV.563,80
155,4701183,0,DIV.567,COTELETTES DE PORC AUX MARRONS,104
155,4701183,0,DIV.573,CANARD A L'ORANGE,157
155,4701183,0,DIV.578,BŒUF A LA SAUCE AUX DATTES,263
155,4701183,0,DIV.584,POULET AUX NOIX,264
155,4701183,0,DIV.589,BŒUF MIROTON AUX PRUNEAUX,121
155,4701183,0,DIV.594,RAGOUT D'OIE AUX POMMES,236
156,4701183,1,DIV.600,MEDAILLONS AUX CITRONS,250
156,4701183,1,DIV.605,PORC AUX RAISINS,219
156,4701183,1,DIV.611,SELLE DE MOUTON A LA GELEE DE GROSEILLES,344
156,4701183,1,DIV.621,SELLE DE MOUTON A LA GELEE DE GROSEILLE,146
156,4701183,1,DIV.627,Connais-toi TOI-MÊME,375
156,4701183,1,DIV.652,DIV.652,4885
156,4701183,1,DIV.719,"IL N'AVAIT PLUS BESOIN D'ELLE NOUVELLE INEDITE PAR G. MARTINEZ : AVANT DE PARTIR, SON FILS AVAIT VOULU LA VOIR... IL AVAIT AUSSI ECRIT A MARY, SI BELLE ET SI TOUCHANTE EN SON DESARROI... MAIS UN CŒUR MATERNEL NE SAIT PAS S'ARRETER DE BATTRE ET...",4228
156,4701183,1,DIV.815,nos tricots,3003
156,4701183,1,DIV.889,La Folle Equipée DE Marie-Caroline : DUCHESSE DE BERRY GRAND RÉCIT HISTORIQUE INÉDIT PAR LUCILE DECAUX,3770
156,4701183,1,DIV.1017,★ TRENTE MINUTES DE VIE APRES LA MORT...,139
156,4701183,1,DIV.1022,Publicité,145
156,4701183,1,DIV.1025,★ CONFECTIONNEZ DES ENTREMETS AU CHOCOLAT.,113
156,4701183,1,DIV.1033,★ ENVOYEZ DU SOLEIL AUX ARMEES,60
156,4701183,1,DIV.1038,★ VOUS N'AVEZ PAS IDEE...,107
156,4701183,1,DIV.1046,"★ SERIE DES VIEUX PROVERBES COUCHE-TOI SANS SOUPER, TU TE LEVERAS SANS DETTE",162
156,4701183,1,DIV.1052,★ LE PLUS VIEUX JOURNAL DU MONDE,98
156,4701183,1,DIV.1057,★ SOURIEZ « JEUNE »...,68
156,4701183,1,DIV.1062,★ PREPAREZ VOUS-MEME CE SI ROP CONTRE TOUX. RHUMES ET GRIPPE.,233
156,4701183,1,DIV.1071,★ MADAME. MONSIEUR,133
156,4701183,1,DIV.1077,★ AVIS AU PUBLIC,152
156,4701183,1,DIV.1082,★ TOILES ET DRAPS DE LITS,71
156,4701183,1,DIV.1090,DIV.1090,225
156,4701183,1,DIV.1093,★ Quelle teinte dois-je choisir pour un pull-over devant être porté avec un tailleur bleu marine ?,148
156,4701183,1,DIV.1100,★ Puis-je préparer chez moi une licence d' anglais ?,262
156,4701183,1,DIV.1110,★ Y a-t-il un procédé pour rendre aux lainages leur souplesse ?,453
157,4701183,2,DIV.1121,★ J'ai un très beau renard bleu et ne sais quel parti en tirer...,300
157,4701183,2,DIV.1130,★ Que faire avec des restes de laine ?,25
157,4701183,2,DIV.1135,★ Les situations sont changées... Vous pouvez probablement me venir en aide.,44
157,4701183,2,DIV.1141,Publicité,225
157,4701183,2,DIV.1151,Départ matinal,251
157,4701183,2,DIV.1178,Publicité,213
157,4701183,2,DIV.1192,Ecoles-leçons : COURS COMMERCIAUX,277
157,4701183,2,DIV.1203,Publicité,122
157,4701183,2,DIV.1218,Publicité,53
157,4701183,2,DIV.1227,Publicité,171
157,4701183,2,DIV.1246,Publicité,277
157,4701183,2,DIV.1257,Publicité,51
157,4701183,2,DIV.1273,Publicité,182
157,4701183,2,DIV.1285,Publicité,112
157,4701183,2,DIV.1295,Publicité,76
157,4701183,2,DIV.1301,Publicité,2360
157,4701183,2,DIV.1335,DIV.1335,238
157,4701183,2,DIV.1350,Publicité,143
157,4701183,2,DIV.1363,Publicité,265
157,4701183,2,DIV.1376,Publicité,52
158,4701367,0,DIV.21,EXTÉRIEUR.,2975
158,4701367,0,DIV.57,INTERIEUR.,2216
158,4701367,0,DIV.74,"Ordonnance du Roi, portant convocation des deux Chambres, en date du 14 octobre 1819.",2557
158,4701367,0,DIV.118,DIV.118,2312
158,4701367,0,DIV.129,NOUVELLES DES THÉATRES.,1328
158,4701367,0,DIV.143,LOTERIE ROYALE DE FRANCE.,53
158,4701367,0,DIV.149,SPECTACLES DU 17 OCTOBRE.,208
158,4701367,0,DIV.155,Publicité,32
159,4701440,0,DIV.21,CHAMBRE DES DÉPUTÉS. : Présidence de M. RAVEZ.,3610
159,4701440,0,DIV.86,AMERIQUE.,137
159,4701440,0,DIV.92,ANGLETERRE.,758
159,4701440,0,DIV.107,SUÈDE.,180
159,4701440,0,DIV.113,ALLEMAGNE.,240
159,4701440,0,DIV.122,INTERIEUR.,1483
159,4701440,0,DIV.137,MINISTÈRE DE LA GUERRE.,614
159,4701440,0,DIV.152,DIV.152,2939
159,4701440,0,DIV.193,DIV.193,359
159,4701440,0,DIV.203,TRIBUNAUX. : Cour d'assisee.,169
159,4701440,0,DIV.209,ANNONCE.,130
159,4701440,0,DIV.215,SPECTACLES DU 31 DECEMBRE.,330
159,4701440,0,DIV.225,COURS DE LA BOURSE.,402
159,4701440,0,DIV.237,Publicité,32
160,4701441,0,DIV.22,Annonces,72
160,4701441,0,DIV.26,EXTÉRIEUR.,1581
160,4701441,0,DIV.39,INTERIEUR.,1184
160,4701441,0,DIV.54,DIV.54,2269
160,4701441,0,DIV.85,CHAMBRE DES DÉPUTÉS. : Séance du 30 juin.,4259
160,4701441,0,DIV.176,Commission des pétitions.,92
160,4701441,0,DIV.182,De l'Economie.,1981
160,4701441,0,DIV.200,MODES.,241
160,4701441,0,DIV.206,ANNONCE.,44
160,4701441,0,DIV.211,"LOTERIE ROYALE DE FRANCE, : Tirage de Lyon, du 20 juin.",41
160,4701441,0,DIV.217,SPECTACLES DU 1er JUILLET.,263
160,4701441,0,DIV.227,COURS DE LA BOURSE.,306
160,4701441,0,DIV.237,Publicité,32
161,4701494,0,DIV.22,DIV.22,55
161,4701494,0,DIV.26,EXTÉRIEUR.,2143
161,4701494,0,DIV.57,DÉPARTEMENS.,423
161,4701494,0,DIV.66,"PARIS , 23 AOUT. Revue électorale.",2691
161,4701494,0,DIV.85,DIV.85,2950
161,4701494,0,DIV.127,Exposition des Produits de l'Industrie française.,324
161,4701494,0,DIV.139,SPECTACLES.,1584
161,4701494,0,DIV.158,ANNONCE.,268
161,4701494,0,DIV.168,SPECTACLES GRATIS DU 24 AOUT.,204
161,4701494,0,DIV.178,COURS DE LA BOURSE.,233
161,4701494,0,DIV.186,Publicité,32
162,4701825,0,DIV.21,CHAMBRE DES DÉPUTÉS.,10074
162,4701825,0,DIV.163,EXTÉRIEUR. : ROYAUME DES DEUX SICILES.,1279
162,4701825,0,DIV.186,INTÉRIEUR.,659
162,4701825,0,DIV.197,DIV.197,1175
162,4701825,0,DIV.219,Publicité,26
163,4702250,0,DIV.26,ANGLETERRE.,516
163,4702250,0,DIV.37,AFFAIRES D'ORIENT.,3202
163,4702250,0,DIV.67,INTÉRIEUR.,1617
163,4702250,0,DIV.78,ÉLECTIONS DE PARIS.,788
163,4702250,0,DIV.113,DIV.113,225
163,4702250,0,DIV.119,DIV.119,2782
163,4702250,0,DIV.153,Portrait des électeurs payant 300 fr.,1146
163,4702250,0,DIV.174,Au rédacteur du Courrier Français.,664
163,4702250,0,DIV.186,COURS DE LA BOURSE. ( 15 mai 1822. ),391
163,4702250,0,DIV.199,"SPECTACLES, du 16 mai.",374
163,4702250,0,DIV.208,Publicité,26
164,4715618,0,DIV.24,Annonces,121
164,4715618,0,DIV.35,LE DISCOURS DU MARÉCHAL DE MOLTKE,1783
164,4715618,0,DIV.61,LA DÉCLARATION DE GUERRE,400
164,4715618,0,DIV.75,RÉPONSE DE LA TURQUE A LA DÉCLARATION DE GUERRE,680
164,4715618,0,DIV.90,En Russie,379
164,4715618,0,DIV.109,L'invasion de la Roumanie,817
164,4715618,0,DIV.133,Immobilité des Turcs,294
164,4715618,0,DIV.147,"Montenegro, Albanie, Serbie",112
164,4715618,0,DIV.155,DERNIÈRE HEURE (Du correspondant russe de la Petite Presse.),90
164,4715618,0,DIV.163,(De notre correspondant du Caucase),58
164,4715618,0,DIV.170,(De l'AGENCE HAVAS),55
164,4715618,0,DIV.177,Inondations en Russie,113
164,4715618,0,DIV.185,LA RAISON DE NOS ARMEMENTS MARITIMES,145
164,4715618,0,DIV.195,DIV.195,46
164,4715618,0,DIV.198,DIV.198,94
164,4715618,0,DIV.206,DIV.206,43
164,4715618,0,DIV.209,DIV.209,61
164,4715618,0,DIV.212,DIV.212,40
164,4715618,0,DIV.215,DIV.215,65
164,4715618,0,DIV.218,Petite Bourse du Boulevard : 25 Avril. — 10 heures du soir,132
164,4715618,0,DIV.226,LA STATUE DE GEORGE SAND,489
164,4715618,0,DIV.241,EXÉCUTION DE BILLOIR,80
164,4715618,0,DIV.250,Un cœur illustre à vendre,362
164,4715618,0,DIV.259,Triste suicide,295
164,4715618,0,DIV.268,Un soldat par la fenêtre,276
165,4715618,1,DIV.276,Le tableau où la mort !...,498
165,4715618,1,DIV.294,Le mystère de Charonne,99
165,4715618,1,DIV.300,DIV.300,65
165,4715618,1,DIV.303,Poignée d'Informations,996
165,4715618,1,DIV.335,UNE HEUREUSE TROUVAILLE,177
165,4715618,1,DIV.341,Publicité,135
165,4715618,1,DIV.347,Publicité,88
165,4715618,1,DIV.351,Annonces,64
165,4715618,1,DIV.357,M. de Cassagnac en appel.— Confusion des deux condamnations,645
165,4715618,1,DIV.371,"MUSIQUES MILITAIRES : Jeudi 26 avril, de 4 h. 3/4 à 5 h. 3/4",1074
165,4715618,1,DIV.390,Une pensée par jour,37
165,4715618,1,DIV.396,DÉCLARATIONS DE FAILLITES DU 23 AVRIL,182
165,4715618,1,DIV.412,Nouveaux exploits DE ROCAMBOLE : TROISIÈME PARTIE LES REPRÉSAILLES,2334
165,4715618,1,DIV.468,EN TURQUIE : CARNET DE VOYAGE D'UN PARISIEN,1421
165,4715618,1,DIV.496,Publicité,38
165,4715618,1,DIV.499,Annonces,55
165,4715618,1,DIV.503,Publicité,190
165,4715618,1,DIV.513,Publicité,147
165,4715618,1,DIV.523,Publicité,204
165,4715618,1,DIV.530,Publicité,125
165,4715618,1,DIV.533,Publicité,63
165,4715618,1,DIV.537,Publicité,61
165,4715618,1,DIV.540,Publicité,33
165,4715618,1,DIV.543,Publicité,65
165,4715618,1,DIV.546,Publicité,34
166,4715618,2,DIV.552,Publicité,301
166,4715618,2,DIV.564,Publicité,317
166,4715618,2,DIV.571,BULLETIN FINANCIER Du 25 avril 1877.,414
166,4715618,2,DIV.582,DIV.582,3918
166,4715618,2,DIV.610,DIV.610,58
166,4715618,2,DIV.616,DIV.616,50
166,4715618,2,DIV.619,DIV.619,66
166,4715618,2,DIV.623,SPECTACLES DU JEUDI 26 AVRIL,328
167,4717145,0,DIV.32,DIV.32,387
167,4717145,0,DIV.45,DIV.45,98
167,4717145,0,DIV.49,DIV.49,172
167,4717145,0,DIV.53,DIV.53,156
167,4717145,0,DIV.60,DIV.60,81
167,4717145,0,DIV.63,DIV.63,161
167,4717145,0,DIV.67,DIV.67,138
167,4717145,0,DIV.71,DIV.71,140
167,4717145,0,DIV.75,DIV.75,143
167,4717145,0,DIV.84,DIV.84,39
167,4717145,0,DIV.88,DIV.88,183
167,4717145,0,DIV.94,DIV.94,99
167,4717145,0,DIV.97,DIV.97,125
167,4717145,0,DIV.103,DIV.103,100
167,4717145,0,DIV.108,DIV.108,106
167,4717145,0,DIV.112,LA GUERRE AVEC LA CHINE,282
167,4717145,0,DIV.125,M. POUYER-QUERTIER A GISORS,720
167,4717145,0,DIV.138,Les tremblements de terre,524
167,4717145,0,DIV.155,L'ASSASSINAT DE LA VILLETTE : Obsèques de Mme Parlange,206
167,4717145,0,DIV.167,DIV.167,77
167,4717145,0,DIV.172,DIV.172,199
167,4717145,0,DIV.179,DIV.179,137
167,4717145,0,DIV.183,DIV.183,145
167,4717145,0,DIV.186,DIV.186,314
167,4717145,0,DIV.192,DIV.192,50
168,4717145,1,DIV.195,Le chauffage de l'Hôtel-de-Ville,347
168,4717145,1,DIV.204,TRIBUNAL DE COMMERCE,215
168,4717145,1,DIV.211,Le scandale de Beaucaire,312
168,4717145,1,DIV.220,Les diamants de la couronne,263
168,4717145,1,DIV.228,Les morts de l'Institut,140
168,4717145,1,DIV.239,La commission des logements insalubres,298
168,4717145,1,DIV.246,Le mot pour rire,56
168,4717145,1,DIV.253,LE PRINCE DE MORIA : DEUXIÈME PARTIE,5071
168,4717145,1,DIV.361,Récit navrant,656
168,4717145,1,DIV.378,Horrible pari,317
168,4717145,1,DIV.396,SAM-LE-ROUGE : PREMIÈRE PARTIE,2581
168,4717145,1,DIV.495,"Paris, 29 décembre 1884",815
168,4717145,1,DIV.512,Marché aux bestiaux de la Villette Du 29 décembre,723
168,4717145,1,DIV.525,Spectacles du mardi 30 décembre,510
168,4717145,1,DIV.539,RENSEIGNEMENTS,249
168,4717145,1,DIV.548,Publicité,74
168,4717145,1,DIV.557,Publicité,491
168,4717145,1,DIV.577,Publicité,125
168,4717145,1,DIV.587,Publicité,150
168,4717145,1,DIV.596,DIV.596,860
168,4717145,1,DIV.605,BULLETIN FINANCIER 29 décembre 1884,588
169,4717809,0,DIV.33,DIV.33,191
169,4717809,0,DIV.38,DIV.38,797
169,4717809,0,DIV.55,DIV.55,825
169,4717809,0,DIV.72,DIV.72,177
169,4717809,0,DIV.82,DIV.82,365
169,4717809,0,DIV.89,DIV.89,248
169,4717809,0,DIV.97,DIV.97,140
169,4717809,0,DIV.103,DIV.103,279
169,4717809,0,DIV.110,DIV.110,255
169,4717809,0,DIV.116,DIV.116,178
169,4717809,0,DIV.121,DIV.121,231
169,4717809,0,DIV.127,DIV.127,66
169,4717809,0,DIV.132,"TEMPS PROBABLE Samedi, 4 juillet.",72
169,4717809,0,DIV.142,PARIS,1573
169,4717809,0,DIV.186,DÉPARTEMENTS ET COLONIES,1974
169,4717809,0,DIV.227,ÉTRANGER,1179
169,4717809,0,DIV.257,LA VIE A BON MARCHÉ : LE MIROTON,192
169,4717809,0,DIV.267,LES NOCES DE GAMACHE A VIENNE,634
169,4717809,0,DIV.280,LA GUERRE DE L'AVENIR : IX LES CAMPS ET LE CAMPEMENT.,1806
169,4717809,0,DIV.351,LE DROIT A LA MOUSTACHE,697
169,4717809,0,DIV.367,UN CONSEIL PAR JOUR,88
169,4717809,0,DIV.376,LA FEMME IMMORTELLE PAR PONSON DU TERRAIL : PROLOGUE LA MAISON ENCHANTÉE,1806
169,4717809,0,DIV.439,UNE BONNE MÈRE,399
169,4717809,0,DIV.449,M. MÉDARD,2209
169,4717809,0,DIV.509,DIV.509,233
170,4717809,1,DIV.518,BULLETIN DES THÉATRES,443
171,4718354,0,DIV.25,DIV.25,53
171,4718354,0,DIV.37,DIV.37,244
171,4718354,0,DIV.47,DIV.47,243
171,4718354,0,DIV.58,DIV.58,440
171,4718354,0,DIV.77,DIV.77,315
171,4718354,0,DIV.85,DIV.85,293
171,4718354,0,DIV.94,DIV.94,247
171,4718354,0,DIV.110,DIV.110,555
171,4718354,0,DIV.131,DIV.131,537
171,4718354,0,DIV.149,DIV.149,236
171,4718354,0,DIV.157,DIV.157,151
171,4718354,0,DIV.169,DIV.169,134
171,4718354,0,DIV.176,DIV.176,42
171,4718354,0,DIV.179,A LA PORTE DE LA COUR D'ASSISES,603
171,4718354,0,DIV.199,"COUR D'ASSISES DE LA SEINE : Présidence de M. Thévenin, conseiller à la Cour impériale de Paris. Audience du 29 décembre. AFFAIRE TROPPMANN",14896
171,4718354,0,DIV.541,DIV.541,53
171,4718354,0,DIV.544,LES MYSTÈRES DES BOIS : DEUXIÈME ÉPISODE LES ARDENTES,1781
171,4718354,0,DIV.639,DIV.639,695
172,4723470,0,DIV.26,DIV.26,43
172,4723470,0,DIV.36,NOTRE GRAVURE,676
172,4723470,0,DIV.64,Un colonel allemand arrêté comme espion,330
172,4723470,0,DIV.76,DIV.76,118
172,4723470,0,DIV.85,Le prince Alexandre à Sofia,26
172,4723470,0,DIV.90,Soumission des troupes rebelles,50
172,4723470,0,DIV.97,Le Représentant anglais,43
172,4723470,0,DIV.103,En Serbie,129
172,4723470,0,DIV.112,En Autriche,119
172,4723470,0,DIV.120,MORT DE M. PLESSIER,63
172,4723470,0,DIV.125,PAUVRES RÉSERVISTES,79
172,4723470,0,DIV.130,NOUVELLE RÉGLEMENTATION DES CERCLES,662
172,4723470,0,DIV.146,Épouvantable explosion : On nous télégraphie de Barcelone :,379
172,4723470,0,DIV.162,LE JEUNE DE M. SUCCI,1061
172,4723470,0,DIV.181,DÉGRADATION MILITAIRE,365
172,4723470,0,DIV.192,UNE ANECDOTE SUR KARAMOKO,238
172,4723470,0,DIV.204,TOUJOURS LES SUITES DE L'ORAGE,348
172,4723470,0,DIV.215,FAUTE DE JEUNESSE PAR ALEXANDRE BOUTIQUE,2946
172,4723470,0,DIV.281,Le Crime de Saint-Denis : NOUVEAUX DÉTAILS,457
172,4723470,0,DIV.297,ÉPOUVANTABLE FORFAIT,944
172,4723470,0,DIV.310,UN GARDIEN ASSASSINÉ PAR UN DÉTENU,67
172,4723470,0,DIV.315,HORRIBLE MORT,148
172,4723470,0,DIV.321,VINGT-SIX PERSONNES EMPOISONNÉES,139
172,4723470,0,DIV.326,Publicité,38
172,4723470,0,DIV.330,DIV.330,55
173,4723470,1,DIV.334,UN CADAVRE FLOTTANT,484
173,4723470,1,DIV.346,LA RECONSTRUCTION DES GOBELINS,819
173,4723470,1,DIV.359,UN JOYEUX FAIRE-PART,129
173,4723470,1,DIV.370,CHEMINS DE FER DE PARIS A LYON ET A LA MÉDITERRANÉE,245
173,4723470,1,DIV.383,PROGRAMNE DES THEATRES ET DES CAFES-CONCERTS Du Dimanche 5 septembre 1886.,508
173,4723470,1,DIV.403,Publicité,2592
173,4723470,1,DIV.433,Publicité,37
173,4723470,1,DIV.436,Publicité,113
173,4723470,1,DIV.439,Publicité,131
173,4723470,1,DIV.446,Publicité,187
173,4723470,1,DIV.453,Annonces,114
173,4723470,1,DIV.463,Publicité,181
173,4723470,1,DIV.472,Publicité,204
173,4723470,1,DIV.480,Publicité,64
173,4723470,1,DIV.487,DIV.487,1342
173,4723470,1,DIV.499,BULLETIN FINANCIER Du 1 septembre 1886,460
174,4742203,0,DIV.32,BULLETIN,1235
174,4742203,0,DIV.53,France.,29
174,4742203,0,DIV.59,Angleterre.,299
174,4742203,0,DIV.72,Espagne.,36
174,4742203,0,DIV.78,Autriche.,85
174,4742203,0,DIV.84,Prusse.,150
174,4742203,0,DIV.92,Amérique.,120
174,4742203,0,DIV.100,DIV.100,976
174,4742203,0,DIV.116,LES ÉLECTIONS COMMUNALES.,1346
174,4742203,0,DIV.148,DIV.148,347
174,4742203,0,DIV.167,DIV.167,1078
174,4742203,0,DIV.184,DIV.184,602
174,4742203,0,DIV.199,Angleterre.,258
174,4742203,0,DIV.208,Belgique.,206
174,4742203,0,DIV.215,Espagne.,852
174,4742203,0,DIV.233,Italie.,123
174,4742203,0,DIV.239,Allemagne.,395
174,4742203,0,DIV.246,DIV.246,575
174,4742203,0,DIV.256,DIV.256,259
174,4742203,0,DIV.266,DIV.266,209
174,4742203,0,DIV.275,DIV.275,86
174,4742203,0,DIV.278,DIV.278,138
174,4742203,0,DIV.281,DIV.281,330
174,4742203,0,DIV.285,DIV.285,98
174,4742203,0,DIV.289,DIV.289,141
175,4742203,1,DIV.292,DIV.292,52
175,4742203,1,DIV.295,DIV.295,14
175,4742203,1,DIV.298,DIV.298,105
175,4742203,1,DIV.301,DIV.301,90
175,4742203,1,DIV.304,DIV.304,26
175,4742203,1,DIV.307,DIV.307,992
175,4742203,1,DIV.322,FAITS DIVERS,1593
175,4742203,1,DIV.354,"Tribunaux, étrangers : COUR LE CASSATION DU ROYAUME DE BELGIQUE (Bruxelles). Présidence de M. de Gerlade, premier président. Audience du 2 juillet.",1747
175,4742203,1,DIV.388,[titre_illisible] : PROIGUE.,4013
175,4742203,1,DIV.548,Dernières nouvelles.,549
175,4742203,1,DIV.569,DIV.569,589
175,4742203,1,DIV.582,"TIRAGE : DIMANCHE PROCHAIN, 23 JUILLET",437
175,4742203,1,DIV.595,SOUSCRIPTION PUBLIQUE EMPRUNT DES Villes de Roubaix et de Tourcoing (Nord),294
175,4742203,1,DIV.609,SPECTACLE DU DIMANCHE 16 JUILLET.,503
175,4742203,1,DIV.638,BULLETIN COMPARATIF DES RECETTES DES CHEMINS DE FER.,1500
175,4742203,1,DIV.654,Publicité,1068
175,4742203,1,DIV.667,Publicité,637
175,4742203,1,DIV.699,Publicité,147
175,4742203,1,DIV.713,Publicité,627
175,4742203,1,DIV.721,Publicité,834
175,4742203,1,DIV.730,Publicité,152
175,4742203,1,DIV.734,Publicité,25
175,4742203,1,DIV.737,DIV.737,6125
175,4742203,1,DIV.768,BOURSE DU 15 JUILLET 1865,822
175,4742203,1,DIV.787,Publicité,47
176,4743498,0,DIV.28,Annonces,75
176,4743498,0,DIV.32,Annonces,21
176,4743498,0,DIV.35,BOURSE DE PARIS DU 31 DECEMBRE,254
176,4743498,0,DIV.49,DIV.49,251
176,4743498,0,DIV.58,Dépêches reçues par pigeons voyageurs,448
176,4743498,0,DIV.76,DIV.76,1086
176,4743498,0,DIV.89,DIV.89,183
176,4743498,0,DIV.95,DIV.95,88
176,4743498,0,DIV.99,DIV.99,96
176,4743498,0,DIV.103,DIV.103,376
176,4743498,0,DIV.119,DIV.119,151
176,4743498,0,DIV.123,DIV.123,142
176,4743498,0,DIV.129,DIV.129,82
176,4743498,0,DIV.133,L'ANNÉE 1873,1695
176,4743498,0,DIV.155,DIV.155,192
176,4743498,0,DIV.162,La contribution personnelle et mobilière A PARIS,492
176,4743498,0,DIV.178,ECHOS DE VERSAILLES,1413
176,4743498,0,DIV.209,DIV.209,248
176,4743498,0,DIV.214,DIV.214,486
176,4743498,0,DIV.224,DIV.224,300
176,4743498,0,DIV.231,DIV.231,661
176,4743498,0,DIV.245,DIV.245,206
176,4743498,0,DIV.251,DIV.251,258
176,4743498,0,DIV.258,DIV.258,109
176,4743498,0,DIV.262,DIV.262,76
177,4743498,1,DIV.269,DIV.269,187
177,4743498,1,DIV.278,DIV.278,114
177,4743498,1,DIV.281,DIV.281,63
177,4743498,1,DIV.285,DIV.285,87
177,4743498,1,DIV.288,DIV.288,355
177,4743498,1,DIV.300,DIV.300,183
177,4743498,1,DIV.307,DIV.307,43
177,4743498,1,DIV.310,DIV.310,56
177,4743498,1,DIV.313,DIV.313,280
177,4743498,1,DIV.320,DIV.320,321
177,4743498,1,DIV.326,DIV.326,79
177,4743498,1,DIV.329,DIV.329,214
177,4743498,1,DIV.334,JOURNAL OFFICIEL,699
177,4743498,1,DIV.357,PROMOTIONS MILITAIRES,635
177,4743498,1,DIV.378,Conseil supérieur de l'instruction publique,1432
177,4743498,1,DIV.405,CAISSE D'ÉPARGNE DE PARIS,1087
177,4743498,1,DIV.431,CHRONIQUE,1354
177,4743498,1,DIV.463,Premières représentations,331
177,4743498,1,DIV.477,Présidence de M. Buffet.,6777
177,4743498,1,DIV.627,DEPÈCHES TÉLÉGRAPHIQUES,976
177,4743498,1,DIV.673,ESPAGNE,683
177,4743498,1,DIV.692,23 APPARTEMENT A LOUER (1),2536
177,4743498,1,DIV.758,REVUE SCIENTIFIQUE,1755
177,4743498,1,DIV.783,FAITS DIVERS,1606
177,4743498,1,DIV.831,Bulletin agricole.,355
178,4743498,2,DIV.845,Publicité,51
178,4743498,2,DIV.848,Publicité,106
178,4743498,2,DIV.852,Publicité,52
178,4743498,2,DIV.855,Publicité,82
178,4743498,2,DIV.858,DECLARATIONS DE FAILLITES,67
178,4743498,2,DIV.866,DIV.866,155
178,4743498,2,DIV.872,Annonces,56
178,4743498,2,DIV.878,DIV.878,808
178,4743498,2,DIV.910,DIV.910,414
178,4743498,2,DIV.922,Publicité,103
178,4743498,2,DIV.928,DIV.928,39
178,4743498,2,DIV.933,DIV.933,70
178,4743498,2,DIV.941,Publicité,365
178,4743498,2,DIV.950,DIV.950,125
178,4743498,2,DIV.957,DIV.957,86
178,4743498,2,DIV.966,Publicité,753
178,4743498,2,DIV.973,Programme,6609
178,4743498,2,DIV.1008,3 0/0,48
178,4743498,2,DIV.1014,5 0/0 (1872),59
178,4743498,2,DIV.1019,5 0/0 (LIBÉRÉ),60
178,4743498,2,DIV.1024,DIV.1024,604
178,4743498,2,DIV.1045,DIV.1045,436
178,4743498,2,DIV.1062,DU 1er JANVIER 1874,480
178,4743498,2,DIV.1077,Publicité,167
179,4743533,0,DIV.31,BOURSE DE PARIS DU 5 FEVRIER,248
179,4743533,0,DIV.47,DIV.47,393
179,4743533,0,DIV.59,DIV.59,55
179,4743533,0,DIV.64,DIV.64,43
179,4743533,0,DIV.68,DIV.68,106
179,4743533,0,DIV.74,DIV.74,1483
179,4743533,0,DIV.95,DIV.95,89
179,4743533,0,DIV.98,DIV.98,37
179,4743533,0,DIV.101,DIV.101,121
179,4743533,0,DIV.106,DIV.106,157
179,4743533,0,DIV.110,DIV.110,178
179,4743533,0,DIV.118,DIV.118,246
179,4743533,0,DIV.125,DIV.125,58
179,4743533,0,DIV.131,DIV.131,1086
179,4743533,0,DIV.145,DIV.145,2204
179,4743533,0,DIV.187,LETTRES D'ANGLETERRE : (Correspondance particulière de la FRANCE.),2006
179,4743533,0,DIV.216,ECHOS DES VERSAILLES,1394
179,4743533,0,DIV.238,COMMISSION CONSTITUTIONNELLE : Séance du 4 février.,1068
179,4743533,0,DIV.271,DIV.271,482
179,4743533,0,DIV.282,DIV.282,259
179,4743533,0,DIV.288,DIV.288,196
179,4743533,0,DIV.297,DIV.297,250
179,4743533,0,DIV.305,DIV.305,209
179,4743533,0,DIV.310,DIV.310,56
179,4743533,0,DIV.313,DIV.313,32
180,4743533,1,DIV.316,DIV.316,149
180,4743533,1,DIV.321,DIV.321,64
180,4743533,1,DIV.325,DIV.325,33
180,4743533,1,DIV.328,DIV.328,97
180,4743533,1,DIV.332,DIV.332,194
180,4743533,1,DIV.337,DIV.337,288
180,4743533,1,DIV.346,DIV.346,39
180,4743533,1,DIV.349,DIV.349,185
180,4743533,1,DIV.358,DIV.358,181
180,4743533,1,DIV.363,DIV.363,23
180,4743533,1,DIV.366,DIV.366,173
180,4743533,1,DIV.370,DIV.370,100
180,4743533,1,DIV.373,JOURNAL OFFICIEL,397
180,4743533,1,DIV.387,NOMINATION DES MAIRES,1689
180,4743533,1,DIV.410,Société des Agriculteurs de France,642
180,4743533,1,DIV.421,CHRONIQUE,1691
180,4743533,1,DIV.465,Compte rendu analytique de la séance du mercredi 4 février 1874.,5982
180,4743533,1,DIV.597,BUREAUX ET COMMISSIONS,284
180,4743533,1,DIV.607,DÉPÊCHES TÉLÉGRAPHIQUES,1209
180,4743533,1,DIV.656,ESPAGNE,1277
180,4743533,1,DIV.681,LIVRES NOUVEAUX,2191
180,4743533,1,DIV.721,DIV.721,3481
180,4743533,1,DIV.800,Publicité,43
180,4743533,1,DIV.806,Bulletin agricole.,407
180,4743533,1,DIV.822,Publicité,205
181,4743533,2,DIV.834,DECLARATIONS DE FAILLITES,532
181,4743533,2,DIV.849,DIV.849,481
181,4743533,2,DIV.863,Annonces,78
181,4743533,2,DIV.872,DIV.872,130
181,4743533,2,DIV.877,Annonces,82
181,4743533,2,DIV.884,DIV.884,135
181,4743533,2,DIV.896,DIV.896,1141
181,4743533,2,DIV.922,DIV.922,9850
181,4743533,2,DIV.979,3 0/0,71
181,4743533,2,DIV.985,5 0/0 (1872),62
181,4743533,2,DIV.990,5 0/0 (LIBÉRÉ),669
181,4743533,2,DIV.1003,DIV.1003,704
181,4743533,2,DIV.1028,DIV.1028,108
181,4743533,2,DIV.1032,DIV.1032,73
182,4743572,0,DIV.31,BOURSE DE PARIS DU 16 MARS,222
182,4743572,0,DIV.45,DIV.45,676
182,4743572,0,DIV.60,DIV.60,130
182,4743572,0,DIV.66,DIV.66,191
182,4743572,0,DIV.75,DIV.75,1161
182,4743572,0,DIV.88,DIV.88,154
182,4743572,0,DIV.94,DIV.94,184
182,4743572,0,DIV.99,DIV.99,82
182,4743572,0,DIV.104,DIV.104,68
182,4743572,0,DIV.109,DIV.109,220
182,4743572,0,DIV.114,UN RAPPROCHEMENT INEXACT,1246
182,4743572,0,DIV.128,LE 16 MARS A CHISLEHURST,1109
182,4743572,0,DIV.156,DIV.156,252
182,4743572,0,DIV.163,DIV.163,3769
182,4743572,0,DIV.210,LA SANTÉ PUBLIQUE,2294
182,4743572,0,DIV.247,DIV.247,69
182,4743572,0,DIV.251,DIV.251,106
182,4743572,0,DIV.256,DIV.256,116
182,4743572,0,DIV.260,DIV.260,24
182,4743572,0,DIV.263,DIV.263,156
182,4743572,0,DIV.268,DIV.268,231
182,4743572,0,DIV.273,DIV.273,463
182,4743572,0,DIV.286,DIV.286,104
182,4743572,0,DIV.291,DIV.291,77
182,4743572,0,DIV.294,DIV.294,130
183,4743572,1,DIV.302,DIV.302,103
183,4743572,1,DIV.306,DIV.306,105
183,4743572,1,DIV.311,DIV.311,133
183,4743572,1,DIV.314,DIV.314,432
183,4743572,1,DIV.328,CHRONIQUE ÉLECTORALE,834
183,4743572,1,DIV.369,4e conseil de guerre.,221
183,4743572,1,DIV.378,3e conseil de guerre.,327
183,4743572,1,DIV.388,Obligations de la ville de Paris. : EMPRUNT 1865. — 35e TIRAGE,450
183,4743572,1,DIV.398,CHRONIQUE,1357
183,4743572,1,DIV.436,COURSES D 'AUTEUIL,895
183,4743572,1,DIV.450,DEPÈCHES TÉLÉGRAPHIQUES,515
183,4743572,1,DIV.471,ESPAGNE,896
183,4743572,1,DIV.492,43 LE CRIME DU CAPITAINE : ROMAN PAR M. LOUIS REYNAUD,2231
183,4743572,1,DIV.558,RAVITAILLEMENT DE PARIS. — ESCROQUERIES.,457
183,4743572,1,DIV.571,"BULLETIN BIBLIOGRAPHIQUE : Souvenirs du règne de Louis XIV, par le comte DE COSNAC (Gabriel-Jules). — Renouard, éditeur, 6, rue de Tournon.",1070
183,4743572,1,DIV.582,FAITS DIVERS,2670
183,4743572,1,DIV.628,DIV.628,94
183,4743572,1,DIV.634,DIV.634,3194
183,4743572,1,DIV.685,DIV.685,382
183,4743572,1,DIV.700,Publicité,118
183,4743572,1,DIV.712,Publicité,39
183,4743572,1,DIV.718,Publicité,264
183,4743572,1,DIV.723,DECLARATIONS DE FAILLITES,359
183,4743572,1,DIV.734,VENTES ET ADJUDICATIONS,446
183,4743572,1,DIV.746,Annonces,41
184,4743572,2,DIV.750,AVIS DIVERS,348
184,4743572,2,DIV.761,Publicité,89
184,4743572,2,DIV.765,INDUSTRIES DIVERSES,288
184,4743572,2,DIV.775,MÉDECINE ET PHARMACIE,1375
184,4743572,2,DIV.802,Publicité,128
184,4743572,2,DIV.808,Publicité,195
184,4743572,2,DIV.815,Publicité,72
184,4743572,2,DIV.823,DIV.823,207
184,4743572,2,DIV.842,DIV.842,39
184,4743572,2,DIV.848,DIV.848,58
184,4743572,2,DIV.855,Publicité,61
184,4743572,2,DIV.859,Publicité,72
184,4743572,2,DIV.866,Publicité,2705
184,4743572,2,DIV.883,DIV.883,8939
184,4743572,2,DIV.957,3 0/0,52
184,4743572,2,DIV.962,5 0/0 (1872),58
184,4743572,2,DIV.967,5 0/0 (LIBÉRÉ),55
184,4743572,2,DIV.972,DIV.972,541
184,4743572,2,DIV.992,DIV.992,712
184,4743572,2,DIV.1016,DIV.1016,75
185,4743714,0,DIV.34,DIV.34,124
185,4743714,0,DIV.38,DIV.38,58
185,4743714,0,DIV.42,DIV.42,75
185,4743714,0,DIV.46,DIV.46,95
185,4743714,0,DIV.53,DIV.53,1548
185,4743714,0,DIV.71,DIV.71,59
185,4743714,0,DIV.76,DIV.76,110
185,4743714,0,DIV.80,DIV.80,224
185,4743714,0,DIV.85,DIV.85,332
185,4743714,0,DIV.92,DIV.92,515
185,4743714,0,DIV.104,DIV.104,156
185,4743714,0,DIV.111,DIV.111,345
185,4743714,0,DIV.118,Les Sociétés coopératives en Allemagne,2091
185,4743714,0,DIV.151,DIV.151,137
185,4743714,0,DIV.155,DIV.155,48
185,4743714,0,DIV.158,DIV.158,178
185,4743714,0,DIV.165,DIV.165,53
185,4743714,0,DIV.168,DIV.168,64
185,4743714,0,DIV.171,DIV.171,166
185,4743714,0,DIV.176,DIV.176,385
185,4743714,0,DIV.184,DIV.184,173
185,4743714,0,DIV.189,DIV.189,318
185,4743714,0,DIV.196,DIV.196,260
185,4743714,0,DIV.202,DIV.202,42
185,4743714,0,DIV.205,DIV.205,206
186,4743714,1,DIV.211,DIV.211,1268
186,4743714,1,DIV.232,JOURNAL OFFICIEL,805
186,4743714,1,DIV.261,Séance du samedi 8 août 1874.,1918
186,4743714,1,DIV.294,CHRONIQUE,3427
186,4743714,1,DIV.354,DÉPÊCHES TÉLÉGRAPHIQUES,605
186,4743714,1,DIV.386,ESPAGNE,493
186,4743714,1,DIV.396,La démission de M. Hyacinthe Loyson.,592
186,4743714,1,DIV.407,LE MOUVEMENT Dramatique et Littéraire : THÉATRE-FRANÇAIS. — Zaire.,3016
186,4743714,1,DIV.461,Résumé du lundi 3 au samedi 8 août.,4367
186,4743714,1,DIV.531,L'ENQUÊTE SUR L'AMERIQUE,1406
186,4743714,1,DIV.558,DIV.558,1389
186,4743714,1,DIV.572,DIV.572,459
186,4743714,1,DIV.578,DIV.578,774
186,4743714,1,DIV.594,DIV.594,3420
186,4743714,1,DIV.672,Publicité,97
186,4743714,1,DIV.675,DIV.675,73
186,4743714,1,DIV.678,Publicité,27
186,4743714,1,DIV.685,Publicité,200
186,4743714,1,DIV.698,Publicité,46
186,4743714,1,DIV.701,THÉATRES DU 9 AOUT,600
186,4743714,1,DIV.729,DIV.729,451
186,4743714,1,DIV.752,Annonces,50
186,4743714,1,DIV.758,Annonces,56
186,4743714,1,DIV.765,DIV.765,151
186,4743714,1,DIV.773,DIV.773,482
187,4743714,2,DIV.793,DIV.793,615
187,4743714,2,DIV.803,DIV.803,177
187,4743714,2,DIV.813,DIV.813,194
187,4743714,2,DIV.825,Publicité,840
187,4743714,2,DIV.855,Annonces,1390
187,4743714,2,DIV.876,Publicité,27
188,4743818,0,DIV.24,(SERVICE DE NUIT),529
188,4743818,0,DIV.51,DIV.51,846
188,4743818,0,DIV.72,DIV.72,62
188,4743818,0,DIV.75,DIV.75,152
188,4743818,0,DIV.79,DIV.79,303
188,4743818,0,DIV.84,Le vote IMMÉDIAT des lois constitutionnelles,373
188,4743818,0,DIV.95,LA CONVENTION DE 1787,498
188,4743818,0,DIV.105,DIV.105,265
188,4743818,0,DIV.115,DIV.115,283
188,4743818,0,DIV.122,DIV.122,30
188,4743818,0,DIV.126,DIV.126,99
188,4743818,0,DIV.132,DIV.132,58
188,4743818,0,DIV.136,DIV.136,114
188,4743818,0,DIV.142,DIV.142,103
188,4743818,0,DIV.147,LES ÉLECTIONS MUNICIPALES,1087
188,4743818,0,DIV.166,A TRAVERS LA PRESSE,759
188,4743818,0,DIV.183,LE SCRUTIN DU 22 NOVEMBRE,2910
188,4743818,0,DIV.301,"Séance du 23 novembre. : PRÉSIDENCE DE M. HÉROLD, VICE-PRÉSIDENT",493
188,4743818,0,DIV.319,DIV.319,808
188,4743818,0,DIV.330,DIV.330,235
188,4743818,0,DIV.337,OUVERTURE DU PARLEMENT ITALIEN,534
188,4743818,0,DIV.356,LE PRÉTENDU NANA-SAHIB,566
188,4743818,0,DIV.369,DIV.369,560
188,4743818,0,DIV.384,DANS LE MONDE,325
188,4743818,0,DIV.392,A L'ÉTRANGER,187
189,4743818,1,DIV.402,UN PEU PARTOUT,587
189,4743818,1,DIV.417,LE SPORT,697
189,4743818,1,DIV.433,AU THÉATRE,581
189,4743818,1,DIV.450,DIV.450,51
189,4743818,1,DIV.454,LA MESSE DE SAINTE-CÉCILE,919
189,4743818,1,DIV.474,FORTUNY,1820
189,4743818,1,DIV.498,LE MOUVEMENT ARTISTIQUE ET LITTÉRAIRE : LES LIVRES,2694
189,4743818,1,DIV.527,FAITS DIVERS,2714
189,4743818,1,DIV.588,9 HISTOIRE D'UN DÉCLASSÉ : PREMIERE PARTIE LES PREMIERES PAGES DE LA VIE,3824
189,4743818,1,DIV.669,Publicité,100
189,4743818,1,DIV.675,Publicité,129
189,4743818,1,DIV.679,Annonces,182
189,4743818,1,DIV.688,DIV.688,141
189,4743818,1,DIV.698,DIV.698,481
189,4743818,1,DIV.715,DIV.715,171
189,4743818,1,DIV.728,DIV.728,649
189,4743818,1,DIV.745,DIV.745,169
189,4743818,1,DIV.765,DIV.765,171
189,4743818,1,DIV.772,DIV.772,43
189,4743818,1,DIV.777,DIV.777,188
189,4743818,1,DIV.784,DIV.784,87
189,4743818,1,DIV.789,DIV.789,259
189,4743818,1,DIV.801,BOURSE DE PARIS DU 23 NOVEMBRE,1896
189,4743818,1,DIV.838,DIV.838,56
189,4743818,1,DIV.841,BOURSES ÉTRANGÈRES : Cours de clôture du 23 novembre.,3613
190,4743818,2,DIV.900,"DÉPÔT AU GREFFE : Formations, modifications, dissolutions de sociétés",597
190,4743818,2,DIV.916,DÉCLAMATIONS DE FAILLITES,860
190,4743818,2,DIV.942,DIV.942,1866
190,4743818,2,DIV.996,Marchés français.,2157
190,4743818,2,DIV.1044,Marchés étrangers,223
190,4743818,2,DIV.1054,BOURSE DE PARIS DU 23 NOVEMBRE,13622
190,4743818,2,DIV.1132,TH.-FRANÇAIS — 8 h. 0/0,147
190,4743818,2,DIV.1139,OPÉRA-COMIQUE — 8 h. 0/0,98
190,4743818,2,DIV.1145,"THÉATRE VENTADOUR, 8 h. : (ANCIEN THÉATRE ITALIEN)",84
190,4743818,2,DIV.1153,ODÉON — 8 h. 0/0,171
190,4743818,2,DIV.1158,OPÉRA POPULAIRE — 7h.1/2,110
190,4743818,2,DIV.1164,PORTE-ST-MARTIN — 7h.0/0,133
190,4743818,2,DIV.1171,VAUDEVILLE — 8 0/0,170
190,4743818,2,DIV.1178,GYMNASE — 8 0/0,236
190,4743818,2,DIV.1187,VARIÉTÉS — 7 h. 1/2,139
190,4743818,2,DIV.1193,PALAIS-ROYAL — 7 h. 1/4,28
190,4743818,2,DIV.1199,LYRIQUE-DRAMATIQUE 7h.1/2,131
190,4743818,2,DIV.1210,RENAISSANCE — 7 h. 1/2,39
190,4743818,2,DIV.1215,AMBIGU — 7 h. 1/2,89
190,4743818,2,DIV.1227,CHATEAU-D'EAU — 7 h. 1/2,45
190,4743818,2,DIV.1233,CLUNY — 7 h. 1/2,32
190,4743818,2,DIV.1238,FOLIES-DRAMATIQUES 7 3/4,37
190,4743818,2,DIV.1243,THÉATRE DES ARTS. 7 h. 1/2,38
190,4743818,2,DIV.1253,"THÉATRE DÉJAZET, 8 h. 0/0",44
190,4743818,2,DIV.1259,CIRQUE D'HIVER — 8 h.,27
191,4743818,3,DIV.1284,THÉATRE DES FAMILLES,34
192,4743854,0,DIV.22,ÉLECTION DU 3 JANVIER 1875 : Hautes-Pyrénées CANDIDAT DES COMITÉS RÉPUBLICAINS,63
192,4743854,0,DIV.32,Allemagne.,389
192,4743854,0,DIV.45,Italie.,146
192,4743854,0,DIV.57,LA LOI DU 13 MARS 1873,2486
192,4743854,0,DIV.104,DIV.104,331
192,4743854,0,DIV.110,DIV.110,55
192,4743854,0,DIV.114,DIV.114,241
192,4743854,0,DIV.128,DIV.128,409
192,4743854,0,DIV.137,A TRAVERS LA PRESSE,1827
192,4743854,0,DIV.164,Les affaires vont-elles ou ne vont-elles pas? : MOUVEMENT GÉNÉRAL D'importations et d'exportations 1869-1872 XII,2406
192,4743854,0,DIV.211,ACTES OFFICIELS,387
192,4743854,0,DIV.223,EXPOSITION DE VIENNE : Distribution des médailles et diplômes,250
192,4743854,0,DIV.234,DÉPARTEMENTS,573
192,4743854,0,DIV.254,ALLEMAGNE.,240
192,4743854,0,DIV.262,RUSSIE.,116
192,4743854,0,DIV.268,TURQUIE.,144
192,4743854,0,DIV.278,DIV.278,299
192,4743854,0,DIV.288,DIV.288,333
192,4743854,0,DIV.295,DIV.295,113
192,4743854,0,DIV.301,DIV.301,20
192,4743854,0,DIV.307,DIV.307,671
192,4743854,0,DIV.322,DIV.322,81
192,4743854,0,DIV.327,DIV.327,92
192,4743854,0,DIV.331,DIV.331,213
192,4743854,0,DIV.334,DIV.334,82
193,4743854,1,DIV.338,DIV.338,102
193,4743854,1,DIV.342,DIV.342,52
193,4743854,1,DIV.345,DIV.345,115
193,4743854,1,DIV.350,DIV.350,52
193,4743854,1,DIV.353,DIV.353,184
193,4743854,1,DIV.363,DIV.363,624
193,4743854,1,DIV.370,DIV.370,189
193,4743854,1,DIV.376,DIV.376,180
193,4743854,1,DIV.381,DIV.381,62
193,4743854,1,DIV.386,DIV.386,44
193,4743854,1,DIV.391,DIV.391,37
193,4743854,1,DIV.394,DIV.394,64
193,4743854,1,DIV.399,DIV.399,28
193,4743854,1,DIV.402,DIV.402,34
193,4743854,1,DIV.405,DIV.405,40
193,4743854,1,DIV.408,DIV.408,129
193,4743854,1,DIV.414,LA QUESTION DE L'OPÉRA : III LES ARTISTES — LES CHŒURS — L'ORCHESTRE,1466
193,4743854,1,DIV.457,COUR D'ASSISES DE LA SEINE : Audience du 29. LA BANDE LÉVY (suite). — JUGEMENT.,764
193,4743854,1,DIV.479,Publicité,35
193,4743854,1,DIV.482,FAITS DIVERS,2793
193,4743854,1,DIV.527,DIV.527,124
193,4743854,1,DIV.532,DIV.532,63
193,4743854,1,DIV.536,DIV.536,61
193,4743854,1,DIV.541,COMMUNICATIONS ET AVIS DIVERS,35
193,4743854,1,DIV.546,DIV.546,257
194,4743854,2,DIV.549,ÉTRENNES 1875 MERVEILLES ET SURPRISES DE LA CONFISERIE SEUGNOT,256
194,4743854,2,DIV.556,DIV.556,512
194,4743854,2,DIV.559,Publicité,27
194,4743854,2,DIV.565,Publicité,109
194,4743854,2,DIV.571,LA POIRE D'ANGOISSE,3803
194,4743854,2,DIV.682,Publicité,54
194,4743854,2,DIV.687,Publicité,27
194,4743854,2,DIV.690,Publicité,32
194,4743854,2,DIV.693,Publicité,46
194,4743854,2,DIV.696,Publicité,1156
194,4743854,2,DIV.714,DIV.714,336
194,4743854,2,DIV.720,Publicité,112
194,4743854,2,DIV.725,Annonces,65
194,4743854,2,DIV.729,Annonces,119
194,4743854,2,DIV.739,DIV.739,602
194,4743854,2,DIV.766,DIV.766,52
194,4743854,2,DIV.771,DIV.771,39
194,4743854,2,DIV.777,DIV.777,55
194,4743854,2,DIV.780,DIV.780,60
194,4743854,2,DIV.787,DIV.787,72
194,4743854,2,DIV.790,DIV.790,120
194,4743854,2,DIV.797,DIV.797,82
194,4743854,2,DIV.801,DIV.801,117
194,4743854,2,DIV.807,Publicité,247
194,4743854,2,DIV.830,DIV.830,1474
195,4743854,3,DIV.850,DIV.850,1815
195,4743854,3,DIV.878,BOURSES ÉTRANGÈRES : Cours de clôture du 29 décembre.,440
195,4743854,3,DIV.893,RENSEIGNEMENTS FINANCIERS,328
195,4743854,3,DIV.915,"TRIBUNAL DE COMMERCE DE LA SEINE : DÉPÔT AU GREFFE Formations, modifications, dissolutions de sociétés",528
195,4743854,3,DIV.935,DIV.935,2485
195,4743854,3,DIV.1006,Marchés français.,2586
195,4743854,3,DIV.1101,Halle de Paris.,161
195,4743854,3,DIV.1111,Beurres.,327
195,4743854,3,DIV.1120,Œufs.,78
195,4743854,3,DIV.1131,Pommes de terre,512
195,4743854,3,DIV.1142,BOURSE DE PARIS DU 29 DÉCEMBRE,11411
195,4743854,3,DIV.1205,OPÉRA — 7 h. 3/4,151
195,4743854,3,DIV.1212,TH.-FRANÇAIS — 8 h. 0/0,100
195,4743854,3,DIV.1217,OPÉRA-COMIQUE — 8 h. 0/0,115
195,4743854,3,DIV.1224,ODÉON — 8 h. 0/0,128
195,4743854,3,DIV.1234,CHATELET — 8 h. 0/0,145
195,4743854,3,DIV.1241,GYMNASE — 8 h. 0/0,219
195,4743854,3,DIV.1248,VAUDEVILLE — 7 h. 3/4,149
195,4743854,3,DIV.1256,VARIÉTÉS — 7 h. 1/2,130
195,4743854,3,DIV.1262,PORTE-ST-MARTIN—7h.1/4,103
195,4743854,3,DIV.1268,DIV.1268,35
195,4743854,3,DIV.1272,PALAIS-ROYAL— 7 h. 3/4,156
195,4743854,3,DIV.1280,LYRIQUE-DRAMATIQUE 7h.1/2,144
195,4743854,3,DIV.1286,RENAISSANCE — 7 h. 1/2,134
195,4743854,3,DIV.1292,BOUFFES-PARISIENS—7h.3/4,144
196,4743854,4,DIV.1300,AMBIGU — 7 h. 1/2,39
196,4743854,4,DIV.1305,FOLIES-DRAMATIQUES 7 1/2,49
196,4743854,4,DIV.1310,CHATEAU-D'EAU — 7 h. 1/4,40
196,4743854,4,DIV.1316,DIV.1316,166
197,4745347,0,DIV.26,23 SEPTEMBRE 1938... par Jean-Paul SARTRE,5880
197,4745347,0,DIV.198,LA CHASSE des gones : Choses vues par Jean BALENSI,9137
197,4745347,0,DIV.314,TOUT EST POSSIBLE,708
197,4745347,0,DIV.331,Ce que parler veut dire par Michel LEIRIS,1706
197,4745347,0,DIV.347,LE DERNIER ACTE par François MAURIAC de l'Académie française,1125
197,4745347,0,DIV.370,J'AI TORT... et m 'en excuse par Pierre BÉNARD,1002
197,4745347,0,DIV.418,EN PLEIN TRAVAIL,22
197,4745347,0,DIV.430,Suarez devant ses juges,1465
197,4745347,0,DIV.471,La reconnaissance si longtemps attendue,1199
197,4745347,0,DIV.497,Publicité,63
197,4745347,0,DIV.503,Publicité,54
197,4745347,0,DIV.507,Publicité,116
197,4745347,0,DIV.520,Publicité,93
197,4745347,0,DIV.524,Publicité,50
197,4745347,0,DIV.529,Publicité,121
197,4745347,0,DIV.535,Annonces,42
197,4745347,0,DIV.538,Annonces,79
197,4745347,0,DIV.544,« Winston » et « Liberty »,205
197,4745347,0,DIV.556,Renaissance de Cherbourg,211
197,4745347,0,DIV.566,Le démarcheur inconnu,244
197,4745347,0,DIV.572,Chacun son tour,228
197,4745347,0,DIV.586,Rééducation,143
197,4745347,0,DIV.595,Faire suivre...,78
197,4745347,0,DIV.602,Les loups entre eux,76
197,4745347,0,DIV.609,Un métier dangereux,190
198,4745347,1,DIV.623,Les amateurs d'art,220
198,4745347,1,DIV.631,La France partout,179
198,4745347,1,DIV.640,L'exemple belge,96
198,4745347,1,DIV.652,Réponse à un « munichois »,158
198,4745347,1,DIV.661,Branly médecin,174
198,4745347,1,DIV.672,Scepticisme,122
198,4745347,1,DIV.682,Annonces,135
198,4745347,1,DIV.689,Nécrologie,107
198,4745347,1,DIV.694,BOURSES D'ETUDES A L'E.S.D.,104
198,4745347,1,DIV.699,LES CADETTES DE L'E.N.S.,117
198,4745347,1,DIV.704,Publicité,74
198,4745347,1,DIV.709,Publicité,60
198,4745347,1,DIV.717,Publicité,61
198,4745347,1,DIV.726,LOIN DE RUEIL : Roman inédit par Raymond QUENEAU Illustration de DESBARBIEUX,6311
198,4745347,1,DIV.940,COURS ET LEÇONS,931
198,4745347,1,DIV.968,Jacques Rivière et l'Allemand d'après nature,1648
198,4745347,1,DIV.999,Publicité,75
198,4745347,1,DIV.1005,Publicité,102
198,4745347,1,DIV.1020,CENTENAIRE,581
198,4745347,1,DIV.1030,Souvenirs de l'occupation (suite),101
198,4745347,1,DIV.1036,Ce qui se prépare cher Albin Michel,137
198,4745347,1,DIV.1041,Publicité,167
198,4745347,1,DIV.1051,14 Juillet 1944 à Saint-Céré,376
198,4745347,1,DIV.1071,Ici et là...,177
198,4745347,1,DIV.1078,BIENTOT... : Aux « Editions de Minuit »,142
199,4745347,2,DIV.1084,Annonces,108
199,4745347,2,DIV.1089,Annonces,115
199,4745347,2,DIV.1094,DES REVUES reparaissent,635
199,4745347,2,DIV.1104,Sous la Coupole,330
199,4745347,2,DIV.1116,Littérature et Presse clandestines,172
199,4745347,2,DIV.1124,DIV.1124,51
199,4745347,2,DIV.1127,Publicité,63
199,4745347,2,DIV.1133,Publicité,39
199,4745347,2,DIV.1136,Publicité,69
199,4745347,2,DIV.1143,Publicité,31
199,4745347,2,DIV.1148,DE LA SORBONNE à. l'Institut français de New-York : L'ŒUVRE de quelques Français EN EXIL,1350
199,4745347,2,DIV.1182,Annonces,378
199,4745347,2,DIV.1195,Annonces,253
199,4745347,2,DIV.1213,COURS DE DESSIN PAR CORRESPONDANCE,263
199,4745347,2,DIV.1228,PÉTAIN JUGÉ,1755
199,4745347,2,DIV.1257,Deux expositions DESNOYER et DUBUFFET,1254
199,4745347,2,DIV.1279,DIV.1279,184
199,4745347,2,DIV.1287,CALENDRIER DES VENTES,164
199,4745347,2,DIV.1295,Annonces,182
199,4745347,2,DIV.1307,Annonces,39
199,4745347,2,DIV.1315,Annonces,566
199,4745347,2,DIV.1343,GALERIES D'ART,485
199,4745347,2,DIV.1366,On garde les mêmes,212
199,4745347,2,DIV.1374,Sacha le compatissant,159
199,4745347,2,DIV.1381,Entorse au règlement,87
200,4745347,3,DIV.1388,Il y a clerc et Clerc,146
200,4745347,3,DIV.1396,DIV.1396,219
200,4745347,3,DIV.1401,DIV.1401,58
200,4745347,3,DIV.1404,LA MUSIQUE SERGE PROKOFIEFF par Georges AURIC,964
200,4745347,3,DIV.1418,Publicité,65
200,4745347,3,DIV.1423,Publicité,141
200,4745347,3,DIV.1430,Dans les salles de Paris,499
200,4745347,3,DIV.1448,Publicité,50
200,4745347,3,DIV.1455,REALISATIONS ET PROMESSES DU THEATRE PARISIEN,797
200,4745347,3,DIV.1470,UN ETERNEL MALENTENDU,2145
200,4745347,3,DIV.1496,DIV.1496,67
200,4745347,3,DIV.1500,Publicité,830
200,4745347,3,DIV.1536,Des studios de Paris.. ...à ceux d'Hollywood,1691
200,4745347,3,DIV.1564,EVE A COMMENCÉ : UN FILM où l'on retrouve l'ONCLE SAM lui-même,1602
200,4745347,3,DIV.1588,MOTS CROISÉS,591
200,4745347,3,DIV.1600,Conseils de Fite : Pudding de récupération,253
200,4745347,3,DIV.1607,Petites Annonces,603
200,4745347,3,DIV.1635,MON CŒUR DANS UN BOUTON,869
200,4745347,3,DIV.1657,Publicité,81
200,4745347,3,DIV.1662,A travers les collections de grande couture,899
200,4745347,3,DIV.1687,MYTHOLOGIE,453
200,4745347,3,DIV.1699,Calendrier des collections,352
200,4745347,3,DIV.1720,SOLUTION DU PROBLEME N° 8 P. MONREAL,379
200,4745347,3,DIV.1728,PROBLEME N° 7 F. MICHEL : (Inédit),22
200,4745347,3,DIV.1736,PROBLEME N° 8,60
201,4745347,4,DIV.1742,NOUVELLES DES CERCLES,248
202,4745483,0,DIV.27,D'UN TRAPÈZE A L'AUTRE : Naissance d' une vocation PAR ZEMGANNO,1836
202,4745483,0,DIV.82,DIV.82,62
202,4745483,0,DIV.95,"LES ""BELLES AMES"" sont impuissantes PAR CLAUDE MORGAN",705
202,4745483,0,DIV.111,BRUXELLES quand on ne va pas au cinéma PAR Louis CHÉRONNET,3887
202,4745483,0,DIV.152,AVEC RAOUL DUFY A PERPIGNAN PAR LEON DEGAND,3197
202,4745483,0,DIV.224,Le président souriant,178
202,4745483,0,DIV.232,Drames intimes,258
202,4745483,0,DIV.244,Querelles idéologiques,307
202,4745483,0,DIV.256,Tripe républicaine,161
202,4745483,0,DIV.267,Au bord du gouffre,237
202,4745483,0,DIV.277,PRIX DE CONSOLATION,1125
202,4745483,0,DIV.298,Les armes et la toge,91
202,4745483,0,DIV.304,Où il y a de la gêne...,133
202,4745483,0,DIV.310,Ce que l'on raconte à Washington,154
202,4745483,0,DIV.318,La manière,130
202,4745483,0,DIV.327,Une provocation,515
202,4745483,0,DIV.338,Pitié pour Steinbeck,308
202,4745483,0,DIV.350,Un comble !,83
202,4745483,0,DIV.356,Américanisme,121
202,4745483,0,DIV.363,DIV.363,60
202,4745483,0,DIV.368,Ne tirez pas sur la pianiste,145
202,4745483,0,DIV.377,L'art français au secours des enfants roumains,168
202,4745483,0,DIV.389,Deus ex machina,200
202,4745483,0,DIV.399,A propos des étonnantes possibilités de la mémoire,224
202,4745483,0,DIV.405,Publicité,110
203,4745483,1,DIV.414,DIV.414,17
203,4745483,1,DIV.418,COUP D'ŒIL SUR LE MONDE : LA DERNIÈRE CHANCE POUR QUI ?,1248
203,4745483,1,DIV.434,Sans commentaires : BAC EN FANTAISIE,698
203,4745483,1,DIV.451,Tournée européenne,491
203,4745483,1,DIV.465,DIV.465,546
203,4745483,1,DIV.481,SOLUTION DU PROBLEME PRECEDENT,269
203,4745483,1,DIV.489,Une intéressante expérience,311
203,4745483,1,DIV.498,L'Ecole d'Athènes en péril PAR JEAN -MARIE GERBAULT,1429
203,4745483,1,DIV.512,DIV.512,150
203,4745483,1,DIV.518,LES GRANDS PROCÈS : L'OMBRE D'UN DICTATEUR EN COUR D'ASSISES PAR ROBERT GOFFIN,4765
203,4745483,1,DIV.600,Vanite... vanitas,153
203,4745483,1,DIV.610,Choix,104
203,4745483,1,DIV.618,Publicité,23
203,4745483,1,DIV.621,Publicité,118
203,4745483,1,DIV.625,Publicité,30
203,4745483,1,DIV.628,Publicité,61
203,4745483,1,DIV.633,Publicité,330
203,4745483,1,DIV.649,Une vraie Jeanne d'Arc,893
203,4745483,1,DIV.662,RÉHABILITATION du roman policier,512
203,4745483,1,DIV.674,LA VIE DES LETTRES,1945
203,4745483,1,DIV.704,DIV.704,46
203,4745483,1,DIV.715,ESSAIS,773
203,4745483,1,DIV.734,ROMANS,1017
203,4745483,1,DIV.754,DOCUMENTAIRES,263
203,4745483,1,DIV.766,"HISTOIRE : GROMWELL, par Léon Lemonnier (Tallandier, éd.).",218
204,4745483,2,DIV.773,Publicité,88
204,4745483,2,DIV.781,Publicité,72
204,4745483,2,DIV.793,"D'UNE PRISON, JE NE PUIS FAIRE DAVANTAGE : PAR THEMOS KORNAROS",1338
204,4745483,2,DIV.844,Publicité,540
204,4745483,2,DIV.886,La Mémoire de Max Jacob,66
204,4745483,2,DIV.892,"LE ""COUMBAROS"" écrivain grec",1281
204,4745483,2,DIV.923,TROIS ROMANS,2827
204,4745483,2,DIV.950,Un rénovateur du roman historique en Angleterre : JACK LINDSAY PAR I. GRUNBERG,1014
204,4745483,2,DIV.965,Le Congrès de l'Education artistique,112
204,4745483,2,DIV.971,Les Samedis du C.N.E.,99
204,4745483,2,DIV.977,Publicité,713
204,4745483,2,DIV.1026,LES FANTÔMES ARMÉS : Grand roman inédit. d'Elsa TRIOLET Illustré par FOUGERON,7587
204,4745483,2,DIV.1185,Publicité,121
204,4745483,2,DIV.1196,TRAVAIL ET CULTURE : INITIATION MUSICALE,808
204,4745483,2,DIV.1215,JEAN-JOSEPH RABEARIVELO poète malgache PAR ROBERT BOUDRY,2148
204,4745483,2,DIV.1248,Publicité,314
204,4745483,2,DIV.1267,Ce qui se passe EN ESPAGNE PAR ALVAREZ DEL VAYO,1446
204,4745483,2,DIV.1297,Le protecteur de Académie a applaudi le maire de Lyon,1100
204,4745483,2,DIV.1331,BILAN bruxellois,1787
204,4745483,2,DIV.1357,DIV.1357,151
204,4745483,2,DIV.1368,Publicité à la hauteur,132
204,4745483,2,DIV.1375,Le million,188
204,4745483,2,DIV.1384,Le rire de Jouvet,117
204,4745483,2,DIV.1393,Identités,179
204,4745483,2,DIV.1402,Rosserie,136
205,4745483,3,DIV.1409,Divin,115
205,4745483,3,DIV.1417,LE PALMARÈS DE BRUXELLES,311
205,4745483,3,DIV.1431,DIV.1431,121
205,4745483,3,DIV.1435,EN TOUTE LIBERTE (de notre envoyé spécial à Bruxelles),584
205,4745483,3,DIV.1458,Le mariage de Rachel et une fantaisie en 3 tableaux au Théâtre La Bruyère,378
205,4745483,3,DIV.1476,La farce du poulailler au Théâtre de la Renaissance,406
205,4745483,3,DIV.1492,LES FILMS NOUVEAUX : Le Charcutier de Machonville,178
205,4745483,3,DIV.1499,Nous avons aimé...,125
205,4745483,3,DIV.1508,Publicité,170
205,4745483,3,DIV.1514,Publicité,65
205,4745483,3,DIV.1519,Publicité,86
205,4745483,3,DIV.1524,LA VIOLETTE DU PRATER : GRAND ROMAN INÉDIT PAR Christopher ISHERWOOD,2199
205,4745483,3,DIV.1611,LES CONCOURS DRAMATIQUES DU CONSERVATOIRE : Restriction sur le nombre et la qualité,1353
205,4745483,3,DIV.1640,Rétrospective du funambulisme,941
205,4745483,3,DIV.1650,LES LETTRES Françaises,1048
205,4745483,3,DIV.1689,DIV.1689,354
205,4745483,3,DIV.1696,Charles Vildrac :,379
205,4745483,3,DIV.1707,Gaston Baty :,288
205,4745483,3,DIV.1718,Marie-Hélène Dasté :,237
205,4745483,3,DIV.1727,Jean Vilar :,275
205,4745483,3,DIV.1742,Tenues de voyage,737
205,4745483,3,DIV.1760,Bagages d'hier et d'aujourd'hui,559
205,4745483,3,DIV.1774,UNE INNOVATION LA POUDRE DE SOIE,457
205,4745483,3,DIV.1781,LA DANSE : L'amour sorcier à l'Opéra-Comique,411
205,4745483,3,DIV.1791,Publicité,46
206,4745483,4,DIV.1798,RAMPES ET PROJECTEURS,265
206,4745483,4,DIV.1805,Publicité,188
206,4745483,4,DIV.1819,PLUS D'ONGLES CASSÉS,100
206,4745483,4,DIV.1825,DEMANDES D'EMPLOI 35 fr.,122
206,4745483,4,DIV.1831,PENSIONS D'ENFANTS,108
206,4745483,4,DIV.1838,COURS ET LEÇONS 85 fr.,31
206,4745483,4,DIV.1843,MARIAGES 95 fr.,218
206,4745483,4,DIV.1850,CORRESPONDANCE 95 fr.,567
206,4745483,4,DIV.1856,L'AUDIENCE EST OUVERTE : LES ENFANTS PERDUS par FERNAND POUEY,1007
206,4745483,4,DIV.1889,PALAIS DISPARUS,965
206,4745483,4,DIV.1918,LE MARCHAND D'ACCENTS : Nouvelle inédite par SANDOR GARAY SANDOR GARAY,4081
207,4745664,0,DIV.20,Vaincre !,18
207,4745664,0,DIV.33,Communiqué de la Préfecture de la Seine,200
207,4745664,0,DIV.41,Un appel de Radio-Brazzaville,158
207,4745664,0,DIV.49,"Paris vit des heures de bataille : Des chars allemands ont ouvert le feu, samedi et dimanche, sur l'île de la Cité mais sans reprendre la Préfecture de Police",1922
207,4745664,0,DIV.104,LA LIBERTE RECONQUISE,524
207,4745664,0,DIV.118,Dans les rues de Paris cyclistes et piétons souriaient face aux canons braqués,859
207,4745664,0,DIV.134,Ils partent...,52
207,4745664,0,DIV.142,N'oublions pas,555
207,4745664,0,DIV.171,"LONDRES ET NEW-YORK ANNONCENT: : Les Alliés aux abords de Corbeil, Melun et Fontainebleau et aux portes de Versailles LES ÉLÉMENTS AVANCÉS A 6 KILOMÈTRES DE PARIS PRISE D'AIX-EN-PROVENCE",1194
207,4745664,0,DIV.198,"Le général de Gaulle est arrivé en France : « Nous reconstruirons Cherbourg d'une manière plus grandiose et plus belle, exactement comme nous reconstruirons la France. » a déclaré le Chef du Gouvernement provisoire de la République",374
207,4745664,0,DIV.213,Les tickets-lettres de pain sont validés,109
207,4745664,0,DIV.221,Toutes les salles de spectacle de Paris sont occupées,63
207,4745664,0,DIV.226,Défense de la France paraît déjà depuis 15 Jours à Rennes,113
207,4745664,0,DIV.234,M. Marcel Willard secrétaire général à la Justice s'est installé place Vendôme,135
207,4745664,0,DIV.242,DIV.242,48
207,4745664,0,DIV.248,"L'OFFENSIVE DE L'ARMÉE ROUGE en direction de l'Allemagne AVANCE VERS SES TROIS OBJECTIFS : la Prusse Orientale, Varsovie et la Silésie",374
207,4745664,0,DIV.262,Les Allemands bombardent Florence,69
207,4745664,0,DIV.267,Mussolini révèle les clauses de l'armistice entre Badoglio et les Alliés,163
207,4745664,0,DIV.275,Des troupes belges opèrent en France,49
207,4745664,0,DIV.281,"Ce qu'est ""Défense de la France""",948
207,4745664,0,DIV.298,""" La résistance et la police ont eu une attitude masnifique "" nous dit M. Charles LUIZET, Préfet de Police",836
207,4745664,0,DIV.330,"En Italie, la VIIIe armée occupe Pergola",341
207,4745664,0,DIV.343,"Le Gouvernement de Vichy est venu s'effondrer à Paris : La plupart des ministres sont emmenés par les Allemands, les autres se cachent Les SS arrêtent M. Herriot qui proteste solennellement",1552
207,4745664,0,DIV.375,""" PUNIR LES COUPABLES supprimer les comités d'organisation et dépanner notre industrie seront les trois questions principales que nous aurons à régler "" nous déclare le Secrétaire général provisoire à la production industrielle",767
207,4745664,0,DIV.409,Versailles se prépare à recevoir les Alliés,97
208,4745664,1,DIV.415,Une conférence de Gaulle-Eisenhower et Kœnig,56
208,4745664,1,DIV.420,Chartres honore ses morts,111
208,4745664,1,DIV.425,Le colonel Beaupuis occupe le C. G. S.,64
208,4745664,1,DIV.430,Les Russes ont percé au sud de l'Estonie,50
208,4745664,1,DIV.435,Quatre bateaux ennemis détruits en Méditerranée,141
208,4745664,1,DIV.442,"Déjà des combines.., et dans le cinéma les Allemands essaient de sauver les meubles",182
208,4745664,1,DIV.449,JEAN MARIN Directeur Russes- Bretagne,65
209,4746895,0,DIV.33,Publicité,65
209,4746895,0,DIV.38,Publicité,93
209,4746895,0,DIV.46,TEMPERAMENTS ET DOCTRINES,931
209,4746895,0,DIV.66,Le Président Loubet.,1241
209,4746895,0,DIV.115,L'offensive manquée,314
209,4746895,0,DIV.134,M. Léon Blum,350
209,4746895,0,DIV.154,Le coup du Père François,213
209,4746895,0,DIV.165,Un étrange parlementaire !,558
209,4746895,0,DIV.178,Le souvenir de Robert de Flers.,379
209,4746895,0,DIV.188,Le banquet François Pietri.,191
209,4746895,0,DIV.199,Annonces,37
209,4746895,0,DIV.213,DIV.213,66
209,4746895,0,DIV.220,La femme de chambre et sa comtesse par Anna KACHINA,3664
209,4746895,0,DIV.334,Un voyage en Amérique du Sud Par Georges PORTMANN,5443
209,4746895,0,DIV.444,DIV.444,194
209,4746895,0,DIV.479,Pierre Louys et Aphrodite par R. CARDINNE -PETIT,2361
209,4746895,0,DIV.530,Le cabinet secret (suite).,1572
209,4746895,0,DIV.546,La justice du peuple.,1074
209,4746895,0,DIV.565,JANE MARNAC par Paul REBOUX,2200
209,4746895,0,DIV.620,DIV.620,489
209,4746895,0,DIV.665,CHEMINS DE FER DE L'ETAT Le Havre-Southampton,208
209,4746895,0,DIV.674,DIV.674,875
209,4746895,0,DIV.725,"AMOUR NUPTIAL de Jacques de Lacretelle par Abel HERMANT, de l'Académie Française",2324
209,4746895,0,DIV.753,LES TROIS ARTS DE Mme ANDRÉE SIKORSKA,1120
209,4746895,0,DIV.774,"Eloge d'un mari, par MAX FISCHER (Le- marget).",121
210,4746895,1,DIV.779,"Où va la Syrie, par ROBERT DE BEAUPLAN (Tallandier).",100
210,4746895,1,DIV.784,"Océan et Brésil, par ABEL BONNARD (Flammarion).",141
210,4746895,1,DIV.789,"L'Initiatrice aux mains vides, par JEANNE GALZY (Rieder).",131
210,4746895,1,DIV.794,"Psychologie de l'immortalité, par BERNARD GRASSET (Nouvelle Revue française).",129
210,4746895,1,DIV.800,"Les faux poids de la balance, par L.-G. GUERDAN (Argo).",147
210,4746895,1,DIV.805,"Le mystère du chevalier d'Eon, par JEAN MOURA et PAUL LOUVET (Nouvelle Revue Française).",176
210,4746895,1,DIV.810,"Dans les houles d'Islande, par EMILE CONDROYER (Nouvelle Revue Critique).",169
210,4746895,1,DIV.815,Publicité,83
210,4746895,1,DIV.824,Publicité,209
210,4746895,1,DIV.833,Publicité,77
210,4746895,1,DIV.842,DIV.842,44
210,4746895,1,DIV.851,"VOICI TON MAITRE : Roman, par MARCEL, PRÉVOST, de l'Académie Française",5887
210,4746895,1,DIV.914,Publicité,89
210,4746895,1,DIV.923,Publicité,190
210,4746895,1,DIV.933,Publicité,55
210,4746895,1,DIV.941,Annonces,61
210,4746895,1,DIV.950,"FORTUNÉ Comédie en un acte de Robert DELAMARE : Pièce créée au Théâtre du Grand Guignol, le 14 Octobre 1929",9616
210,4746895,1,DIV.1309,Publicité,185
210,4746895,1,DIV.1315,Publicité,70
210,4746895,1,DIV.1323,Marseille à l'étranger,773
210,4746895,1,DIV.1351,LEÇONS D'ANGLAIS,933
210,4746895,1,DIV.1368,"Suivez-moi, Madame... Par Pierre WOLFF",1017
210,4746895,1,DIV.1421,RÊVES DE NOËL,925
210,4746895,1,DIV.1447,Paris -1900,830
210,4746895,1,DIV.1476,EN VOUDRIEZ-VOUS CHEZ VOUS ?,826
211,4746895,2,DIV.1494,DIV.1494,25
211,4746895,2,DIV.1501,NOËL ! NOËL !,28
211,4746895,2,DIV.1509,DIV.1509,23
211,4746895,2,DIV.1516,Publicité,105
211,4746895,2,DIV.1522,Adjugé!,914
211,4746895,2,DIV.1531,Annonces,51
211,4746895,2,DIV.1535,Publicité,49
211,4746895,2,DIV.1543,DIV.1543,163
211,4746895,2,DIV.1553,DIV.1553,84
211,4746895,2,DIV.1564,DIV.1564,361
211,4746895,2,DIV.1599,DIV.1599,50
211,4746895,2,DIV.1607,DIV.1607,82
211,4746895,2,DIV.1614,DIV.1614,254
211,4746895,2,DIV.1624,DIV.1624,124
211,4746895,2,DIV.1638,LA SANTE : PATES ET PURÉES,485
211,4746895,2,DIV.1653,LA TABLE : Réveillon,724
211,4746895,2,DIV.1669,LA COIFFURE,363
211,4746895,2,DIV.1680,LA MODE,293
211,4746895,2,DIV.1699,DIV.1699,380
211,4746895,2,DIV.1712,Conseils pour Zoé,639
211,4746895,2,DIV.1726,Les soins du visage...,210
211,4746895,2,DIV.1737,Quand la femme est moderne...,309
211,4746895,2,DIV.1746,BALS D'AUTREFOIS,351
211,4746895,2,DIV.1761,LE NOUVEAU SAVOIR-VIVRE : CARTES DE DAMES,472
211,4746895,2,DIV.1780,DIV.1780,185
212,4746895,3,DIV.1785,Le musée du Louvre chez la marquise de Sévigné,198
212,4746895,3,DIV.1794,Une adresse à retenir,42
212,4746895,3,DIV.1799,Il y aura toujours des blondes.,163
212,4746895,3,DIV.1818,Publicité,368
212,4746895,3,DIV.1831,Publicité,44
212,4746895,3,DIV.1838,Publicité,27
212,4746895,3,DIV.1847,AU CHATELET : ROBERT-LE-PIRATE,754
212,4746895,3,DIV.1862,LA MUSIQUE : Wanda Landowska,935
212,4746895,3,DIV.1873,LES DISQUES : Chants étrangers,528
212,4746895,3,DIV.1883,MARCHE AUX HOMMES par J. KESSEL,1207
212,4746895,3,DIV.1914,SHANGAI,860
212,4746895,3,DIV.1932,DANSES : Pomiès et Nikitina,712
212,4746895,3,DIV.1949,DEVANT LE HAUT-PARLEUR : Comme chez Nicollet,656
212,4746895,3,DIV.1959,AU CINEMA : Prisonniers de la montagne,655
212,4746895,3,DIV.1977,Publicité,88
212,4746895,3,DIV.1985,Publicité,124
212,4746895,3,DIV.1991,Une étoile nouvelle.,91
212,4746895,3,DIV.1997,Un nouveau cigare,140
212,4746895,3,DIV.2004,Phonographes.,107
212,4746895,3,DIV.2009,Hasard et cinéma.,76
212,4746895,3,DIV.2019,Il faut choisir,148
212,4746895,3,DIV.2024,Publicité,44
212,4746895,3,DIV.2029,L'école de la jeunesse,296
212,4746895,3,DIV.2044,DIV.2044,399
212,4746895,3,DIV.2068,DIV.2068,882
213,4746895,4,DIV.2094,DIV.2094,1231
213,4746895,4,DIV.2146,DIV.2146,190
213,4746895,4,DIV.2155,DIV.2155,218
213,4746895,4,DIV.2167,DIV.2167,483
213,4746895,4,DIV.2191,DIV.2191,233
213,4746895,4,DIV.2199,DIV.2199,76
213,4746895,4,DIV.2206,DIV.2206,263
213,4746895,4,DIV.2225,DIV.2225,145
213,4746895,4,DIV.2229,Annonces,406
213,4746895,4,DIV.2249,L'ABBÉ GOTTELAND,1188
213,4746895,4,DIV.2263,Les nuits du Yang-Tsé par André BERNIS,4727
213,4746895,4,DIV.2389,SOURIRES,103
213,4746895,4,DIV.2408,Publicité,333
213,4746895,4,DIV.2414,Annonces,71
213,4746895,4,DIV.2418,Publicité,784
213,4746895,4,DIV.2441,-PETITES ANNONCES : 7 francs la ligne (Minimum trois lignes),4597
213,4746895,4,DIV.2553,Publicité,258
214,4748676,0,DIV.15,COMBAT,1076
214,4748676,0,DIV.58,DIV.58,710
214,4748676,0,DIV.85,Les traitements de base s'échelonneront de 36.000 fr. à 450.000 fr. par an suivant les catégories de fonctionnaires,775
214,4748676,0,DIV.113,1945,305
214,4748676,0,DIV.119,Une instance en dissolution est introduite contre deux groupements antisémites : Une information est ouverte contre leurs dirigeants,229
214,4748676,0,DIV.129,JEAN-CHARLES LEGRAND protégé de Pétain restera exclu du barreau,259
214,4748676,0,DIV.136,SELON LA RADIO DE BRUXELLES : A LA POINTE DU SAILLANT LES ALLIES auraient repris Rochefort L'ennemi s'efforce de refermer le couloir de Bastogne,1322
214,4748676,0,DIV.169,Des parlementaires russes assassinés par les Allemands à Budapest,127
214,4748676,0,DIV.175,Le Gouvernement hongrois de Debreczen déclare la guerre à l'Allemagne,52
214,4748676,0,DIV.180,Annonces,23
214,4748676,0,DIV.183,LE TREIZIEME CÉSAR,468
214,4748676,0,DIV.194,LA GRÈCE a pour régent Mgr. DAMASKINOS : Le métropolite d'Athènes prêtera serment aujourd'hui,547
214,4748676,0,DIV.211,Le général de Gaulle parlera ce soir à la radio,38
214,4748676,0,DIV.216,M. Mikolajczyk me parle de la Pologne : De notre envoyé spécial à Londres Pierre KAUFMANN,1213
214,4748676,0,DIV.260,GOERING PROMET UN « AVENIR MEILLEUR AU PEUPLE ALLEMAND,87
214,4748676,0,DIV.266,LES AMERICAINS DEVANT l'offensive de von Rundstedt : De notre envoyé spécial sur le front beige : Paul BODIN,1281
214,4748676,0,DIV.290,"Pour la Semaine de l'Absent, lundi.., : LES RUGBYMEN DE FRANCE reçoivent l'Army au Parc des Princes THIERRY - FAMECHON COMBAT VEDETTE du Gala omnisports du Vel' d'Hiv'",524
214,4748676,0,DIV.304,LE TAUX DE LA CONTRIBUTION pour les assurances sociales est porté de 8 à 12 0/0,261
214,4748676,0,DIV.314,Le taux des pensions militaires est relevé à partir du 1er janvier,561
214,4748676,0,DIV.335,Les aménagements fiscaux pour 1945 comportent une augmentation de la taxe sur les cinémas : Les droits dont l'alcool est frappé sont doublés,320
214,4748676,0,DIV.349,Condamnations à mort et aux travaux forcés,120
214,4748676,0,DIV.358,NOUVELLES BRÈVES,335
214,4748676,0,DIV.370,M. Marcel Millet reçoit le prix de Poésie populiste,107
214,4748676,0,DIV.376,LES PRIX TROP ELEVES DU VIN seraient dus aux exigences inadmissibles des grossistes : Les services du Contrôle économique enquêtent sur les agissements des négociants en vins,428
214,4748676,0,DIV.391,L'ENTR'AIDE,226
215,4748676,1,DIV.397,LES EXPOSITIONS,83
215,4748676,1,DIV.403,RECHERCHES,71
215,4748676,1,DIV.408,LE RAVITAILLEMENT,205
215,4748676,1,DIV.415,Les allocations aux familles des F.F.I.,210
215,4748676,1,DIV.422,L'émission des messages par radio pour les prisonniers est suspendue,103
215,4748676,1,DIV.428,Revision et établissement des listes électorales,94
215,4748676,1,DIV.434,Radiodiffusion française,720
215,4748676,1,DIV.450,Publicité,66
215,4748676,1,DIV.454,Publicité,34
215,4748676,1,DIV.460,DIV.460,46
215,4748676,1,DIV.467,Publicité,63
215,4748676,1,DIV.478,Actualité de Kafka,1539
215,4748676,1,DIV.496,REVUE DES REVUES,648
215,4748676,1,DIV.511,Les programmes,2091
215,4748676,1,DIV.545,Publicité,88
215,4748676,1,DIV.551,LA PRINCIPAUTE DE MONACO FONDE LE RAND PRIX INTERNATIONAL DU CINEMA,103
215,4748676,1,DIV.557,Publicité,475
215,4748676,1,DIV.578,Partants et montes probables,1118
215,4748676,1,DIV.604,DEMAIN à ENGHIEN,468
215,4748676,1,DIV.626,Je désigne:,168
215,4748676,1,DIV.640,Je désigne:,151
215,4748676,1,DIV.654,RÉSULTATS D'HIER A ENGHIEN,1592
215,4748676,1,DIV.689,"LES AVANTS atouts majeurs de l'""Army"" contre le ""15"" français",216
215,4748676,1,DIV.698,Premier forfait en championnat de football,317
215,4748676,1,DIV.709,FAMECHON peut briser la remontée de THIERRY,313
216,4748676,2,DIV.717,DIV.717,62
216,4748676,2,DIV.721,"Sportif, où irez-vous ?",521
216,4748676,2,DIV.741,L'HORAIRE DE LA REUNION,163
216,4748676,2,DIV.751,Le match Carrara-Blanchet,83
216,4748676,2,DIV.757,Toutes les équipes reines sur 100 km.,97
216,4748676,2,DIV.763,Capel favori en cross à Vincennes,127
217,4749066,0,DIV.30,"LA LOI ELECTORALE proposée par les ""trois grands"" EST VIVEMENT COMBATTUE PAR LES AUTRES PARTIS : Compte rendu de séance par Georges ALTSCHULER",2047
217,4749066,0,DIV.80,COMBAT,998
217,4749066,0,DIV.97,L'Armée rouge évacuerait la capitale de l'Azerbaïdjan,194
217,4749066,0,DIV.105,QUATRE CENT MILLE mineurs américains se mettant en grève,133
217,4749066,0,DIV.113,M. LONGCHAMBON part pour Londres où il réclamera du blé à nos Alliés,389
217,4749066,0,DIV.123,L'ancien ministre BAUDOIN et son fils ESSAYAIENT de fuir EN ESPAGNE : Ils sont arrêtés à la frontière,548
217,4749066,0,DIV.143,Le parti socialiste veut aller à la bataille avec ses propres armes,1265
217,4749066,0,DIV.168,"LES MONARCHISTES L'EMPORTENT AUX ÉLECTIONS GRECQUES : Mais, obéissant au mot d'ordre de la gauche, plus de 30 % des inscrite se seraient abstenus",1098
217,4749066,0,DIV.190,Le nouveau cabinet bulgare ne sera pas reconnu par les Anglo-Saxons,152
217,4749066,0,DIV.197,Wiithington et Londres s'opposent à tout ajournement de la Conférence de la Paix,104
217,4749066,0,DIV.202,M. Henry BERNSTEIN va revenir des États-Unis,141
217,4749066,0,DIV.209,Un fonctionnaire américain du Bureau de la bombe atomique tue les siens et se tue ensuite,131
217,4749066,0,DIV.216,DIV.216,32
217,4749066,0,DIV.223,LORD GORT EST MORT,280
217,4749066,0,DIV.235,PLUSIEURS ORGANISATIONS NAZIES comploteraient encore en Allemagne contre les Alliés,256
217,4749066,0,DIV.244,"UN ""WERWOLF"" slovaque est découvert",235
217,4749066,0,DIV.253,Maurice de WALEFFE succombe une crise cardiaque,177
217,4749066,0,DIV.261,Les libéraux belges qui ne sont que dix-sept à la Chambre ont six ministres dans le cabinet Van Acker : De notre envoyé spécial Mario CARASSO,1883
217,4749066,0,DIV.298,LA MAJORITE DES ANGLAIS estiment que le gouvernement travailliste a fait ce qu'on attendait de lui ou a fait mieux,303
217,4749066,0,DIV.308,Les derniers débats de Montrouge,412
217,4749066,0,DIV.323,MARIAGE,79
217,4749066,0,DIV.333,RAVITAILLEMENT,275
217,4749066,0,DIV.342,Annonces,64
217,4749066,0,DIV.348,Publicité,29
217,4749066,0,DIV.352,Plusieurs témoins font l'éloge de Petiot comme médecin comme maire et comme patriote : Compte rendu d'audience par Albert PALLE,1523
218,4749066,1,DIV.388,Publicité,35
218,4749066,1,DIV.392,45 pour cent d'abstentions à une élection cantonale,219
218,4749066,1,DIV.403,Publicité,162
218,4749066,1,DIV.409,Publicité,180
218,4749066,1,DIV.414,"Société Anonyme des Manufactures des Glaces et Produits Chimiques de Saint-Gobain, Chauny et Cirey",366
218,4749066,1,DIV.424,"Aux prises avec l'accusation Ribbentrop s'embarrasse conteste, nie et perd la mémoire",1161
218,4749066,1,DIV.451,En quelques lignes,216
218,4749066,1,DIV.459,Publicité,38
218,4749066,1,DIV.464,Publicité,35
218,4749066,1,DIV.467,LES FEMMES FRANÇAISES sont-elles plus heureuses que LES FEMMES AMERICAINES ?,134
218,4749066,1,DIV.475,Ce n'est certainement pas grâce à la sollicitude des dirigeants qui les accompagnaient que les Français ont gagné à Ayr,842
218,4749066,1,DIV.492,MONIQUE BERLIOUX A FAIT DE SON MIEUX,153
218,4749066,1,DIV.497,Peu d'hommes en forme au « Grand Prix Sports » Où Caffi se retrouve,284
218,4749066,1,DIV.506,LES KIWIS FINISSENT BIEN,154
218,4749066,1,DIV.514,POUR MATCHER LA TCHECOSLOVAQUIE,137
218,4749066,1,DIV.522,"Le Racing pouvait aussi bien se qualifier, déclare Bihel",581
218,4749066,1,DIV.537,L'EPOUSE INFIDELE avait simulé une agression,258
218,4749066,1,DIV.545,YVONNE DE LIGNE ancienne championne de patinage est condamnée à mort,609
218,4749066,1,DIV.559,Publicité,59
218,4749066,1,DIV.566,THEATRES,374
218,4749066,1,DIV.583,Publicité,38
218,4749066,1,DIV.588,DIV.588,1038
218,4749066,1,DIV.632,Publicité,100
218,4749066,1,DIV.639,Les CONFERENCES de l'UNIVERSITE des ANNALES,70
218,4749066,1,DIV.648,Dimanche à AUTEUIL,199
219,4749066,2,DIV.653,Hier à SAINT-CLOUD,143
219,4749066,2,DIV.658,Aujourd'hui à ENGHIEN,379
219,4749066,2,DIV.670,Publicité,51
219,4749066,2,DIV.674,Publicité,84
219,4749066,2,DIV.682,Publicité,36
219,4749066,2,DIV.686,Publicité,42
219,4749066,2,DIV.689,Publicité,80
219,4749066,2,DIV.694,Publicité,26
219,4749066,2,DIV.698,Publicité,127
219,4749066,2,DIV.702,Publicité,23
219,4749066,2,DIV.706,Publicité,28
219,4749066,2,DIV.715,LUNDI 1er AVRIL,444
219,4749066,2,DIV.725,DEMANDES d'EMPLOI 35,127
219,4749066,2,DIV.730,TRAVAUX A FAÇON 100,118
219,4749066,2,DIV.737,REPRESENTATIONS 100,1946
219,4749066,2,DIV.781,OCCASIONS DIVERS. 150,464
219,4749066,2,DIV.794,LOCAT. MEUBLES 150,42
219,4749066,2,DIV.799,LOCAT. NON MEUBL. 150,47
219,4749066,2,DIV.804,LOCAUX COMMERC. 150,51
219,4749066,2,DIV.811,"PROPRO., TERRAINS 150",680
219,4749066,2,DIV.822,IMMEUBLES 150,173
219,4749066,2,DIV.830,FONDS de COMMERC. 150,1257
219,4749066,2,DIV.847,TRANSPORTS 150,161
219,4749066,2,DIV.853,"AUTOS,MOTOS,VELOS 150",60
220,4753294,0,DIV.37,Le camp du Larzac,1459
220,4753294,0,DIV.58,Echos de Partout,376
220,4753294,0,DIV.73,LA FÊTE FÉDÉRALE DES MUSIQUES A BOULOGNE-SUR-MER,41
220,4753294,0,DIV.84,A BEZIERS : Les élections municipales.—Pas de listes.,856
220,4753294,0,DIV.105,A PARIS,229
220,4753294,0,DIV.117,LES ENVOIS DE ROME : LES ŒUVRES DE NOS COMPATRIOTES,280
220,4753294,0,DIV.130,Un officier de réserve en Conseil d'enquête,207
220,4753294,0,DIV.141,Inauguration de l'abattoir hippophagique DE VAUGIRARD : LE MONUMENT EST ORNÉ PAR UN STATUAIRE LILLOIS,304
220,4753294,0,DIV.156,LA REVOLTE DU MIDI,712
220,4753294,0,DIV.180,Un discours de M. Sarrien : CONTRE L'ÉMEUTE. — POUR L'IMPOT SUR LE REVENU. —UN APPEL A L'ENTENTE DES RÉPUBLICAINS.,489
220,4753294,0,DIV.193,PAS D'ABORDAGE en MÉDITERRANÉE : Un démenti officiel,131
220,4753294,0,DIV.200,LE MONUMENT JULES FERRY : POSE DE LA PREMIÈRE PIERRE. — LA CÉRÉMONIE,300
220,4753294,0,DIV.211,EN RUSSIE : SOLDATS FUSILLÉS A KIEF,99
220,4753294,0,DIV.217,LES CONSEILS DE GUERRE : LE PROJET GOUVERNEMENTAL SERAIT MODIFIÉ,262
220,4753294,0,DIV.224,L'ORAGE : EN ANGLETERRE,74
220,4753294,0,DIV.230,LES VACANCES SCOLAIRES,106
220,4753294,0,DIV.236,L'AFFAIRE DREYFUS : LA MEDAILLE D'OR DU GENERAL MERCIER,215
220,4753294,0,DIV.245,LA SEPARATION EN SUISSE,58
220,4753294,0,DIV.250,LE CIRCUlT DE DIEPPE : AVANT LE DÉPART. - LES FÊTES.,133
220,4753294,0,DIV.257,TOURCOING : Le Congés des Jardins ouvriers Séance solennelle de clôture,923
220,4753294,0,DIV.278,Nouvelle légilation sur le Mariage,2921
220,4753294,0,DIV.347,Une nouvelle proposition de loi sur le mouillage,683
220,4753294,0,DIV.361,LES DIRIGEABLES MILITAIRES : L'ALLEMAGNE CONNAITRAIT LE SECRET DU « PATRIE »,316
220,4753294,0,DIV.371,NOS VAISSEAUX DE GUERRE,320
220,4753294,0,DIV.383,EN RUSSIE : Un attentat à Batoum,81
221,4753294,1,DIV.390,LES ORANGES,317
221,4753294,1,DIV.401,LES GRÈVES : CHEZ LES CAMIONNEURS DE BELFAST,79
221,4753294,1,DIV.415,DIV.415,118
221,4753294,1,DIV.422,BULLETIN METEOROLOGIQUE,189
221,4753294,1,DIV.431,LE TEMPS EN JUILLET,149
221,4753294,1,DIV.437,Le Hall de l'« Echo du Nord » A PARIS,237
221,4753294,1,DIV.444,Les Fêtes de Calais,2755
221,4753294,1,DIV.505,LA FÊTE FÉDÉRALE de Boulogne : LA JOURNÉE DE DIMANCHE,2080
221,4753294,1,DIV.551,Les Fêtes de Dunkerque : Le Congrès des sapeurs-pompiers,483
221,4753294,1,DIV.568,LA FÊTE DES ÉCOLES,1221
221,4753294,1,DIV.596,Nos Sociétés aux concours,281
221,4753294,1,DIV.609,"LA TOMBOLA "" LA FAVORITE""",803
221,4753294,1,DIV.621,UNE AGENCE CLANDESTINE D'ÉMIGRATION : A ROUBAIX,585
221,4753294,1,DIV.634,DIV.634,355
221,4753294,1,DIV.650,"LES FETES de Wazemmes : Du soleil, de la musique, de jolis étalages. — Les commerçants sont dans la joie.",1551
221,4753294,1,DIV.676,"Le Concours de Bébés : Des joues roses, des chairs joufflues. des sourires, des petits cris et des mères heureuses.",966
221,4753294,1,DIV.692,Télégraphie sans fil « Marconi »,89
221,4753294,1,DIV.697,Concours du Comice agricole DE LILLE : LA DERNIÈRE JOURNÉE,407
221,4753294,1,DIV.706,Annonces,43
221,4753294,1,DIV.711,DIV.711,83
221,4753294,1,DIV.714,Une terrible chevauchée : DE LA RUE DE FIVES A LA RUE SAINT-NICAISE. — DEUX PERSONNES BLES- SÉES. — UNE VOITURE DÉMOLIE.,785
221,4753294,1,DIV.736,DIV.736,137
221,4753294,1,DIV.741,La mort mystérieuse de Dourlers : NOUVELLE ARRESTATION,327
221,4753294,1,DIV.751,Douai,94
221,4753294,1,DIV.757,"Dunkerque : LE BALLON "" LE FLORÉAL "" est retrouvé en Hollande ON IGNORE LE SORT DES AÉRONAUTES",97
222,4753294,2,DIV.767,Concours départemental d'Enseignement agricole,57
222,4753294,2,DIV.772,Arras,163
222,4753294,2,DIV.784,LE CONCOURS CANTONAL AGRICOLE : LES RÉCOMPENSES,1698
222,4753294,2,DIV.811,Congrès des cantonniers du Pas-de-Calais,1603
222,4753294,2,DIV.841,Montreuil,259
222,4753294,2,DIV.853,Saint-Omer : Eucore les grèves CHEZ LES CRISTALLIERS D'ARQUES,250
222,4753294,2,DIV.863,Saint-Pol : CONCOURS d'enseignement agricole,2492
222,4753294,2,DIV.899,N° 58 Pâlotte : PREMIERE PARTIE,3778
222,4753294,2,DIV.1042,Billets d'Ostende,436
222,4753294,2,DIV.1050,ACCIDENT D'AUTOMOBILE UN CHAUFFEUR TUÉ,209
222,4753294,2,DIV.1059,LE DRAME DE BRUXELLES : L'AUDIENCE DE SAMEDI,232
222,4753294,2,DIV.1068,[illsible]RANAVOLO EN FRANCE,84
222,4753294,2,DIV.1080,POIVRES,99
222,4753294,2,DIV.1086,Industrie linière,261
222,4753294,2,DIV.1097,HOUBLONS,166
222,4753294,2,DIV.1103,PORT DE DUNKERQUE,176
222,4753294,2,DIV.1111,Nouvelles maritimes,152
222,4753294,2,DIV.1117,CLOTURE D'AMERIQUE du 29 juin,3596
222,4753294,2,DIV.1161,BOURSE DE BRUXELLES,991
222,4753294,2,DIV.1181,DIV.1181,901
222,4753294,2,DIV.1192,DERNIERS COURS DE LA SEMAINE CHARBONNAGES (Actions),4483
222,4753294,2,DIV.1239,BOURSE DE PARIS,915
222,4753294,2,DIV.1259,DIV.1259,3850
222,4753294,2,DIV.1315,AUTOMOBILISME : LE GRAND PRIX DE L'A. C. F. (Circuit de la Seine-Inférieure),171
222,4753294,2,DIV.1327,COLOMBOPHILIE,1302
223,4753294,3,DIV.1343,CHIENS RATIERS,380
223,4753294,3,DIV.1357,CYCLISME,460
223,4753294,3,DIV.1377,"Adresser les demandes à Louis BRUN, à l'Echo.",1845
223,4753294,3,DIV.1427,"Petite Poste Militaire : (Adresser les demandes à LA HIRE, à l'Echo)",834
223,4753294,3,DIV.1445,Annonces,498
223,4753294,3,DIV.1458,Annonces,111
223,4753294,3,DIV.1464,Annonces,135
223,4753294,3,DIV.1468,Annonces,491
223,4753294,3,DIV.1478,Annonces,500
223,4753294,3,DIV.1498,DIV.1498,132
223,4753294,3,DIV.1504,Programme des Spectacles,398
223,4753294,3,DIV.1515,DIV.1515,127
223,4753294,3,DIV.1522,DIV.1522,233
223,4753294,3,DIV.1525,Annonces,27
223,4753294,3,DIV.1529,DIV.1529,258
223,4753294,3,DIV.1535,Publicité,42
223,4753294,3,DIV.1540,DIV.1540,200
223,4753294,3,DIV.1543,Publicité,57
223,4753294,3,DIV.1548,DIV.1548,440
223,4753294,3,DIV.1551,Publicité,59
223,4753294,3,DIV.1555,DIV.1555,359
223,4753294,3,DIV.1560,Annonces,334
223,4753294,3,DIV.1565,Annonces,176
223,4753294,3,DIV.1571,Annonces,151
223,4753294,3,DIV.1580,N° 30 LA BATARDE : PREMIERE PARTIE LA MAITRESSE DU MAITRE,1868
224,4753294,4,DIV.1653,Annonces,1407
224,4753294,4,DIV.1665,Annonces,720
224,4753294,4,DIV.1680,Annonces,84
224,4753294,4,DIV.1684,PUBLICATIONS LÉGALES,232
224,4753294,4,DIV.1696,IMMEUBLES à vendre,583
224,4753294,4,DIV.1714,DIV.1714,145
224,4753294,4,DIV.1722,Publicité,175
224,4753294,4,DIV.1731,DIV.1731,1295
224,4753294,4,DIV.1787,IMMEUBLES à louer,341
224,4753294,4,DIV.1800,DEMANDES DE LOCATION et d'Achat,130
224,4753294,4,DIV.1808,DEMANDES ET Offres D'EMPLOIS,2294
224,4753294,4,DIV.1876,Cessions de COMMERCES,1382
224,4753294,4,DIV.1912,DIV.1912,2707
224,4753294,4,DIV.1978,DIV.1978,65
224,4753294,4,DIV.1988,"Formations, Dissolutions et modifications de Societés",1006
224,4753294,4,DIV.2001,FAILLITES ET LIQUIDATIONS JUDICIAIRES,456
224,4753294,4,DIV.2012,Publicité,49
225,4756274,0,DIV.34,NOS PORTRAITS,261
225,4756274,0,DIV.49,Un théâtre de marionnettes,1825
225,4756274,0,DIV.81,DIV.81,120
225,4756274,0,DIV.87,DIV.87,117
225,4756274,0,DIV.92,DIV.92,119
225,4756274,0,DIV.98,DIV.98,156
225,4756274,0,DIV.109,DIV.109,185
225,4756274,0,DIV.118,DIV.118,77
225,4756274,0,DIV.122,CONSEIL DES MINISTRES,352
225,4756274,0,DIV.136,LES CHEMINS DE FER DU SUD : Une enquête,111
225,4756274,0,DIV.148,DIV.148,2989
225,4756274,0,DIV.208,DIV.208,101
225,4756274,0,DIV.215,LA RÉVOCATION DE M. de LANESSAN,727
225,4756274,0,DIV.244,LE MARECHAL CANROBERT,63
225,4756274,0,DIV.249,A PROPOS des radiations de la Légion d'honneur,169
225,4756274,0,DIV.255,LES AFFAIRES DE CHANTAGE : Une fausse nouvelle. — M. Lalou.,164
225,4756274,0,DIV.262,M. ALEXANDRE DUMAS,178
225,4756274,0,DIV.269,TERRIBLE DRAME A BRUXELLES : Chez un agent de change.—Audacieux voleur. — Deux victimes.,199
225,4756274,0,DIV.281,Classe 1894,60
225,4756274,0,DIV.286,NORD,1227
225,4756274,0,DIV.313,PAS-DE-CALAIS,784
225,4756274,0,DIV.340,Les hommes de la classe 1892,359
225,4756274,0,DIV.355,LA TEMPETE SUR NOS COTES,305
225,4756274,0,DIV.376,LES VOLS D'HÉNIN-LIÉTARD : Importante capture,211
225,4756274,0,DIV.385,BRULÉE VIVE,60
226,4756274,1,DIV.390,Accident mortel aux mines de Lens,57
226,4756274,1,DIV.395,Secours départementaux aux inondés,120
226,4756274,1,DIV.402,LES INCENDIES DE COUPELLE-VIEILLE,90
226,4756274,1,DIV.409,LE TRAITRE DREYFUS,703
226,4756274,1,DIV.437,ANARCHISTES Ef ASSASSINS,284
226,4756274,1,DIV.444,Le Mérite industriel et commercial,106
226,4756274,1,DIV.454,Tribunal correctionnel de Lille : L'attentat au vitriol de la place des Buisses à Lille,659
226,4756274,1,DIV.470,L'INDUSTRIE D'AMIENS,335
226,4756274,1,DIV.481,LE MARCHÉ A TERME de Roubaix-Tourcoing,1555
226,4756274,1,DIV.539,Revue météorologique annuelle,1074
226,4756274,1,DIV.567,CE QU'IL FAUT DONNER comme cadeaux d'étrennes,479
226,4756274,1,DIV.583,DIV.583,66
226,4756274,1,DIV.587,DIV.587,448
226,4756274,1,DIV.597,DIV.597,68
226,4756274,1,DIV.603,LE DIMANCHE A LILLE,155
226,4756274,1,DIV.611,DIV.611,148
226,4756274,1,DIV.618,DIV.618,134
226,4756274,1,DIV.625,DIV.625,187
226,4756274,1,DIV.631,DIV.631,64
226,4756274,1,DIV.634,DIV.634,53
226,4756274,1,DIV.637,DIV.637,68
226,4756274,1,DIV.640,DIV.640,84
226,4756274,1,DIV.644,DIV.644,114
226,4756274,1,DIV.647,DIV.647,61
226,4756274,1,DIV.650,DIV.650,110
227,4756274,2,DIV.654,DIV.654,156
227,4756274,2,DIV.663,DIV.663,260
227,4756274,2,DIV.671,DIV.671,81
227,4756274,2,DIV.674,DIV.674,271
227,4756274,2,DIV.683,DIV.683,64
227,4756274,2,DIV.686,Pas-de-Calais,149
227,4756274,2,DIV.694,CALAIS,540
227,4756274,2,DIV.713,N° 24 SANS FAMILLE : (Ouvrage couronné par l'Académie française) PREMIÈRE PARTIE,2499
227,4756274,2,DIV.808,Promotions,249
227,4756274,2,DIV.820,BULLETIN AGRICOLE et Commercial,1151
227,4756274,2,DIV.847,DIV.847,101
227,4756274,2,DIV.850,DIV.850,90
227,4756274,2,DIV.853,DIV.853,104
227,4756274,2,DIV.857,DIV.857,55
227,4756274,2,DIV.860,DIV.860,100
227,4756274,2,DIV.863,DIV.863,118
227,4756274,2,DIV.866,DIV.866,94
227,4756274,2,DIV.869,DIV.869,77
227,4756274,2,DIV.872,DIV.872,81
227,4756274,2,DIV.881,DIV.881,472
227,4756274,2,DIV.916,DIV.916,93
227,4756274,2,DIV.925,SOLUTIONS,49
227,4756274,2,DIV.931,LOGOGRIPHE,24
227,4756274,2,DIV.936,COURS ET CONFERENCES,93
227,4756274,2,DIV.941,Communications et Convocations,118
228,4756274,3,DIV.947,PETITE CORRESPONDANCE,53
228,4756274,3,DIV.955,LE RECORD DES ÉTRENNES,72
228,4756274,3,DIV.961,Terrible accident,114
228,4756274,3,DIV.967,Un toréador tué,88
228,4756274,3,DIV.976,DIV.976,136
228,4756274,3,DIV.980,DIV.980,118
228,4756274,3,DIV.983,DIV.983,50
228,4756274,3,DIV.989,DIV.989,258
228,4756274,3,DIV.998,DIV.998,26
228,4756274,3,DIV.1001,État-Civil de Lille,367
228,4756274,3,DIV.1018,Marchés de Lille du 29 décembre,102
228,4756274,3,DIV.1024,DIV.1024,451
228,4756274,3,DIV.1037,MARCHÉS DU NORD : Marché d'Arras du 29 décembre,1070
228,4756274,3,DIV.1055,MARCHÉS DE PARIS 28 décembre.,1651
228,4756274,3,DIV.1100,Bourse commerciale du 29 décembre : DÉPÊCHE DE 1 HEURE 15,663
228,4756274,3,DIV.1111,Cours de clôture du 29 décembre,481
228,4756274,3,DIV.1120,MARCHÉS DIVERS : LE HAVRE. 29 décembre. Cote de la Clearing-House,2146
228,4756274,3,DIV.1180,MARCHÉ D'AMÉRIQUE,229
228,4756274,3,DIV.1189,PORT DE DUNKERQUE,398
228,4756274,3,DIV.1204,Bourse de Paris du 29 décembre,420
228,4756274,3,DIV.1218,Bourse de Paris du 29 décembre,603
228,4756274,3,DIV.1227,Bourse de Lille du 29 décembre,1851
228,4756274,3,DIV.1246,BOURSE DE LILLE DU 29 DECEMBRE 1894,242
228,4756274,3,DIV.1262,N° 37 MARGOT LA BALAFRÉE,2552
228,4756274,3,DIV.1325,Annonces,273
229,4756274,4,DIV.1338,Annonces,54
229,4756274,4,DIV.1344,IMMEUBLES à vendre,696
229,4756274,4,DIV.1371,IMMEUBLES à louer,391
229,4756274,4,DIV.1388,DEMANDES DE LOCATION et d'Achat,135
229,4756274,4,DIV.1397,DEMANDES ET Offres D'EMPLOIS,2994
229,4756274,4,DIV.1493,DIV.1493,2571
229,4756274,4,DIV.1584,DIV.1584,112
229,4756274,4,DIV.1592,DIV.1592,441
229,4756274,4,DIV.1600,DIV.1600,123
229,4756274,4,DIV.1613,DIV.1613,111
229,4756274,4,DIV.1620,DIV.1620,131
229,4756274,4,DIV.1631,DIV.1631,948
229,4756274,4,DIV.1667,DIV.1667,178
229,4756274,4,DIV.1678,DIV.1678,50
229,4756274,4,DIV.1684,DIV.1684,372
229,4756274,4,DIV.1698,DIV.1698,204
229,4756274,4,DIV.1703,DIV.1703,317
229,4756274,4,DIV.1716,DIV.1716,371
229,4756274,4,DIV.1727,DIV.1727,126
229,4756274,4,DIV.1736,DIV.1736,1742
229,4756274,4,DIV.1753,Publicité,32
230,4757163,0,DIV.26,LA CONCURRENCE,1510
230,4757163,0,DIV.53,DIV.53,310
230,4757163,0,DIV.61,DIV.61,290
230,4757163,0,DIV.67,DIV.67,172
230,4757163,0,DIV.81,DIV.81,160
230,4757163,0,DIV.91,CONSEIL DES MINISTRES,116
230,4757163,0,DIV.100,LE DEMI-SOU : La réfection de nos monnaies. — Aurons-nous le demi-sou ? — Le système décimal menacé. — Partisans et adversaires.,1311
230,4757163,0,DIV.134,ARGUMENT LIBRE-ÉCHANGISTE,612
230,4757163,0,DIV.149,LA VACHALCADE : Une interpellation de M. Bérenger,297
230,4757163,0,DIV.159,La signification des acte d'huissier : Une proposition de M. Gamard,453
230,4757163,0,DIV.172,INFORMATIONS PARLEMENTAIRES,236
230,4757163,0,DIV.185,Les voyages de M. Félix Faure,102
230,4757163,0,DIV.193,M. JAURÈS ET M. RESSÉGUIER : Condamnation du leader socialiste,226
230,4757163,0,DIV.201,L'AUTOMOBILE AUX MANŒUVRES,141
230,4757163,0,DIV.208,LE GOUVERNEUR DE LA GRETE,336
230,4757163,0,DIV.221,Élection du bâtonnier des avocats de Paris,260
230,4757163,0,DIV.231,UNE GREVE MONSTRE A LYON,179
230,4757163,0,DIV.239,Grand incendie à Reims,70
230,4757163,0,DIV.247,DIV.247,238
230,4757163,0,DIV.253,DIV.253,601
230,4757163,0,DIV.267,La succession de M. Chapuy à l'Institut,313
230,4757163,0,DIV.280,ENFANTS MARTYRS A ANZIN,391
230,4757163,0,DIV.293,DIV.293,115
230,4757163,0,DIV.299,DIV.299,141
230,4757163,0,DIV.304,DIV.304,468
231,4757163,1,DIV.318,Béthune,243
231,4757163,1,DIV.326,Saint-Omer,803
231,4757163,1,DIV.346,DIV.346,121
231,4757163,1,DIV.356,Séance du mardi 29 juin,1210
231,4757163,1,DIV.403,Séance du 29 juin,653
231,4757163,1,DIV.432,Guillaume II et l'Armée française,156
231,4757163,1,DIV.440,TURCS ET GRECS : L'état des négociations en vue de la paix. — Les demandes de la Porte,163
231,4757163,1,DIV.449,VOYAGES IMAGINAIRES DU PRINCE HENRI D'ORLÉANS,383
231,4757163,1,DIV.464,DIV.464,1170
231,4757163,1,DIV.476,DIV.476,75
231,4757163,1,DIV.482,L'ÉLECTION SÉNATORIALE du Pas-de-Calais,808
231,4757163,1,DIV.498,Annonces,298
231,4757163,1,DIV.511,LE MOIS DE JUILLET,53
231,4757163,1,DIV.517,Le service d'été pour les trains,841
231,4757163,1,DIV.543,DIV.543,89
231,4757163,1,DIV.548,DIV.548,180
231,4757163,1,DIV.555,DIV.555,374
231,4757163,1,DIV.566,DIV.566,95
231,4757163,1,DIV.572,PRESSE LOCALE,181
231,4757163,1,DIV.579,DIV.579,130
231,4757163,1,DIV.583,DIV.583,118
231,4757163,1,DIV.587,DIV.587,94
231,4757163,1,DIV.590,DIV.590,73
231,4757163,1,DIV.594,DIV.594,93
231,4757163,1,DIV.599,DIV.599,109
232,4757163,2,DIV.603,DIV.603,149
232,4757163,2,DIV.607,DIV.607,64
232,4757163,2,DIV.610,DIV.610,107
232,4757163,2,DIV.614,DIV.614,44
232,4757163,2,DIV.617,DIV.617,372
232,4757163,2,DIV.625,DIV.625,111
232,4757163,2,DIV.629,DIV.629,52
232,4757163,2,DIV.635,DIV.635,113
232,4757163,2,DIV.638,DIV.638,199
232,4757163,2,DIV.644,CALAIS,2101
232,4757163,2,DIV.672,Belgique : GRÉVE DANS LE BORINAGE (DE NOTRE CORRESPONDANT PARTICULIER),344
232,4757163,2,DIV.683,"UN DRAME au hameau du Blanc-Pignon, à Mouscron",303
232,4757163,2,DIV.694,N° 109 Vendus à l'Ennemi : La Rançon de l'Honneur,2209
232,4757163,2,DIV.776,INSTRUCTION PUBLIQUE : Enseignement supérieur,366
232,4757163,2,DIV.787,BULLETIN ÉCONOMIQUE : LE LIN,583
232,4757163,2,DIV.802,Le sucrage et les intérêts de la région du Nord,251
232,4757163,2,DIV.809,Communications et Convocations,82
232,4757163,2,DIV.814,Annonces,476
232,4757163,2,DIV.828,DIV.828,245
232,4757163,2,DIV.834,DIV.834,433
232,4757163,2,DIV.843,Annonces,96
232,4757163,2,DIV.849,"SAVON DU CONGO, le plus parfumé pour la toilette.",78
232,4757163,2,DIV.858,DIV.858,49
232,4757163,2,DIV.865,Le concours de chant au Conservatoire,1337
232,4757163,2,DIV.893,Programme des Spectacles,290
233,4757163,3,DIV.905,DIV.905,144
233,4757163,3,DIV.914,NAISSANCES du 28 juin.,604
233,4757163,3,DIV.920,DECES du 28 juin.,455
233,4757163,3,DIV.925,Annonces,100
233,4757163,3,DIV.934,Marchés de Lille de 29 juin,130
233,4757163,3,DIV.941,MARCHÉS DE LA RÉGION,602
233,4757163,3,DIV.950,MARCHÉS DE PARIS du 28 juin,2245
233,4757163,3,DIV.995,Bourse commerciale du 29 (cours de clôture),641
233,4757163,3,DIV.1008,Marché de La Villette du 29 juin,101
233,4757163,3,DIV.1015,MARCHÉS DIVERS,1651
233,4757163,3,DIV.1050,DIV.1050,1759
233,4757163,3,DIV.1085,OUVERTURE DU 29 JUIN,194
233,4757163,3,DIV.1095,INDUSTRIE LINIÈRE,328
233,4757163,3,DIV.1107,HOUBLONS,82
233,4757163,3,DIV.1115,Bourse de Paris du 29 juin,506
233,4757163,3,DIV.1127,Bourse de Paris du 29 juin,1217
233,4757163,3,DIV.1139,Clôtura de la Rente française à terme,63
233,4757163,3,DIV.1144,Bourse de Lille du 29 juin,2009
233,4757163,3,DIV.1159,OFFRES & DEMANDES,416
233,4757163,3,DIV.1173,DIV.1173,310
233,4757163,3,DIV.1177,PORT DE DUNKERQUE,390
233,4757163,3,DIV.1190,N° 18 EN FAMILLE,2512
233,4757163,3,DIV.1263,Annonces,63
233,4757163,3,DIV.1271,IMMEUBLES à vendre,834
233,4757163,3,DIV.1308,IMMEUBLES à louer,800
234,4757163,4,DIV.1334,DEMANDES DE LOCATION et d'Achat,401
234,4757163,4,DIV.1353,Ventes DE MEUBLES,458
234,4757163,4,DIV.1376,DEMANDES ET Offres D'EMPLOIS,5351
234,4757163,4,DIV.1525,Cessions de COMMERCES,906
234,4757163,4,DIV.1575,Annonces,232
234,4757163,4,DIV.1590,DIV.1590,1049
234,4757163,4,DIV.1625,DIV.1625,444
234,4757163,4,DIV.1640,DIV.1640,183
234,4757163,4,DIV.1647,DIV.1647,186
234,4757163,4,DIV.1660,DIV.1660,173
234,4757163,4,DIV.1666,DIV.1666,319
234,4757163,4,DIV.1675,DIV.1675,274
234,4757163,4,DIV.1692,DIV.1692,57
234,4757163,4,DIV.1699,DIV.1699,133
234,4757163,4,DIV.1710,DIV.1710,284
234,4757163,4,DIV.1721,Publicité,81
235,4757709,0,DIV.29,LA MAIN GAUCHE,969
235,4757709,0,DIV.44,"LA RÉVOLUTION AURAIT ÉCLATÉ EN ROUMANIE : DES DEPECHES DE SOURCES DIVERSE L'AFFIRMENT, MAIS ELLES RESTENT SANS CONFIRMATION OFFICIELLE.",212
235,4757709,0,DIV.54,Pour les Médecins des régions libérées,140
235,4757709,0,DIV.60,Echos de Partout,792
235,4757709,0,DIV.88,Au Congrès de la Paix : Le Plan de la Société des Nations Elle ne se recrutera qu'à bon escient,596
235,4757709,0,DIV.105,LE PÉCULE POUR LES OFFICIERS,88
235,4757709,0,DIV.110,LES «CROIX DE FAMILLE »,53
235,4757709,0,DIV.119,DIV.119,62
235,4757709,0,DIV.123,Intervention de M. Boudenoot,112
235,4757709,0,DIV.130,Exposé de M. Bersez,536
235,4757709,0,DIV.141,Déclarations pessimistes de M. Loucheur : Moins de trains et pas d'argent !,1632
235,4757709,0,DIV.173,CALENDRIER,103
235,4757709,0,DIV.184,L'INDEMNITÉ DE DÉMOBILISATION,122
235,4757709,0,DIV.189,Les traitements des fonctionnaires,85
235,4757709,0,DIV.194,Trois enfants blessés par une grenade à Bauvin,118
235,4757709,0,DIV.201,Les permissions à double destination,44
235,4757709,0,DIV.206,AU CONSEIL GENERAL DU PAS-DE-CALAIS,793
235,4757709,0,DIV.229,Arrestation d'une suspecte à Paris : ELLE HABITA LILLE PENDANT L'OCCUPATION,361
235,4757709,0,DIV.239,L'échange des monnaies allemandes,53
235,4757709,0,DIV.244,CONSEIL GÉNÉRAL DU NORD,35
235,4757709,0,DIV.249,LA VENTE DE L'ALCOOL dans la zone des armées,299
235,4757709,0,DIV.262,ENCORE LES AUTOS,133
235,4757709,0,DIV.269,"LE GÉNÉRAL ANTHOINE, A LILLE : IL EST ENVOYE PAR LE MARECHAL PETAIN",376
235,4757709,0,DIV.280,DIV.280,238
235,4757709,0,DIV.291,DIV.291,180
236,4757709,1,DIV.296,Roubaix : L'ASSASSINAT de la RUE JACQUART LA VICTIME AURAIT ETE TUEE PAR SON PETIT-FILS,453
236,4757709,1,DIV.307,Douai,341
236,4757709,1,DIV.317,Un accident d'auto,334
236,4757709,1,DIV.327,Avesnes : Ecrasé contre un mur par un camion automobile,235
236,4757709,1,DIV.336,Dunkerque,69
236,4757709,1,DIV.341,Hazebrouck,157
236,4757709,1,DIV.347,Valenciennes,284
236,4757709,1,DIV.361,PAS-DE-CALAIS Béthune,256
236,4757709,1,DIV.374,Tuée accidentellement par un soldat A ROUBAIX,108
236,4757709,1,DIV.383,LES AFFAIRES D'INTELLIGENCE AVEC L'ENNEMI A CONDÉ-SUR-ESCAUT,93
236,4757709,1,DIV.389,Tribunal correctionnel de Dunkerque,194
236,4757709,1,DIV.397,Tribunal correctionnel de Saint-Pol,325
236,4757709,1,DIV.406,DIV.406,360
236,4757709,1,DIV.415,CHARBONNAGES,336
236,4757709,1,DIV.424,Annonces,159
236,4757709,1,DIV.428,Publicité,33
236,4757709,1,DIV.431,Annonces,127
236,4757709,1,DIV.439,Annonces,391
236,4757709,1,DIV.450,THEATRES ET CONCERTS,79
236,4757709,1,DIV.455,Etat-Civil de Lille,544
236,4757709,1,DIV.461,MARCHÉS HALLE AU BLÉ,190
236,4757709,1,DIV.476,L'ATTITUDE DE L'ALLEMAGNE : MOBILIERAIT-ELLE ? Un ordre de mobilisation appelle 13 classes sous les drapeaux.,282
236,4757709,1,DIV.485,Au Sénat LA SITUATION DU NORD,332
236,4757709,1,DIV.494,CONTRE-RÉVOLUTON au PORTUGAL,59
236,4757709,1,DIV.499,Au Congrès de la Paix : La Société des Nations,375
237,4757709,2,DIV.519,LA BELGIQUE AUSSI VEUT REVIVRE,224
237,4757709,2,DIV.528,Informations diverses,77
237,4757709,2,DIV.535,DIV.535,485
237,4757709,2,DIV.547,Publications légales,258
237,4757709,2,DIV.562,Immeubles à vendre,124
237,4757709,2,DIV.573,Ventes de Meubles,364
237,4757709,2,DIV.587,Demandes de location et d'Achat,336
237,4757709,2,DIV.600,IMMEUBLES à louer,92
237,4757709,2,DIV.607,DEMANDES ET Offres D'EMPLOIS,1458
237,4757709,2,DIV.663,Annonces,100
237,4757709,2,DIV.672,Annonces,158
237,4757709,2,DIV.682,Cassions DE COMMERCES,358
237,4757709,2,DIV.703,AVIS DIVERS,2857
238,4758930,0,DIV.41,LA QUESTION DES RÉPARATIONS : L'Accord de Wiesbaden ET LA Convention Bemelmans,1852
238,4758930,0,DIV.73,L'ENSEMBLE DE LA LOI MILITAIRE est adopté par la Chambre : Les classes 1920 et 1921 feront deux ans de service,1267
238,4758930,0,DIV.102,A LA HAYE : Une prétention inacceptable des Soviets,244
238,4758930,0,DIV.111,L'AMNISTIE,72
238,4758930,0,DIV.116,Le Sénat examine le problème des réparations : Le Président du Conseil affirme de nouveau qu'une politique d'énergie sera poursuivie à l'égard de l'Allemagne qui manœuvre pour éditer de payer.,3051
238,4758930,0,DIV.185,DUBLIN a l'aspect D'UNE VILLE ASSIÉGÉE : Les rebelles continuent à résister opiniâtrement,640
238,4758930,0,DIV.203,Des bandits font dérailler on train et dépouillent les voyageurs,82
238,4758930,0,DIV.208,Echos de Partout,529
238,4758930,0,DIV.231,UN DES ASSASSINS DE M. RATHENAU est arrêté : C'est celui qui pilotait l'auto,670
238,4758930,0,DIV.248,LE LANDRU ALLEMAND,118
238,4758930,0,DIV.255,"LE SECRETAIRE DE l'Internationale de Moscou à St-Etienne : IL EST VENU, ILLEGALEMENT, APPORTER « LA BONNE PAROLE » A SES FRERES EN BOLCHEVISME",288
238,4758930,0,DIV.263,Les Cambrioleurs DU Bureau de Poste : Deux nouvelles arrestations,181
238,4758930,0,DIV.278,CALENDRIER,424
238,4758930,0,DIV.300,La distribution postale du dimanche : DES CREDITS VONT ETRE DEMANDES POUR QU'ELLE SOIT RÉTABLIE PARTOUT,163
238,4758930,0,DIV.307,Le Ministre de l'Agriculture à Douai,85
238,4758930,0,DIV.312,Le retour de nos morts glorieux,478
238,4758930,0,DIV.335,Carnet Régional,764
238,4758930,0,DIV.352,Le denier des écoles laïques de Lille à Dunkerque : L'hommage à Jean Bart. - L'arrivée en musique à Malo.,1486
238,4758930,0,DIV.391,UN ÉPILEPTIQUE SE NOIE ACCIDENTELLEMENT A HOUPLINES,79
238,4758930,0,DIV.396,Congrès des amicales de police : Troisième journée,248
238,4758930,0,DIV.407,Annonces,130
238,4758930,0,DIV.417,La cession à la ville de Lille de terrains des fortifications,87
238,4758930,0,DIV.422,"M. Emmanuel BARAT PROVISEUR DU LYCÉE DE LILLE nommé au Lycée Charlemagne, à Paris",305
238,4758930,0,DIV.432,"Le Carnaval d'Été DES ""Amis de la rue de Paris"" : LES RESULTATS DU CONCOURS",836
238,4758930,0,DIV.446,"LE "" MONGY "" INAUGURE SAMEDI LE SERVICE DE NUIT",157
239,4758930,1,DIV.452,A TRAVERS LA VILLE : ARRESTATION D'UN DANGEREUX REPRIS DE JUSTICE,735
239,4758930,1,DIV.471,Le Concert de l'Amitié DES Aveugles de France,491
239,4758930,1,DIV.486,TRIBUNAL CORRECTIONNEL DE LILLE,396
239,4758930,1,DIV.498,POUR LE MONUMENT AUX MORTS A LA MADELEINE,1089
239,4758930,1,DIV.519,ROUBAIX,239
239,4758930,1,DIV.527,La journée des Mères : LA DISTRIBUTION DES PRIX AUX LAUREATS DU CONCOURS LITTERAIRE,1077
239,4758930,1,DIV.546,TOURCOING,164
239,4758930,1,DIV.552,La Fête annuelle des Sauveteurs du Nord,1070
239,4758930,1,DIV.575,ARMENTIERES,294
239,4758930,1,DIV.589,A la Conférence de la Haye : La France répond à une demande de M. Litvinof,155
239,4758930,1,DIV.596,Les prestations en nature : LA COMMISSION DES AFFAIRES ETRANGERES DECIDE D'ENTENDRE M. LOUCHEUR,163
239,4758930,1,DIV.602,"Chute vertigineuse d'un autobus dans un ravin : DOUZE VOYAGEURS BLESSÉS, DONT CINQ GRIEVEMENT",154
239,4758930,1,DIV.608,Funérailles du prince Albert de Monaco,48
239,4758930,1,DIV.613,Manifestation à Asnières contre l'impôt sur les salaires,115
239,4758930,1,DIV.618,Une baleinière fait naufrage à la cote de Tunis : LE COMMANDANT ET LE QUARTIER-MAITRE SONT NOYES,246
239,4758930,1,DIV.624,DERNIERE HEURE COMMERCIALE,490
239,4758930,1,DIV.644,SCÈNES DE VIOLENCE A FRANCFORT : Des ouvriers saisissent les direc- teurs d'une usine pour leur imposer leurs conditions,739
239,4758930,1,DIV.659,VOTRE PEAU EST-ELLE RUGUEUSE,113
239,4758930,1,DIV.664,Encore un homme coupé en morceaux : C'est son frère qui l'a assassiné,111
239,4758930,1,DIV.671,LA NATIONALE-VIE,250
239,4758930,1,DIV.677,"Une jeune servante assaillie par un "" Bicot "" : A FLERS-EN-ESCREBIEUX",292
239,4758930,1,DIV.692,"Une bagarre sanglante A DARMSTADT : Des républicains allemands ayant exercé des représailles contre des monarchistes, la police intervient Huit morts — Cinquante blessés",534
239,4758930,1,DIV.709,Un policier tue un assassin,345
239,4758930,1,DIV.716,PENSIONNAT PINCHART à HAUBOURDIN.,79
239,4758930,1,DIV.721,Une fabrique d'explosifs saute à Genève,151
240,4758930,2,DIV.728,Annonces,48
240,4758930,2,DIV.732,"Des Rosses affamés auraient mangé leur petit-fils, un jeune Français",283
240,4758930,2,DIV.740,École des mutilés de Tourcoing,93
240,4758930,2,DIV.752,Le Marché du Coton,1222
240,4758930,2,DIV.769,COURS DU FRET,628
240,4758930,2,DIV.778,MARCHÉS DE LA REGION,96
240,4758930,2,DIV.783,FECULENTS,2803
240,4758930,2,DIV.852,MARCHE AUX BESTIAUX DE LA VILLETTE Clôture du 29 juin,1019
240,4758930,2,DIV.876,"LAINES. — LE HAVRE, le 29 juin",1463
240,4758930,2,DIV.909,Bourse de Lille du 29 juin 1922,1631
240,4758930,2,DIV.928,Cours des Changes à Paris,349
240,4758930,2,DIV.935,BOURSE D'ANVERS (caisse de liquidation) : Les cours sont en francs belges,164
240,4758930,2,DIV.943,BOURSE DE PARIS DU 29 JUIN 1922,2398
240,4758930,2,DIV.968,N° 20. L'Ange du Faubourg : DEUXIEME PARTIE Le drame de Saint-Maurice X SITUATION NOUVELLE,1930
240,4758930,2,DIV.1042,POUR L'ACCESSION A LA Petite Propriété : II Les Habitations à bon marché,963
240,4758930,2,DIV.1073,Les Travaux à la Campagne : EN JUILLET,1126
240,4758930,2,DIV.1097,Actes de banditisme DANS LA SOMME,558
240,4758930,2,DIV.1112,Annonces,35
240,4758930,2,DIV.1119,NATATION : La Traversée de Lille à la Nage Vendredi 14 Juillet 1922 ORGANISÉE PAR LE « GRAND ECHO DU NORD ET DU PAS-DE-CALAIS » ET L'UNION DES NAGEURS LILLOIS NEUVIEME ANNÉE DEUX MILLE FRANCS DE PRIX,1067
240,4758930,2,DIV.1141,"CYCLISME : LE TOUR DE FRANCE CYCLISTE TROISIEME ETAPE Cherbourg-Brest 1er, JACQUINOT ; 2e, BARTHELEMY en 17 h. 34 m. 44 s.",449
240,4758930,2,DIV.1164,ATHLETISME,527
240,4758930,2,DIV.1175,COURSE A PIED,118
240,4758930,2,DIV.1180,COMMUNICATIONS,155
240,4758930,2,DIV.1186,MARCHE,69
240,4758930,2,DIV.1191,BOXE,107
241,4758930,3,DIV.1197,JEU DE BALLE,68
241,4758930,3,DIV.1202,HIPPISME,559
241,4758930,3,DIV.1213,LA RACE CANINE,109
241,4758930,3,DIV.1219,Publicité,306
241,4758930,3,DIV.1227,Communications et Convocations,371
241,4758930,3,DIV.1239,Annonces,56
241,4758930,3,DIV.1244,LA CONFIANCE DE L'EPARGNE dans les Valeurs du Trésor,206
241,4758930,3,DIV.1249,Annonces,123
241,4758930,3,DIV.1253,LES CONCOURS AGRICOLES dans le Nord EN 1922,511
241,4758930,3,DIV.1266,Petite Poste Militaire,456
241,4758930,3,DIV.1286,Programme des Spectacles,346
241,4758930,3,DIV.1302,DIV.1302,121
241,4758930,3,DIV.1317,Publicité,282
241,4758930,3,DIV.1336,Annonces,203
241,4758930,3,DIV.1347,Annonces,635
241,4758930,3,DIV.1360,Annonces,188
241,4758930,3,DIV.1366,Annonces,70
241,4758930,3,DIV.1376,Petite Correspondance,1404
241,4758930,3,DIV.1416,Etat Civil de Lille,423
241,4758930,3,DIV.1424,Annonces,515
241,4758930,3,DIV.1429,Annonces,91
241,4758930,3,DIV.1441,N° 68. La Corde au Cou : DEUXIÈME PARTIE XIV,2128
241,4758930,3,DIV.1497,Appréciations du Concours de Solistes DE LILLE : SALLE N° 7,2005
241,4758930,3,DIV.1530,PUBLICATIONS LEGALES,5122
241,4758930,3,DIV.1659,PERDUS ET TROUVÉS,303
242,4758930,4,DIV.1670,VENTES & ACHATS D'IMMEUBLES,1568
242,4758930,4,DIV.1724,"mess=""""?",569
242,4758930,4,DIV.1747,DIV.1747,1474
242,4758930,4,DIV.1791,DIV.1791,563
242,4758930,4,DIV.1816,OFFRES DE LOCATION,869
242,4758930,4,DIV.1846,VENTES,437
242,4758930,4,DIV.1865,DEMANDES D'EMPLOIS,1471
242,4758930,4,DIV.1915,OFFRES D'EMPLOIS,8347
242,4758930,4,DIV.2234,GENS DE MAISON,3193
242,4758930,4,DIV.2330,CESSIONS,3686
242,4758930,4,DIV.2452,ASSOCIATIONS-CAPITAUX,856
242,4758930,4,DIV.2487,AUTOS ET CYCLES,2847
242,4758930,4,DIV.2572,OCCASIONS,672
242,4758930,4,DIV.2599,DIV.2599,1125
242,4758930,4,DIV.2653,DIV.2653,1106
242,4758930,4,DIV.2695,DIV.2695,1045
242,4758930,4,DIV.2718,DIV.2718,353
243,4758930,5,DIV.2737,VENTES ET ACHATS DIVERS,3124
243,4758930,5,DIV.2840,DIVERS,1406
243,4758930,5,DIV.2897,DIV.2897,44
243,4758930,5,DIV.2900,DIV.2900,2026
243,4758930,5,DIV.2975,DIV.2975,300
243,4758930,5,DIV.2987,DIV.2987,1089
243,4758930,5,DIV.3026,Publicité,1921
243,4758930,5,DIV.3049,DIV.3049,135
243,4758930,5,DIV.3057,DIV.3057,523
243,4758930,5,DIV.3078,DIV.3078,230
243,4758930,5,DIV.3090,Publicité,29
244,4767236,0,DIV.32,DIV.32,86
244,4767236,0,DIV.39,DIV.39,114
244,4767236,0,DIV.45,Insurrection polonaise.,762
244,4767236,0,DIV.57,DIV.57,1242
244,4767236,0,DIV.74,DIV.74,117
244,4767236,0,DIV.77,Banquet du 7 avril.,131
244,4767236,0,DIV.88,ROBERT PEEL ET M. GUIZOT.,1315
244,4767236,0,DIV.101,DIV.101,1687
244,4767236,0,DIV.113,DIV.113,302
244,4767236,0,DIV.119,DIV.119,155
244,4767236,0,DIV.127,Séance du 31 mars 1846. : PRÉSIDENCE DE M. SAUZET.,7944
244,4767236,0,DIV.248,FAITS DIVERS.,2041
244,4767236,0,DIV.271,PETITE CORRESPONDANCE.,501
244,4767236,0,DIV.283,DÉCLARATIONS DE FAILLITES.,277
244,4767236,0,DIV.291,Marchés.,641
244,4767236,0,DIV.299,HALLE DE PARIS .,652
244,4767236,0,DIV.311,Bourse du 31 mars 1846.,2352
244,4767236,0,DIV.344,LA MÉLODIE INCARNÉE.,3862
244,4767236,0,DIV.464,Annonces,1706
244,4767236,0,DIV.484,Annonces,296
244,4767236,0,DIV.491,Publicité,93
244,4767236,0,DIV.497,Annonces,55
244,4767236,0,DIV.501,Annonces,51
244,4767236,0,DIV.504,Publicité,30
245,4767477,0,DIV.34,Chambre des Pairs. — Loi sur la Médecine.,1803
245,4767477,0,DIV.73,Chambre des Députés.,302
245,4767477,0,DIV.80,Les Renards à queue coupée.,843
245,4767477,0,DIV.91,La France et la sainte alliance en Portugal; Par EDGARD QUINET.,6799
245,4767477,0,DIV.142,A MM. les Membres de la Chambre des Députés.,1252
245,4767477,0,DIV.163,DIV.163,1265
245,4767477,0,DIV.197,DIV.197,4311
245,4767477,0,DIV.240,DIV.240,172
245,4767477,0,DIV.245,"CHRONIQUE DES THÉÂTRES,",208
245,4767477,0,DIV.252,"Critique littéraire. MADELEINE, par M. JULES SANDEAU.",4514
245,4767477,0,DIV.292,PETITE CORRESPONDANCE.,748
245,4767477,0,DIV.316,Marchés,364
245,4767477,0,DIV.328,DIV.328,1150
245,4767477,0,DIV.339,CHEMINS DE FER EN LIQUIDATION (Dernier cours.),310
245,4767477,0,DIV.352,Spectacles du 2 juillet.,730
245,4767477,0,DIV.370,DIV.370,619
245,4767477,0,DIV.385,DIV.385,101
245,4767477,0,DIV.391,DIV.391,38
245,4767477,0,DIV.396,DIV.396,203
245,4767477,0,DIV.401,DIV.401,133
246,4768504,0,DIV.19,ASSEMBLÉE GÉNÉRALE DE MM. LES ACTIONNAIRES DE LA DÉMOCRATIE PACIFIQUE,6690
246,4768504,0,DIV.122,Publicité,21
246,4768504,0,DIV.125,Les Rédacteurs de la Démocratie pacifique à MM. les Magistrats du département de la Seine.,734
246,4768504,0,DIV.142,Publicité,25
247,4768768,0,DIV.29,Tarifs de navigation.—Canal du Rhône au Rhin.,1210
247,4768768,0,DIV.45,ECONOMIE SOCIALE. : SOCIÉTÉ CIVILE DE CITEAUX. — COMBINAISON INDUSTRIELLE (1),2484
247,4768768,0,DIV.86,ANALYSE : DU RAPPORT DE M. LE CONTRE-AMIRAL DUPETIT-THOUARS.,1868
247,4768768,0,DIV.108,DIV.108,26
247,4768768,0,DIV.111,DIV.111,27
247,4768768,0,DIV.114,Chambre des Pairs. : PRÉSIDENCE DE M. LE CHANCELIER PASQUIER. Séance du 15 avril.,5068
247,4768768,0,DIV.212,Chambre des Députés. : PRÉSIDENCE DE M. SAUZET. Séance du 15 avril.,4137
247,4768768,0,DIV.299,Faits divers.,501
247,4768768,0,DIV.308,ACADÉMIE DES SCIENCES. : Séance du 15 avril PRÉSIDENCE DE M. DUPIN.,2346
247,4768768,0,DIV.342,REVUE MUSICALE. : DERNIÈRE SAISON DES ITALIENS.,5561
247,4768768,0,DIV.378,DIV.378,195
247,4768768,0,DIV.381,DIV.381,36
247,4768768,0,DIV.384,Bourse du 15 avril 1844.,2317
247,4768768,0,DIV.416,Annonces,108
247,4768768,0,DIV.421,Publicité,22
247,4768768,0,DIV.430,Cours des farines. (Par 100 k.),859
247,4768768,0,DIV.446,Taxe du pain (par kil.).,262
247,4768768,0,DIV.452,Cours des céreales (par hect.).,1731
247,4768768,0,DIV.474,Légumes secs (hect.).,249
247,4768768,0,DIV.485,Bestiaux. (Prix du kil. sur pied.),381
248,4768900,0,DIV.31,Du rôle de la France au Maroc.,1042
248,4768900,0,DIV.40,Les questions sociales agitées en Angleterre. : LES PROPRIÉTAIRES DE MINES ET LES OUVRIERS ; LE CAPITAL ET LE TRAVAIL. GUERRE OUVERTE (1).,3566
248,4768900,0,DIV.94,DIV.94,176
248,4768900,0,DIV.97,DIV.97,105
248,4768900,0,DIV.101,DIV.101,76
248,4768900,0,DIV.105,DIV.105,254
248,4768900,0,DIV.109,DIV.109,133
248,4768900,0,DIV.112,DIV.112,133
248,4768900,0,DIV.116,Affaire du Maroc.,2048
248,4768900,0,DIV.135,TAITI.,301
248,4768900,0,DIV.144,Abdication de Méhémet-Ali.,891
248,4768900,0,DIV.155,REVUE DES JOURNAUX.,477
248,4768900,0,DIV.162,DIV.162,139
248,4768900,0,DIV.167,Faits divers.,620
248,4768900,0,DIV.180,DIV.180,1790
248,4768900,0,DIV.214,Études sur les Parisiennes.,4973
248,4768900,0,DIV.291,Bourse du 22 août 1844.,2117
248,4768900,0,DIV.323,DÉCLARATIONS DE FAILLITES DU 20 AOUT.,344
248,4768900,0,DIV.334,DIV.334,145
248,4768900,0,DIV.337,DIV.337,665
248,4768900,0,DIV.342,Spectacles du 23 août.,311
248,4768900,0,DIV.360,CHRONIQUE DÉPARTEMENTALE. Industrie vinicole.,771
248,4768900,0,DIV.376,PRODUITS VÉGÉTAUX. : Cours des céréales (par hect.).,2242
248,4768900,0,DIV.415,PRODUITS ANIMAUX. : Bestiaux. (Prix du kil. sur pied.),442
248,4768900,0,DIV.427,Publicité,2528
249,4769030,0,DIV.32,Examen du Manifeste de M. de Lamartine.,3218
249,4769030,0,DIV.61,Crise ministérielle.,501
249,4769030,0,DIV.71,DIV.71,112
249,4769030,0,DIV.76,Nouvelles de Taiti.,3542
249,4769030,0,DIV.122,DIV.122,452
249,4769030,0,DIV.129,"PRÉSIDENCE DE M. SAPEY, DOYEN D'AGE. : Séance du 30 décembre.",304
249,4769030,0,DIV.146,Extérieur.,898
249,4769030,0,DIV.159,REVUE DES JOURNAUX DU 30 DÉCEMBRE.,607
249,4769030,0,DIV.169,Faits divers.,1761
249,4769030,0,DIV.202,PRÉSIDENCE DE M. CH. DUPIN. : Séance du 30 décembre.,3744
249,4769030,0,DIV.236,L'Éducation par les Joujoux.,4962
249,4769030,0,DIV.306,Bourse du 30 décembre 1844.,2861
249,4769030,0,DIV.348,DIV.348,149
249,4769030,0,DIV.351,Spectacles du 31 décembre.,372
249,4769030,0,DIV.373,Cours des farines (par 100 kil.).,424
249,4769030,0,DIV.383,Cours des Générales (par hect.).,1031
249,4769030,0,DIV.406,DIV.406,107
249,4769030,0,DIV.410,DIV.410,250
249,4769030,0,DIV.419,"Viandes diverses, gibier et volaille.",322
249,4769030,0,DIV.424,Laines.,552
249,4769030,0,DIV.430,Publicité,506
250,4773360,0,DIV.65,SOMMAIRE,123
250,4773360,0,DIV.70,CHARLES SOLLER Explorateur français.,5088
250,4773360,0,DIV.158,EXPOSITION DE SAUVETAGE ET D'HYGIÈNE,219
250,4773360,0,DIV.167,EXPOSITION VINICOLE ET INDUSTRIELLE DE TROYES : M. JUSTIN POIRY Président du Comité,1054
250,4773360,0,DIV.185,EXPOSITION NATIONALE DES CIDRES ET POIRÉS,719
250,4773360,0,DIV.205,EXPOSITION VINICOLE ET INDUSTRIELLE DE TROYES : V LES MACHINES A COUDRE « WHITE » et la maison GIRARDIN-ROBERT,810
250,4773360,0,DIV.222,L'électricité,1409
250,4773360,0,DIV.250,L'ESEIGNEMENT PROFESSIONNEL ET L'ÉCOLE DE MONTIVILLIERS : ( Seine- Inférieure ),2422
250,4773360,0,DIV.286,L'AFRIQUE,702
250,4773360,0,DIV.301,UN MOTEUR COMME ON N'EN FAIT PAS : (Système Keeley),663
250,4773360,0,DIV.324,L'Union dans le Commerce,166
250,4773360,0,DIV.332,LA MANUFACTURE DES GOBELINS : A L'EXPOSITION DE 1889,1356
250,4773360,0,DIV.359,INFORMATIONS,818
250,4773360,0,DIV.379,L'Exposition de 1889,896
250,4773360,0,DIV.405,BIBLIOGRAPHIE,52
250,4773360,0,DIV.410,LA SEMAINE THÉATRALE,606
250,4773360,0,DIV.430,ECONOMIE & FINANCE,736
250,4773360,0,DIV.446,Annonces,722
250,4773360,0,DIV.477,Chemins de fer d'Orléans,421
250,4773360,0,DIV.491,GRAND CONCOURS DE BRUXELLES : Chemins de fer du Nord,208
250,4773360,0,DIV.499,Publicité,32
250,4773360,0,DIV.503,SOMMAIRE,109
250,4773360,0,DIV.508,"Exposition de sauvetage et d'hygiène : XII LE PAPIER « JOB » (Mon BARDOU, fondée en 1838)",4460
250,4773360,0,DIV.590,EXPOSITION NATIONALE DES CIDRES ET POIRÉS,195
250,4773360,0,DIV.600,DIV.600,74
251,4773360,1,DIV.604,EXPOSITION VINICOLE ET INDUSTRIELLE DE TROYES : V LA GRANDE DISTILLERIE LEGRAIN ET TIRVEILLOT A LEVALLOIS-PERRET,2969
251,4773360,1,DIV.658,INFORMATIONS,290
251,4773360,1,DIV.670,Nouvel exploseur électro-magnetique : COUP DE POING (SYSTÊME E. DUCRETET),1825
251,4773360,1,DIV.735,L'UNION DES MINES D'OR,745
251,4773360,1,DIV.746,LE MANOPAN,253
251,4773360,1,DIV.756,L'Exposition de 1889,1812
251,4773360,1,DIV.802,BIBLIOGRAPHIE,52
251,4773360,1,DIV.807,LES VIGNOBLES FRANÇAIS et leur reconstitution,378
251,4773360,1,DIV.820,LA SEMAINE THÉATRALE,823
251,4773360,1,DIV.839,ECONOMIE & FINANCE,547
251,4773360,1,DIV.854,Annonces,747
251,4773360,1,DIV.884,Exposition Universelle de Barcelone : Chemins de fer d'Orléans,424
251,4773360,1,DIV.899,GRAND CONCOURS DE BRUXELLES : Chemins de fer du Nord,206
251,4773360,1,DIV.907,Publicité,29
251,4773360,1,DIV.911,Annonces,587
251,4773360,1,DIV.936,EXCURSIONS AUX STATIONS HIVERNALES ET BALNÉAIRES DÈS PYRÉNEES,332
251,4773360,1,DIV.945,"CHEMINS DE FER DE L'EST : De Paris en Italie, par Bâle, Lucerne et le Saint-Gothard.",259
252,4773419,0,DIV.37,AVIS IMPORTANT.,56
252,4773419,0,DIV.42,"Paris, le 22 décembre 1866.",158
252,4773419,0,DIV.47,DIV.47,28
252,4773419,0,DIV.50,THÉATRE IMPÉRIAL DU CHATELET : Le Diable bolteux,537
252,4773419,0,DIV.61,CHRONIQUE DES THEATRES DE PARIS,7884
252,4773419,0,DIV.162,Nouvelles des Départements,9491
252,4773419,0,DIV.264,Chronique des Théâtres de l'Etranger,3638
252,4773419,0,DIV.321,DIV.321,874
252,4773419,0,DIV.335,Petit Journal de la Semaine,3237
252,4773419,0,DIV.397,DIV.397,353
252,4773419,0,DIV.403,Publicité,1620
252,4773419,0,DIV.445,Annonces,131
252,4773419,0,DIV.452,Publicité,67
252,4773419,0,DIV.459,Publicité,1299
253,4773420,0,DIV.43,DIV.43,55
253,4773420,0,DIV.46,"Paris, le 29 décembre 1866.",183
253,4773420,0,DIV.56,DIV.56,419
253,4773420,0,DIV.67,DIV.67,76
253,4773420,0,DIV.71,DIV.71,66
253,4773420,0,DIV.75,DIV.75,131
253,4773420,0,DIV.83,DIV.83,38
253,4773420,0,DIV.86,DIV.86,55
253,4773420,0,DIV.90,CHRONIQUE DES THÉATRES DE PARIS,7010
253,4773420,0,DIV.219,LA VIERGE DU SÉRAIL PAR TURPIN DE SANSAY,2101
253,4773420,0,DIV.306,Nouvelles des Départements,9019
253,4773420,0,DIV.379,DIV.379,1147
253,4773420,0,DIV.397,DIV.397,529
253,4773420,0,DIV.408,RÉPONSE A UN ANONYME,763
253,4773420,0,DIV.418,Petit Journal de la Semaine,2556
253,4773420,0,DIV.449,TABLEAUX DE TROUPE : NICE (Théâtre-Italien).,374
253,4773420,0,DIV.465,Publicité,26
253,4773420,0,DIV.469,Publicité,63
253,4773420,0,DIV.474,Publicité,182
253,4773420,0,DIV.486,Publicité,284
253,4773420,0,DIV.489,Publicité,912
253,4773420,0,DIV.510,Publicité,139
253,4773420,0,DIV.521,Publicité,131
253,4773420,0,DIV.528,Publicité,68
253,4773420,0,DIV.535,Publicité,1562
254,4773421,0,DIV.37,Annonces,61
254,4773421,0,DIV.41,"Paris, le 5 janvier 1867.",111
254,4773421,0,DIV.46,DIV.46,52
254,4773421,0,DIV.49,DIV.49,34
254,4773421,0,DIV.52,DIV.52,29
254,4773421,0,DIV.55,AMBIGU-COMIQUE : La Duchesse de Montemayor,3359
254,4773421,0,DIV.94,LA VIERGE DU SÉRAIL PAR TURPIN DE SANSAY,2081
254,4773421,0,DIV.159,DIV.159,129
254,4773421,0,DIV.163,CHRONIQUE DES THÉATRES DE PARIS : Académie Impériale de Musique. —,3479
254,4773421,0,DIV.207,Nouvelles des Départements,6018
254,4773421,0,DIV.293,Chronique des Théâtres de l'Etranger,2551
254,4773421,0,DIV.324,BIBLIOGRAPHIE.,1017
254,4773421,0,DIV.350,Petit Journal de la Semaine,1934
254,4773421,0,DIV.388,TOURS.,271
254,4773421,0,DIV.400,BOURBON et MAURICE.,388
254,4773421,0,DIV.411,CHAMBÉRY (Théâtre- Impérial).,457
254,4773421,0,DIV.421,LE MANS ET RENNES.,389
254,4773421,0,DIV.432,DOUAI.,254
254,4773421,0,DIV.441,NICE. (Théâtre-Français),250
254,4773421,0,DIV.446,MONTPELLIER.,240
254,4773421,0,DIV.452,BÉZIERS,318
254,4773421,0,DIV.461,GRASSE (Franco).,211
254,4773421,0,DIV.468,BERLIN. (Théâtre Victoria),161
254,4773421,0,DIV.478,Annonces,2473
254,4773421,0,DIV.549,Publicité,1364
255,4773529,0,DIV.38,SOMMAIRE :,210
255,4773529,0,DIV.45,Publicité,227
255,4773529,0,DIV.60,Annonces,61
255,4773529,0,DIV.64,Annonces,32
255,4773529,0,DIV.67,CHRONIQUE FINANCIÈRE,1062
255,4773529,0,DIV.88,DIV.88,104
255,4773529,0,DIV.93,DIV.93,115
255,4773529,0,DIV.99,DIV.99,147
255,4773529,0,DIV.106,DIV.106,77
255,4773529,0,DIV.110,DIV.110,165
255,4773529,0,DIV.115,DIV.115,173
255,4773529,0,DIV.119,DIV.119,41
255,4773529,0,DIV.122,DIV.122,36
255,4773529,0,DIV.125,DIV.125,79
255,4773529,0,DIV.129,DIV.129,61
255,4773529,0,DIV.133,DIV.133,51
255,4773529,0,DIV.137,DIV.137,111
255,4773529,0,DIV.141,DIV.141,58
255,4773529,0,DIV.146,DIV.146,57
255,4773529,0,DIV.152,DIV.152,115
255,4773529,0,DIV.163,DIV.163,50
255,4773529,0,DIV.167,DIV.167,51
255,4773529,0,DIV.174,DIV.174,75
255,4773529,0,DIV.183,DIV.183,32
255,4773529,0,DIV.186,DIV.186,132
256,4773529,1,DIV.196,"COMMUNICATIONS RENSEIGNEMENTS, FAITS DIVERS",3724
256,4773529,1,DIV.272,CAUSERIE SCIENTIFIQUE : LES ERREURS DES SENS,3347
256,4773529,1,DIV.328,MANDATS TÉLÉGRAPHIQUES,263
256,4773529,1,DIV.339,DIV.339,115
256,4773529,1,DIV.342,DIV.342,90
256,4773529,1,DIV.347,DIV.347,76
256,4773529,1,DIV.350,DIV.350,85
256,4773529,1,DIV.357,DIV.357,54
256,4773529,1,DIV.362,DIV.362,42
256,4773529,1,DIV.365,DIV.365,59
256,4773529,1,DIV.370,CAISSE D'AMORTISSEMENT DE DÉPOTS ET CONSIGNATIONS,728
256,4773529,1,DIV.383,Incendie.,714
256,4773529,1,DIV.412,Assurances sur la vie.,865
256,4773529,1,DIV.439,DIV.439,36
256,4773529,1,DIV.442,AVIS,1125
256,4773529,1,DIV.497,CAISSE DE L'EUROPE FINANCIÈRE : SERVICE DES DÉPÔTS,268
256,4773529,1,DIV.507,Annonces,37
256,4773529,1,DIV.510,Publicité,110
256,4773529,1,DIV.515,Annonces,66
256,4773529,1,DIV.519,OU EST SIMON,240
256,4773529,1,DIV.537,CHRONIQUE AGRICOLE,1255
256,4773529,1,DIV.571,DIV.571,110
256,4773529,1,DIV.578,DIV.578,145
256,4773529,1,DIV.583,DIV.583,211
256,4773529,1,DIV.591,DIV.591,65
257,4773529,2,DIV.594,DIV.594,109
257,4773529,2,DIV.597,DIV.597,105
257,4773529,2,DIV.603,DIV.603,100
257,4773529,2,DIV.607,DIV.607,38
257,4773529,2,DIV.610,DIV.610,64
257,4773529,2,DIV.614,DIV.614,181
257,4773529,2,DIV.620,DIV.620,42
257,4773529,2,DIV.623,DIV.623,123
257,4773529,2,DIV.628,DIV.628,28
257,4773529,2,DIV.631,DIV.631,29
257,4773529,2,DIV.634,DIV.634,70
257,4773529,2,DIV.639,DIV.639,167
257,4773529,2,DIV.644,BOURSE DE PARIS DU 2 DECEMBRE 1879,5067
257,4773529,2,DIV.667,DIV.667,128
257,4773529,2,DIV.677,BOURSE DU 2 DÉCEMBRE 1879.,8314
257,4773529,2,DIV.767,Mercredi 3,257
257,4773529,2,DIV.779,Vendredi 5,254
257,4773529,2,DIV.790,Samedi 6,196
257,4773529,2,DIV.805,Mercredi 3 novembre,166
257,4773529,2,DIV.814,Jeudi 4 et Samedi 6,137
257,4773529,2,DIV.823,Mercredi et Vendredi,178
257,4773529,2,DIV.835,Jeudi et Samedi,138
257,4773529,2,DIV.849,LE DÉPIT AMOUREUX,66
257,4773529,2,DIV.855,LE VOYAGE DE M. PERRICHON,127
257,4773529,2,DIV.866,RITA ou LE MARI BATTU,58
258,4773529,3,DIV.872,GUIDO ET GINEVRA,93
258,4773529,3,DIV.878,LUCIE DE LAMMERMOOR,57
258,4773529,3,DIV.884,P.-Saint-Martin,526
258,4773529,3,DIV.897,Thom.-Holden,31
258,4773529,3,DIV.906,LES CONVICTIONS DE PAPA,51
258,4773529,3,DIV.911,JONATHAN,110
258,4773529,3,DIV.921,L'ACCORDEUR,57
258,4773529,3,DIV.926,LE MARI DE LA DÉBUTANTE,194
258,4773529,3,DIV.931,Variétés,141
258,4773529,3,DIV.944,UN DOMINO,45
258,4773529,3,DIV.950,LES NOCES D'OLIVETTE,210
258,4773529,3,DIV.957,Châtelet,380
258,4773529,3,DIV.976,ON DEMANDE UN MARI,57
258,4773529,3,DIV.982,LA JOLIE PERSANE,239
258,4773529,3,DIV.989,Th. des Nations,491
258,4773529,3,DIV.1003,LE TROISIÈME MARI,40
258,4773529,3,DIV.1009,LES CLOCHES DE CORNEVILLE,145
258,4773529,3,DIV.1015,Ambigu,149
258,4773529,3,DIV.1030,LES DOMESTIQUES,102
258,4773529,3,DIV.1043,LE MOUTON A L'ENTRESOL,57
258,4773529,3,DIV.1052,L'ECOSSAIS DE CHATOU,50
258,4773529,3,DIV.1057,HYMNIS,42
258,4773529,3,DIV.1063,LA COLOMBE,53
258,4773529,3,DIV.1068,Vaudeville,118
258,4773529,3,DIV.1074,Château-d'Eau,269
259,4773529,4,DIV.1086,LA BOSSE DU VOL,57
259,4773529,4,DIV.1092,MONSIEUR,74
259,4773529,4,DIV.1103,C'EST LE CHAT,49
259,4773529,4,DIV.1109,BREDOUILLE,42
259,4773529,4,DIV.1116,L'ORFÈVRE DU PONT AU CHANGE,229
259,4773529,4,DIV.1126,"Fantais, Paris.",186
259,4773529,4,DIV.1140,LE MANTEAU,65
259,4773529,4,DIV.1145,LES RICOCHETS DU DIVORCE,149
259,4773529,4,DIV.1154,FAUSSAIRE ! ! !,73
259,4773529,4,DIV.1162,LE BOUDOIR,45
259,4773529,4,DIV.1167,LES PETITES LIONNES,107
259,4773529,4,DIV.1172,Bouffes-Popul.,155
259,4773529,4,DIV.1180,Folies-Rambut.,40
259,4773529,4,DIV.1194,Skating- Théât.,86
259,4773529,4,DIV.1205,Folies-Bergère,51
259,4773529,4,DIV.1213,Crémorne,30
259,4773529,4,DIV.1219,Fernando,20
259,4773529,4,DIV.1225,DIV.1225,217
259,4773529,4,DIV.1246,DIV.1246,87
259,4773529,4,DIV.1253,DIV.1253,350
259,4773529,4,DIV.1274,DIV.1274,450
259,4773529,4,DIV.1292,DIV.1292,193
260,4773609,0,DIV.47,La Conférence des Chemins Orientaux à Budapest.,660
260,4773609,0,DIV.67,M. Christitch et M Grouitch.,2330
260,4773609,0,DIV.116,Histoire du palais de l'Ambassade de France à Thérapia. : Par Mme Caroline Suchodolska.,2621
260,4773609,0,DIV.164,Publicité,53
260,4773609,0,DIV.167,Les puissances et la Serbie. : (Par un Patriote serbe.),3516
260,4773609,0,DIV.215,Un faux-pas.,1280
260,4773609,0,DIV.237,Turcs et Hellènes.,1082
260,4773609,0,DIV.264,DIV.264,744
260,4773609,0,DIV.273,"Discours de M. Auguste Tréfort, Président de l'Académie.",1748
260,4773609,0,DIV.299,L'évêque Arnold Ipolyi. Par M. Guillaume Fraknόi.,5835
260,4773609,0,DIV.348,Naturalistes hongrois au XVIIIe siècle.,662
260,4773609,0,DIV.360,La grande salle de l'Académie.,382
260,4773609,0,DIV.372,Rapport annuel (1887—8)du Secrétaire général de l'Académie.,2124
260,4773609,0,DIV.390,Les prix de l'Académie.,343
260,4773609,0,DIV.399,Les élections.,315
260,4773609,0,DIV.411,Les Concours de l'Académie.,841
260,4773609,0,DIV.446,DIV.446,913
260,4773609,0,DIV.457,DIV.457,1748
260,4773609,0,DIV.471,La cour d'Annam.,1064
260,4773609,0,DIV.487,La vie sociale et littéraire.,1493
261,4773609,1,DIV.500,Nouvelles économiques.,1100
261,4773609,1,DIV.508,DIV.508,34
261,4773609,1,DIV.512,Annonces,97
261,4773609,1,DIV.519,Annonces,118
261,4773609,1,DIV.525,Annonces,53
261,4773609,1,DIV.533,DIV.533,321
261,4773609,1,DIV.542,DIV.542,111
261,4773609,1,DIV.554,DIV.554,771
261,4773609,1,DIV.578,DIV.578,106
261,4773609,1,DIV.586,DIV.586,1321
261,4773609,1,DIV.623,DIV.623,98
261,4773609,1,DIV.635,DIV.635,293
261,4773609,1,DIV.652,DIV.652,282
261,4773609,1,DIV.666,DIV.666,157
261,4773609,1,DIV.672,DIV.672,252
261,4773609,1,DIV.692,DIV.692,325
261,4773609,1,DIV.714,DIV.714,687
262,4773934,0,DIV.25,DIV.25,271
262,4773934,0,DIV.33,DIV.33,339
262,4773934,0,DIV.40,DIV.40,422
262,4773934,0,DIV.44,DIV.44,272
262,4773934,0,DIV.49,DIV.49,45
262,4773934,0,DIV.52,DIV.52,369
262,4773934,0,DIV.59,DIV.59,158
262,4773934,0,DIV.67,DIV.67,95
262,4773934,0,DIV.72,DIV.72,138
262,4773934,0,DIV.78,DIV.78,164
262,4773934,0,DIV.90,DIV.90,58
262,4773934,0,DIV.93,DIV.93,478
262,4773934,0,DIV.103,DIV.103,210
262,4773934,0,DIV.111,DIV.111,369
262,4773934,0,DIV.118,DIV.118,213
262,4773934,0,DIV.131,DIV.131,259
262,4773934,0,DIV.138,DIV.138,129
262,4773934,0,DIV.141,DIV.141,118
262,4773934,0,DIV.146,NUIT DE MI-CARÊME.,1785
262,4773934,0,DIV.221,DIV.221,1578
262,4773934,0,DIV.268,DIV.268,234
262,4773934,0,DIV.274,DIV.274,292
262,4773934,0,DIV.278,DIV.278,730
262,4773934,0,DIV.335,DIV.335,203
262,4773934,0,DIV.338,DIV.338,323
263,4773934,1,DIV.343,DIV.343,304
263,4773934,1,DIV.347,DIV.347,158
263,4773934,1,DIV.354,DIV.354,260
263,4773934,1,DIV.358,DIV.358,272
263,4773934,1,DIV.364,DIV.364,374
263,4773934,1,DIV.376,GRELOTS DE CARNAVAL.,293
263,4773934,1,DIV.398,THÉATRES.,1762
263,4773934,1,DIV.469,Publicité,44
264,4773935,0,DIV.29,DIV.29,556
264,4773935,0,DIV.42,DIV.42,1227
264,4773935,0,DIV.68,DIV.68,438
264,4773935,0,DIV.82,DIV.82,246
264,4773935,0,DIV.89,DIV.89,473
264,4773935,0,DIV.102,DIV.102,515
264,4773935,0,DIV.113,DIV.113,365
264,4773935,0,DIV.120,DIV.120,153
264,4773935,0,DIV.124,DIV.124,178
264,4773935,0,DIV.129,DIV.129,200
264,4773935,0,DIV.136,"CONFÉRENCES DE MM. MONTEIL, ET GASTINEAU Rédacteurs de l'EUROPE, : au Cercle artistique et à la Libre-Pensée, à Bruxelles.",1107
264,4773935,0,DIV.166,AFFAIRE JAUMART : CONDAMNATION DE L'ACCUSÉ.,159
264,4773935,0,DIV.178,DIV.178,549
264,4773935,0,DIV.189,DIV.189,348
264,4773935,0,DIV.198,DIV.198,335
264,4773935,0,DIV.208,DIV.208,293
264,4773935,0,DIV.220,DIV.220,95
264,4773935,0,DIV.225,DIV.225,215
264,4773935,0,DIV.235,DIV.235,261
264,4773935,0,DIV.249,DIV.249,139
264,4773935,0,DIV.255,DIV.255,64
264,4773935,0,DIV.260,DIV.260,84
264,4773935,0,DIV.267,DIV.267,96
264,4773935,0,DIV.271,DIV.271,95
264,4773935,0,DIV.278,DIV.278,109
265,4773935,1,DIV.288,CONTES AUX GRANDS ENFANTS : VII UNE VISITE A ANVERS.,5060
265,4773935,1,DIV.415,CHRONIQUE THÉATRALE : LES THÉATRES DE PARIS. (Correspondance particulière de l' EUROPE.),1314
265,4773935,1,DIV.441,SCÈNES ET FANTAISIES : CLAUDE ET MARION.,5026
265,4773935,1,DIV.510,AUX ABONNÉS ET LECTEURS DE L'EUROPE,685
265,4773935,1,DIV.525,Publicité,42
266,4773936,0,DIV.20,"A STRASBOURG, — par LIBONIS",107
266,4773936,0,DIV.62,DIV.62,152
266,4773936,0,DIV.72,DIV.72,122
266,4773936,0,DIV.77,DIV.77,186
266,4773936,0,DIV.86,DIV.86,162
266,4773936,0,DIV.102,DIV.102,100
266,4773936,0,DIV.109,DIV.109,188
266,4773936,0,DIV.120,DIV.120,244
266,4773936,0,DIV.136,DIV.136,107
266,4773936,0,DIV.142,DIV.142,196
266,4773936,0,DIV.157,DIV.157,254
266,4773936,0,DIV.173,DIV.173,395
266,4773936,0,DIV.179,DIV.179,560
266,4773936,0,DIV.196,DIV.196,321
266,4773936,0,DIV.208,DIV.208,144
266,4773936,0,DIV.213,DIV.213,343
266,4773936,0,DIV.226,DIV.226,806
266,4773936,0,DIV.240,DIV.240,728
266,4773936,0,DIV.258,DIV.258,338
266,4773936,0,DIV.265,DIV.265,232
266,4773936,0,DIV.274,DIV.274,239
266,4773936,0,DIV.286,DIV.286,271
266,4773936,0,DIV.292,DIV.292,629
266,4773936,0,DIV.305,DIV.305,161
266,4773936,0,DIV.310,DIV.310,258
267,4773936,1,DIV.314,DIV.314,713
267,4773936,1,DIV.323,DIV.323,683
267,4773936,1,DIV.346,CONTES AUX GRANDS ENFANTS : IX LA BELLE MARCHANDE DE CERCUEILS.,2135
267,4773936,1,DIV.430,LES AMOURS DE MIRABEAU : ROMAN HISTORIQUE,4385
267,4773936,1,DIV.552,DIV.552,38
267,4773936,1,DIV.559,Annonces,49
267,4773936,1,DIV.565,Annonces,51
267,4773936,1,DIV.570,Annonces,68
267,4773936,1,DIV.580,Annonces,242
267,4773936,1,DIV.594,Annonces,77
267,4773936,1,DIV.603,Annonces,70
267,4773936,1,DIV.612,Annonces,195
267,4773936,1,DIV.626,Annonces,265
267,4773936,1,DIV.646,Annonces,160
267,4773936,1,DIV.656,Annonces,116
267,4773936,1,DIV.669,Annonces,71
267,4773936,1,DIV.678,Annonces,118
267,4773936,1,DIV.688,Publicité,70
268,4773937,0,DIV.27,DIV.27,54
268,4773937,0,DIV.34,PETITE REVUE DU MOIS DE MAI,220
268,4773937,0,DIV.78,DIV.78,139
268,4773937,0,DIV.81,DIV.81,240
268,4773937,0,DIV.95,DIV.95,58
268,4773937,0,DIV.99,DIV.99,207
268,4773937,0,DIV.114,DIV.114,1489
268,4773937,0,DIV.155,IV,142
268,4773937,0,DIV.163,DIV.163,66
268,4773937,0,DIV.167,DIV.167,460
268,4773937,0,DIV.176,DIV.176,282
268,4773937,0,DIV.182,DIV.182,233
268,4773937,0,DIV.189,DIV.189,309
268,4773937,0,DIV.196,DIV.196,161
268,4773937,0,DIV.205,DIV.205,75
268,4773937,0,DIV.211,DIV.211,161
268,4773937,0,DIV.222,DIV.222,18
268,4773937,0,DIV.226,DIV.226,130
268,4773937,0,DIV.232,DIV.232,61
268,4773937,0,DIV.239,DIV.239,298
268,4773937,0,DIV.253,DIV.253,251
268,4773937,0,DIV.265,DIV.265,211
268,4773937,0,DIV.278,DIV.278,124
268,4773937,0,DIV.289,DIV.289,252
268,4773937,0,DIV.306,DIV.306,3772
269,4773937,1,DIV.380,LE HIGH-LIFE : LES SNOBS.,1664
269,4773937,1,DIV.400,DIV.400,1459
269,4773937,1,DIV.423,DIV.423,1501
269,4773937,1,DIV.451,DIV.451,1550
269,4773937,1,DIV.464,LES AMOURS DE MIRABEAU : ROMAN HISTORIQUE,5338
269,4773937,1,DIV.563,Publicité,79
270,4782897,0,DIV.28,SOMMAIRE,172
270,4782897,0,DIV.43,TÉLÉGRAMMES,414
270,4782897,0,DIV.62,BULLETIN DU JOUR,1770
270,4782897,0,DIV.88,DERNIERES NOUVELLES,222
270,4782897,0,DIV.101,DIV.101,260
270,4782897,0,DIV.113,Premiers désordres,221
270,4782897,0,DIV.122,Le président de la République,229
270,4782897,0,DIV.130,La réception,448
270,4782897,0,DIV.146,Départ pour l'ambassade,386
270,4782897,0,DIV.159,Le départ pour l'Elysée,319
270,4782897,0,DIV.168,A l'Elysée,298
270,4782897,0,DIV.177,DIV.177,737
270,4782897,0,DIV.193,FIN DE VACANCES,2741
270,4782897,0,DIV.227,DIV.227,1063
270,4782897,0,DIV.249,Russie,439
270,4782897,0,DIV.261,Angleterre,233
270,4782897,0,DIV.273,Egypte,128
270,4782897,0,DIV.280,Roumanie,38
270,4782897,0,DIV.296,REVUE MUSICALE,2618
270,4782897,0,DIV.341,DIV.341,777
270,4782897,0,DIV.359,DÉPARTEMENTS ET ÉTRANGER,921
270,4782897,0,DIV.387,ÉCHOS DE PARTOUT,1551
270,4782897,0,DIV.431,NÉCROLOGIE,268
270,4782897,0,DIV.445,DIV.445,302
270,4782897,0,DIV.450,Annonces,61
271,4782897,1,DIV.454,Annonces,4321
271,4782897,1,DIV.545,DIV.545,1271
271,4782897,1,DIV.566,FONDS D'ÉTATS ET DE VILLES,2868
271,4782897,1,DIV.637,MARCHÉ ANGLAIS,1287
271,4782897,1,DIV.666,INSTITUTIONS DE CRÉDIT ET VALEURS DIVERSES,3549
271,4782897,1,DIV.733,CHEMINS DE FER,237
271,4782897,1,DIV.743,Recettes des Chemins de fer,3809
271,4782897,1,DIV.800,Annonces,45
271,4782897,1,DIV.806,Annonces,50
271,4782897,1,DIV.812,SOIRÉE PARISIENNE : Réouverture de la Renaissance,1172
271,4782897,1,DIV.834,DIV.834,90
271,4782897,1,DIV.843,DIV.843,35
271,4782897,1,DIV.850,Affaire de Saint-Priest. — Tentative d'as- sassinat. — M. Alphonse.,2228
271,4782897,1,DIV.882,Tirage du Jury,628
271,4782897,1,DIV.892,DIV.892,51
271,4782897,1,DIV.903,Bulletin de la Mortalité Du 21 au 27 sept. 1883,758
271,4782897,1,DIV.912,DÉCÈS ET INHUMATIONS Du 25 septembre 1883.,1324
271,4782897,1,DIV.941,Annonces,4114
271,4782897,1,DIV.976,VENTES A L'ENCHÈRE — ADJUDICATIONS,1868
271,4782897,1,DIV.1008,ACHATS ET VENTES DE FONDS DE COMMERCE,52
271,4782897,1,DIV.1013,LOCATIONS,239
271,4782897,1,DIV.1030,Publicité,52
271,4782897,1,DIV.1035,Publicité,286
272,4782897,2,DIV.1041,LES ANNONCES ÉCONOMIQUES : PRIX DE LA LIGNE : 50 CENTIMES,1483
272,4782897,2,DIV.1081,Annonces,592
272,4782897,2,DIV.1104,PROGRAMME DES SPECTACLES DU 30 SEPTEMBRE,576
273,4785180,0,DIV.29,Annonces,176
273,4785180,0,DIV.42,SOMMAIRE,249
273,4785180,0,DIV.55,"BULLETIN DU JOUR : PARIS, LUNDI 30 DÉCEMBRE 1889",1468
273,4785180,0,DIV.70,DIV.70,948
273,4785180,0,DIV.95,TÉLÉGRAMMES DE L'AGENCE HAVAS,129
273,4785180,0,DIV.104,LE DROIT D'INTERPELLATION,1280
273,4785180,0,DIV.124,L'élection de la Haute-Garonne,359
273,4785180,0,DIV.135,LETTRE D'ALLEMAGNE,1428
273,4785180,0,DIV.148,BOURSE DU 30 DÉCEMBRE,5583
273,4785180,0,DIV.189,BULLETIN FINANCIER,1151
273,4785180,0,DIV.214,DIV.214,1114
273,4785180,0,DIV.245,(Dépêche de l'Agence Havas),419
273,4785180,0,DIV.261,LA VIE MONDAINE,1459
273,4785180,0,DIV.288,PARTIE OFFICIELLE,599
273,4785180,0,DIV.327,Documents du ministère de la guerre,751
273,4785180,0,DIV.363,PARTIE NON OFFICIELLE,134
273,4785180,0,DIV.371,DIV.371,202
273,4785180,0,DIV.381,Belgique,495
273,4785180,0,DIV.404,Italie,124
273,4785180,0,DIV.413,Bulgarie,134
273,4785180,0,DIV.422,Angleterre,172
273,4785180,0,DIV.431,Etats-Unis,102
273,4785180,0,DIV.438,Brésil,131
273,4785180,0,DIV.447,Zanzibar,218
273,4785180,0,DIV.458,La mort de l'impératrice du Brésil,324
274,4785180,1,DIV.475,Le Couronnement du roi de Portugal : NOUVEAUX DÉTAILS,266
274,4785180,1,DIV.488,A TRAVERS CHAMPS,1261
274,4785180,1,DIV.518,L'AMANT D'UNE HEURE PAR LÉOPOLD STAPLEAUX : DEUXIÈME PARTIE NON LIVRE PREMIER,2696
274,4785180,1,DIV.611,A L'INSTITUT : Séance publique annuelle de l'Académie des sciences,1961
274,4785180,1,DIV.697,LES RÉCEPTIONS DU 1er JANVIER,427
274,4785180,1,DIV.714,A Paris,481
274,4785180,1,DIV.726,En province,769
274,4785180,1,DIV.751,LA TEMPÉRATURE,327
274,4785180,1,DIV.768,Double tentative de meurtre,364
274,4785180,1,DIV.785,Le drame de Gentilly,512
274,4785180,1,DIV.806,Une mort mystérieuse,100
274,4785180,1,DIV.812,Suicide d'un bedeau,107
274,4785180,1,DIV.817,Infanticide,152
274,4785180,1,DIV.824,Dévaliseurs de villas,237
274,4785180,1,DIV.832,Un audacieux faussaire,249
274,4785180,1,DIV.842,Revision des listes électorales,467
274,4785180,1,DIV.864,DÉPARTEMENTS & ÉTRANGER,684
274,4785180,1,DIV.891,DIV.891,243
274,4785180,1,DIV.897,Annonces,35
274,4785180,1,DIV.901,Annonces,52
274,4785180,1,DIV.905,ECHOS DE PARTOUT,866
274,4785180,1,DIV.933,NÉCROLOGIE,192
274,4785180,1,DIV.944,Publicité,45
274,4785180,1,DIV.948,Publicité,70
274,4785180,1,DIV.956,Annonces,54
275,4785180,2,DIV.961,THÉATRES,1747
275,4785180,2,DIV.1006,GRAND HOTEL TERMINUS Rue Saint-Lazare — Gare de l'Ouest,359
275,4785180,2,DIV.1033,DÉCÈS ET INHUMATIONS Du 27 décembre 1889,1349
275,4785180,2,DIV.1098,"Marché aux bestiaux : Paris (La Villette), 30 décembre.",326
275,4785180,2,DIV.1113,MATIERES D'OR ET D'ARGENT,824
275,4785180,2,DIV.1125,Changes et Monnaies,344
275,4785180,2,DIV.1139,VALEURS SE NÉGOCIANT A VUE,251
275,4785180,2,DIV.1148,Bons du Trésor et Banque de France,237
275,4785180,2,DIV.1156,Cotes diverses : (Deux heures),265
275,4785180,2,DIV.1169,Valeurs à terme : (Avant la clôture de la Bourse),463
275,4785180,2,DIV.1179,CHEMIN DE FER D'ORLÉANS : EXCURSIONS AUX STATIONS HIVERNALES & BALNÉAIRES DES PYRÉNÉES,314
275,4785180,2,DIV.1191,VENTES A L'ENCHERE — ADJUDICATION,1257
275,4785180,2,DIV.1224,INDUSTRIE ET CORMERCE,824
275,4785180,2,DIV.1261,Publicité,230
275,4785180,2,DIV.1276,Publicité,33
275,4785180,2,DIV.1281,LES ANNONCES ÉCONOMIQUES PRIX DE LA LIGNE : 50 CENTIMES,1203
275,4785180,2,DIV.1319,Annonces,39
275,4785180,2,DIV.1323,SPECTACLES Du 30 décembre 1889,3897
275,4785180,2,DIV.1441,Spectacles de Demain,46
276,4785732,0,DIV.32,BULLETIN : JEUDI 30 JUIN,1803
276,4785732,0,DIV.44,Dépêches et Correspondances particulières,272
276,4785732,0,DIV.56,QUESTIONS DU JOUR,1501
276,4785732,0,DIV.72,VÉRITÉS PRATIQUES,1347
276,4785732,0,DIV.85,LE MINISTRE DE LA MARINE ET LA CHAMBRE,1750
276,4785732,0,DIV.106,CONSEIL DE CABINET,1316
276,4785732,0,DIV.137,CHAMBRE DES DÉPUTÉS,1638
276,4785732,0,DIV.180,SÉNAT,239
276,4785732,0,DIV.192,DÉPÊCHES DES AGENCES,475
276,4785732,0,DIV.209,FAITS DIVERS,339
276,4785732,0,DIV.223,LE MONDE,2568
276,4785732,0,DIV.288,HORS PARIS,529
276,4785732,0,DIV.310,Les présidents d'assises,1657
276,4785732,0,DIV.340,Italie,168
276,4785732,0,DIV.347,Angleterre,690
276,4785732,0,DIV.369,Allemagne,44
276,4785732,0,DIV.375,Saint-Siège,144
276,4785732,0,DIV.383,Espagne,259
276,4785732,0,DIV.391,Norvège,51
276,4785732,0,DIV.397,Maroc,145
276,4785732,0,DIV.407,États-Unis,36
276,4785732,0,DIV.415,Chambre des députés,1764
276,4785732,0,DIV.438,DIV.438,237
276,4785732,0,DIV.443,Documents officiels,1052
276,4785732,0,DIV.479,DIV.479,638
277,4785732,1,DIV.500,Petites nouvelles,333
277,4785732,1,DIV.516,Séance du 29 juin,415
277,4785732,1,DIV.529,CONSEIL GÉNÉRAL DE LA SEINE,448
277,4785732,1,DIV.543,DIV.543,1931
277,4785732,1,DIV.586,Informations parisiennes,1849
277,4785732,1,DIV.622,"CARNET DU JOUR : PARIS, DE 2 HEURES A 6 HEURE",619
277,4785732,1,DIV.646,DÉPARTEMENTS ET ÉTRANGER,2369
277,4785732,1,DIV.695,Nécrologie,623
277,4785732,1,DIV.715,L'assassinat du boulevard Magenta,1817
277,4785732,1,DIV.737,THÉATRES,3705
277,4785732,1,DIV.807,Publicité,52
277,4785732,1,DIV.818,DIV.818,140
277,4785732,1,DIV.822,DIV.822,153
277,4785732,1,DIV.831,DIV.831,60
277,4785732,1,DIV.842,Courses à Neuilly-Levallois,765
277,4785732,1,DIV.872,DÉCLARATIONS DE FAILLITES Du 28 juin 1892,679
277,4785732,1,DIV.897,CHEMINS DE FER DE L'OUEST : Dimanche 3 juillet 1892,810
277,4785732,1,DIV.928,Publicité,26
277,4785732,1,DIV.931,Publicité,54
277,4785732,1,DIV.938,Publicité,167
277,4785732,1,DIV.947,VENTES A L'ENCHÈRE — ADJUDICATIONS,386
277,4785732,1,DIV.955,CESSIONS DE FONDS,104
277,4785732,1,DIV.960,Publicité,183
277,4785732,1,DIV.966,Publicité,102
277,4785732,1,DIV.973,AVIS DIVERS,123
278,4785732,2,DIV.981,Annonces,86
278,4785732,2,DIV.985,Annonces,106
278,4785732,2,DIV.994,Annonces,48
278,4785732,2,DIV.997,Publicité,57
278,4785732,2,DIV.1000,Publicité,88
278,4785732,2,DIV.1004,Annonces,80
278,4785732,2,DIV.1013,Annonces,22
278,4785732,2,DIV.1017,PROGRAMME DES THÉATRES,243
278,4785732,2,DIV.1028,Publicité,186
278,4785732,2,DIV.1031,Bourse du 30 Juin,3199
278,4785732,2,DIV.1045,BULLETIN FINANCIER,1133
278,4785732,2,DIV.1078,DIV.1078,1407
278,4785732,2,DIV.1107,RÉPONSE DES PRIMES,1372
278,4785732,2,DIV.1121,Dépêches affichées en Bourse,279
278,4785732,2,DIV.1132,DIV.1132,797
278,4785732,2,DIV.1145,MARCHÉ AUX BESTIAUX DE LA VILLETTE du 30 juin,472
279,4791550,0,DIV.29,BULLETIN,1550
279,4791550,0,DIV.37,DÉPÊCHES PARTICULIÈRES,312
279,4791550,0,DIV.50,QUELQUES EXPLICATIONS,1389
279,4791550,0,DIV.63,DIV.63,82
279,4791550,0,DIV.68,LE MONDE,529
279,4791550,0,DIV.90,NOTES D'ART,869
279,4791550,0,DIV.117,HORS PARIS,122
279,4791550,0,DIV.127,ANNULATION ET REVISION,1324
279,4791550,0,DIV.144,INFORMATIONS,618
279,4791550,0,DIV.169,DIV.169,122
279,4791550,0,DIV.174,L'Espagne et les Etats-Unis,345
279,4791550,0,DIV.186,Nouvelles maritimes,85
279,4791550,0,DIV.196,La neutralisation du Nil,214
279,4791550,0,DIV.204,LA PASSERELLE DU PONT ALEXANDRE III,564
279,4791550,0,DIV.219,DIV.219,615
279,4791550,0,DIV.241,LA FLOTTE ITALIENNE,205
279,4791550,0,DIV.251,La grève des terrassiers (suite),305
279,4791550,0,DIV.260,FAITS DIVERS,262
279,4791550,0,DIV.271,DIV.271,63
279,4791550,0,DIV.275,SPORT,308
279,4791550,0,DIV.292,Chine,245
279,4791550,0,DIV.303,Crète,254
279,4791550,0,DIV.313,Espagne,84
279,4791550,0,DIV.319,Autriche-Hongrie,380
279,4791550,0,DIV.332,Turquie,63
280,4791550,1,DIV.338,Italie,61
280,4791550,1,DIV.343,Transvaal,85
280,4791550,1,DIV.349,Japon,53
280,4791550,1,DIV.354,Jamaïque,76
280,4791550,1,DIV.361,Guatemala,46
280,4791550,1,DIV.366,L'ESPAGNE ET LES ÉTATS-UNIS,589
280,4791550,1,DIV.381,"GUERRE, MARINE & COLONIES : (Agences télégraphiques et renseignements particuliers.)",628
280,4791550,1,DIV.404,Actes et documents officiels : (Journal officiel du 30 septembre 1898),113
280,4791550,1,DIV.412,Les élections municipales,184
280,4791550,1,DIV.422,Bruits divers,307
280,4791550,1,DIV.434,Saisie à la frontière,66
280,4791550,1,DIV.439,L'affaire Judet-Zola,127
280,4791550,1,DIV.446,M. Zola et les experts,234
280,4791550,1,DIV.454,Nouvelle interpellation,99
280,4791550,1,DIV.463,Les Halles centrales,853
280,4791550,1,DIV.482,La Ligue de l'enseignement,533
280,4791550,1,DIV.496,LA GRÈVE DES TERRASSIERS,1178
280,4791550,1,DIV.526,Publicité,48
280,4791550,1,DIV.538,LE TEMPS,183
280,4791550,1,DIV.550,UN DRAME PARISIEN (suite),574
280,4791550,1,DIV.571,MORT SUBITE,71
280,4791550,1,DIV.577,ACCIDENT MORTEL,166
280,4791550,1,DIV.585,ENTRE COCHERS,498
280,4791550,1,DIV.600,Départements & Etranger LE FEU,560
280,4791550,1,DIV.621,Publicité,133
281,4791550,2,DIV.631,Publicité,157
281,4791550,2,DIV.646,Publicité,73
281,4791550,2,DIV.655,Nécrologie,99
281,4791550,2,DIV.666,Le pourvoi de Vacher,127
281,4791550,2,DIV.673,THÉATRES,1516
281,4791550,2,DIV.723,AUTEUIL : Samedi 1er octobre,175
281,4791550,2,DIV.730,COURSES A SAINT-OUEN : Jeudi 29 septembre,240
281,4791550,2,DIV.737,Résultats du pari mutuel,1494
281,4791550,2,DIV.756,LA COUPE DE FRANCE,299
281,4791550,2,DIV.764,VÉLOCIPÉDIE,1415
281,4791550,2,DIV.787,AUTOMOBILISME,745
281,4791550,2,DIV.810,Publicité,91
281,4791550,2,DIV.814,BOURSES DE COMMERCE 30 septembre : Bourse Commerciale de Paris,1343
281,4791550,2,DIV.835,Publicité,2479
281,4791550,2,DIV.854,Publicité,60
281,4791550,2,DIV.862,INDUSTRIE ET COMMERCE,324
281,4791550,2,DIV.878,TABACS ET CIGARES,558
281,4791550,2,DIV.895,G. PRINTAMP,161
281,4791550,2,DIV.904,DEMANDES D'EMPLOIS,76
281,4791550,2,DIV.909,MENU DU 30 SEPTEMBRE,84
281,4791550,2,DIV.919,DÉCLARATIONS DE FAILLITES Du 27 septembre 1898,334
281,4791550,2,DIV.928,PROGRAMME DES SPECTACLES,592
281,4791550,2,DIV.948,Publicité,54
281,4791550,2,DIV.956,BULLETIN,1370
281,4791550,2,DIV.989,Canal de Suez,220
282,4791550,3,DIV.997,Recettes des chemins de fer français,1132
282,4791550,3,DIV.1018,Publicité,40
282,4791550,3,DIV.1021,DIV.1021,10066
282,4791550,3,DIV.1083,COURS OFFICIELS DES VALEURS NÉGOCIÉES AU COMPTANT,8756
282,4791550,3,DIV.1125,MARCHÉ EN BANQUE. — Valeurs négociées A TERME,1855
282,4791550,3,DIV.1146,MARCHÉ EN BANQUE. — Valeurs négociées AU COMPTANT,3143
282,4791550,3,DIV.1168,BOURSES des Départements,1094
282,4791550,3,DIV.1184,BOURSES ÉTRANGÈRES,964
282,4791550,3,DIV.1201,BOURSES ÉTRANGÈRES,1262
282,4791550,3,DIV.1219,CHANGES,1534
282,4791550,3,DIV.1240,Publicité,393
283,6703872,0,DIV.38,Annonces,25
283,6703872,0,DIV.41,Annonces,46
283,6703872,0,DIV.45,Carnet de la Semaine,313
283,6703872,0,DIV.58,31 décembre,477
283,6703872,0,DIV.67,Annonces,3067
283,6703872,0,DIV.201,UN PROGRAMME DE TRAVAIL pour 1900,1450
283,6703872,0,DIV.228,M. Frédéric Passy CANDIDAT AU SÉNAT,430
283,6703872,0,DIV.239,EN ZIGZAG,558
283,6703872,0,DIV.254,Publicité,526
283,6703872,0,DIV.276,LES BONS SOINS DE L'ADMINISTRATION,102
283,6703872,0,DIV.283,LE PRIX DE PARIS,215
283,6703872,0,DIV.291,CRUATÉ DE PRINCE,260
283,6703872,0,DIV.300,LA SOCIÉTÉ DE STATISTIQUE,154
283,6703872,0,DIV.309,A L'ÉTRANGER,36
283,6703872,0,DIV.314,UN PEU PARTOUT,703
283,6703872,0,DIV.338,Mort de M. Bertrand,1001
283,6703872,0,DIV.371,Domicile de Secours DES FILLES-MÈRES MINEURES,1327
283,6703872,0,DIV.385,La Haute-Cour : Quarante et unième audience,3732
283,6703872,0,DIV.480,Au Conseil Municipal,1277
283,6703872,0,DIV.510,Annonces,62
283,6703872,0,DIV.514,UNE Manifestation à l'Hôtel-de-Ville,408
283,6703872,0,DIV.525,La guerre au Transvaal,1377
283,6703872,0,DIV.544,INFORMATIONS,470
283,6703872,0,DIV.562,Le pillage de l'Eglise St-Joseph.,275
283,6703872,0,DIV.571,Le verdict,95
284,6703872,1,DIV.586,DIV.586,105
284,6703872,1,DIV.595,I,58
284,6703872,1,DIV.601,II,165
284,6703872,1,DIV.608,III,37
284,6703872,1,DIV.614,IV,69
284,6703872,1,DIV.620,V,78
284,6703872,1,DIV.629,VI,149
284,6703872,1,DIV.638,VII,111
284,6703872,1,DIV.643,VIII,151
284,6703872,1,DIV.648,IX,24
284,6703872,1,DIV.654,Réponses : L'ÉDUCATION ÉSTHÉTIQUE DE LA DÉMOCRATIE,260
284,6703872,1,DIV.664,LE MAL EXISTE-T-IL?,968
284,6703872,1,DIV.684,L'IDÉE DE PATRIE,190
284,6703872,1,DIV.692,Le Maquillage,1452
284,6703872,1,DIV.725,L'Industrie et la Charité,698
284,6703872,1,DIV.736,La taille fine,262
284,6703872,1,DIV.748,"LA "" CONFECTION """,417
284,6703872,1,DIV.760,L'ART DU MOYEN AGE ET DE LA RENAISSANCE,269
284,6703872,1,DIV.774,UNE DÉFINITION DE LA VERTU,214
284,6703872,1,DIV.782,SAGESSE ET SAINTETÉ,392
284,6703872,1,DIV.789,L'INDIVIDUALISME,200
284,6703872,1,DIV.798,Souvent femme varie,1829
284,6703872,1,DIV.860,L'Amour et la poésie française,380
284,6703872,1,DIV.875,Publicité,52
284,6703872,1,DIV.880,Publicité,50
285,6703872,2,DIV.884,PETITE CORRESPONDANCE,204
285,6703872,2,DIV.894,Publicité,406
285,6703872,2,DIV.904,Publicité,218
285,6703872,2,DIV.909,Publicité,69
285,6703872,2,DIV.914,LES PREMIERES,2694
285,6703872,2,DIV.958,Publicité,29
285,6703872,2,DIV.964,Rive-de-Gier,137
285,6703872,2,DIV.971,LES GRÈVES,580
285,6703872,2,DIV.992,Soirée Parisienne,501
285,6703872,2,DIV.1009,Paris,782
285,6703872,2,DIV.1043,Etranger : La tempête,147
285,6703872,2,DIV.1050,LA FINANCE,878
285,6703872,2,DIV.1068,LE HOME,420
285,6703872,2,DIV.1082,DIV.1082,1083
285,6703872,2,DIV.1123,MATINEES,224
285,6703872,2,DIV.1133,SOIRÉES,1329
285,6703872,2,DIV.1178,Offres d'Emplois,339
285,6703872,2,DIV.1197,Publicité,191
285,6703872,2,DIV.1206,Annonces,45
285,6703872,2,DIV.1213,Publicité,66
285,6703872,2,DIV.1219,Publicité,40
285,6703872,2,DIV.1223,BOURSE DU 30 DÉCEMBRE,8571
285,6703872,2,DIV.1252,Publicité,30
286,6705781,0,DIV.35,Publicité,38
286,6705781,0,DIV.39,Aujourd'hui,615
286,6705781,0,DIV.52,Crimes de Fillettes,1328
286,6705781,0,DIV.77,LA JAMBE,638
286,6705781,0,DIV.89,La jeune Russie : Un étudiant révolutionnaire à Paris,2513
286,6705781,0,DIV.144,FÉMINISME INTERNATIONAL : La lutte pour le suffrage féminin en Angleterre,1492
286,6705781,0,DIV.177,VEILLÉE DE DAMES,197
286,6705781,0,DIV.185,UNE MORT DUMENT PRÉPARÉE,427
286,6705781,0,DIV.195,UN TABLEAU INSTRUCTIF,349
286,6705781,0,DIV.206,LE RAISONNEMENT DU PAYSAN,161
286,6705781,0,DIV.214,FANTAISIE D'AMÉRICAIN,154
286,6705781,0,DIV.225,A l'Elysée,450
286,6705781,0,DIV.235,Diverses,297
286,6705781,0,DIV.245,Nécrologie,213
286,6705781,0,DIV.257,Angleterre,115
286,6705781,0,DIV.264,France,79
286,6705781,0,DIV.270,LA CHAMBRE,867
286,6705781,0,DIV.291,SÉNAT,558
286,6705781,0,DIV.312,Vérification des pouvoirs,174
286,6705781,0,DIV.320,Le blanc de eéruse,184
286,6705781,0,DIV.327,Groupe progressiste,93
286,6705781,0,DIV.333,Groupe de la réforme parlementaire,57
286,6705781,0,DIV.338,La loi Falloux au Sénat,181
286,6705781,0,DIV.346,Le prix du gaz à Paris,60
286,6705781,0,DIV.352,EN GLANANT : L'enseignement laïque dans l'Orne,861
287,6705781,1,DIV.372,La maladie du roi d'Angleterre,615
287,6705781,1,DIV.392,LETTRE OUVERTE,583
287,6705781,1,DIV.413,La Forêt de Fontainebleau,815
287,6705781,1,DIV.434,L'ABROGATION DE LA LOI FALLOUX,575
287,6705781,1,DIV.446,Nouvelles d'Extrême-Orient,484
287,6705781,1,DIV.459,LA Catastrophe de la Martinique,469
287,6705781,1,DIV.473,L'HÉRITAGE FANTOME : Le mariage de Louis Daurignac,89
287,6705781,1,DIV.479,CONTRE LA TUBERCULOSE,386
287,6705781,1,DIV.486,LES CONGRÈS : LA MEUNERIE,268
287,6705781,1,DIV.498,Le Monument de Léopardi,366
287,6705781,1,DIV.505,Les Fêtes de Turin,438
287,6705781,1,DIV.519,Les Héroïnes de M. de Porto-Riche,2212
287,6705781,1,DIV.549,Le nouveau sud-africain,491
287,6705781,1,DIV.562,AFRIQUE DU SUD : Départ de généraux Boers,44
287,6705781,1,DIV.569,CHINE,25
287,6705781,1,DIV.574,ETATS-UNIS : Les cendres de lord Pauncefote,113
287,6705781,1,DIV.582,GRECE,74
287,6705781,1,DIV.588,ITALIE,64
287,6705781,1,DIV.594,RUSSIE,287
287,6705781,1,DIV.604,TURQUIE : La peste,35
287,6705781,1,DIV.614,Conseil des ministres,255
287,6705781,1,DIV.622,Le groupe des députés de Paris,1057
287,6705781,1,DIV.639,Le Congrès national des employés,1059
287,6705781,1,DIV.667,Grèves à l'étranger,122
287,6705781,1,DIV.676,LES JOURNAUX DE CE MATIN SANS DISTINCTION D'OPINIONS,597
288,6705781,2,DIV.694,Etrange divorce,463
288,6705781,2,DIV.708,Les élections au Palais,291
288,6705781,2,DIV.717,Les accidents du travail,635
288,6705781,2,DIV.733,En Cour d'assises,134
288,6705781,2,DIV.746,Paris,1734
288,6705781,2,DIV.791,Départements,812
288,6705781,2,DIV.820,(37) Vers l'Aurore,2639
288,6705781,2,DIV.926,Paris-Vienne : Le classement,90
288,6705781,2,DIV.933,Aéronautique,459
288,6705781,2,DIV.947,Aérodrome,119
288,6705781,2,DIV.957,velodrome du Parc des Princes,196
288,6705781,2,DIV.966,Courses à Enghien : RÉSULTATS DU PARI MUTUEL Mardi 1er juillet,371
288,6705781,2,DIV.980,BIBLIOGRAPHIE,365
288,6705781,2,DIV.992,LA FINANCE,701
288,6705781,2,DIV.1015,DIV.1015,256
288,6705781,2,DIV.1026,SPECTACLES du 2 Juillet,1312
288,6705781,2,DIV.1064,CONFERENCES,276
288,6705781,2,DIV.1074,Publicité,58
288,6705781,2,DIV.1078,Offres d'Emplois,398
288,6705781,2,DIV.1097,CHEMIN DE FER D'ORLEANS 6 juillet 1902 : Excursion DE PARIS AUX CHATEAUX DE LA LOIRE,288
288,6705781,2,DIV.1116,CHEMINS DE FER D'ORLEANS,122
288,6705781,2,DIV.1123,Annonces,995
288,6705781,2,DIV.1153,CHEMINS DE FEU DE L'OUEST,694
288,6705781,2,DIV.1169,DIV.1169,80
288,6705781,2,DIV.1174,Annonces,140
289,6705781,3,DIV.1183,Publicité,20
289,6705781,3,DIV.1189,DIV.1189,33
289,6705781,3,DIV.1192,BOURSE DU 1er JUIILLET,6165
289,6705781,3,DIV.1231,Publicité,30
290,6706398,0,DIV.24,Annonces,62
290,6706398,0,DIV.32,Sport,1110
290,6706398,0,DIV.63,CONSOL DE CABINET,201
290,6706398,0,DIV.74,A la Présidence du Conseil,78
290,6706398,0,DIV.79,AU QUAI D'ORSAY,41
290,6706398,0,DIV.84,Etat-Major général de l'Armée,50
290,6706398,0,DIV.89,A la Société des Nations,67
290,6706398,0,DIV.94,La signature de l'accord franco-allemand sur la potasse,205
290,6706398,0,DIV.99,Les Françaises veillent voter,121
290,6706398,0,DIV.107,Des propriétés françaises délaissées à Cuba,171
290,6706398,0,DIV.112,HEUREUSE FIN D'ANNÉE : L'accord italo-allemand,1447
290,6706398,0,DIV.132,La Radiodiffusion a enfin son statut,1827
290,6706398,0,DIV.160,L'AÉROLITHE,381
290,6706398,0,DIV.168,ON DIT...,1135
290,6706398,0,DIV.203,Les maisons d'Education de la Légon d'Honneur : Leur nouveau régime,813
290,6706398,0,DIV.226,Metteurs en scène et dramaturges. - Rêve de valse à l'Aubert-Palace. - Les bateliers de la Volga au Caméo Michel Strogoff à l'Impérial,2389
290,6706398,0,DIV.278,NOTE PARTICULIERE,132
290,6706398,0,DIV.284,Jeuness Laïque et Républicaine du 9e arrondissement : Contre les ennemis de la Paix,249
290,6706398,0,DIV.296,A L'HOTEL DE VILLE : Le conseil municipal a siété matin. midi et soir,1088
290,6706398,0,DIV.324,DIV.324,2311
290,6706398,0,DIV.369,Scènes tumultueuses à la conférence des Instituteurs,107
290,6706398,0,DIV.375,Bal de l'Ecole des Ponts et Chaussées,104
290,6706398,0,DIV.380,Légion d'Honneur,174
290,6706398,0,DIV.390,Annonces,34
290,6706398,0,DIV.393,L'inauguration du téléphone automatique à Madrid,710
291,6706398,1,DIV.415,La revision des baux en instance,112
291,6706398,1,DIV.420,CHRONIQUE FEMINISTE,85
291,6706398,1,DIV.425,L'École et la Guerre,722
291,6706398,1,DIV.445,ARTS - LETTRES,1082
291,6706398,1,DIV.469,Une délégation des fonctionnaires reçue par M. Poincaré,235
291,6706398,1,DIV.476,Publicité,35
291,6706398,1,DIV.483,ALLEMAGNE.,288
291,6706398,1,DIV.496,ANGLETERRE,211
291,6706398,1,DIV.510,BELGIQUE,657
291,6706398,1,DIV.530,ETATS-UNIS,463
291,6706398,1,DIV.547,HONGRIE : LE PRIX DE LA VIE ET LA NOUVELLE MONNAIE Pour empêcher le mercantilisme,119
291,6706398,1,DIV.554,"NICARAGUA : LES AFFAIRES DU NICARAGUA Une atteinte à la souveraineté du Nicaragua, mais... »",217
291,6706398,1,DIV.565,LE BUDGET TUNISIEN POUR 1927 Près de 100 millions de plus qu'en 1926,180
291,6706398,1,DIV.572,LES ETABLISSEMENTS FRANÇAIS EN OCEANIE,284
291,6706398,1,DIV.579,Pêle-Mêle,152
291,6706398,1,DIV.585,Une réunion pacifiste à Francfort-sur-le-Mein,479
291,6706398,1,DIV.599,Publicité,31
291,6706398,1,DIV.602,Publicité,184
291,6706398,1,DIV.619,NOS CANDIDATS AU SENAT : Docteur Auguste Marie,818
291,6706398,1,DIV.648,Réunion du Conseil Fédéral de la Seine,75
291,6706398,1,DIV.657,Le Bureau Fédéral de la Seine : ADRESSE LA COMMUNICATION SUIVANTE AUX SECRETAIRES DES DIFFERENTES SECTIONS,1111
291,6706398,1,DIV.688,LE DINER MENSUEL,90
291,6706398,1,DIV.695,Le Groupe du IXe,72
291,6706398,1,DIV.701,Annonces,24
291,6706398,1,DIV.708,FAITS A SIGNALER,49
292,6706398,2,DIV.714,Temps probable :,43
292,6706398,2,DIV.719,Musées :,401
292,6706398,2,DIV.731,Expositions :,383
292,6706398,2,DIV.746,Curiosités diverses :,42
292,6706398,2,DIV.751,Bibliothèques :,275
292,6706398,2,DIV.763,Bibliothèques gratuites :,66
292,6706398,2,DIV.769,Conférences :,111
292,6706398,2,DIV.782,Fête de bienfaisance :,29
292,6706398,2,DIV.792,Marchés aux fleurs :,14
292,6706398,2,DIV.797,Publicité,158
292,6706398,2,DIV.814,DIV.814,359
292,6706398,2,DIV.822,Les changes à Paris,146
292,6706398,2,DIV.828,Le bilan hebdomadaire de la Banque de France,115
292,6706398,2,DIV.835,Annonces,75
292,6706398,2,DIV.845,VINCENNES,104
292,6706398,2,DIV.851,RESULTATS DU 30 DECEMBRE 1926,2229
292,6706398,2,DIV.875,PRONOSTICS du 1er janvier 1927,99
292,6706398,2,DIV.889,DIV.889,152
292,6706398,2,DIV.896,A L'OPERA :,207
292,6706398,2,DIV.907,A LA COMEDIE-FRANÇAISE : : La dernière représentation de Mme Segond-Weber comme sociétaire de la Comédie-Française,294
292,6706398,2,DIV.919,A L'OPERA-COMIQUE :,88
292,6706398,2,DIV.927,A L'ODEON :,142
292,6706398,2,DIV.934,INFORMATIONS DIVERSES,489
292,6706398,2,DIV.954,CONCERTS,391
292,6706398,2,DIV.963,A L'ETRANGER,67
293,6706398,3,DIV.970,Programme des Spectacles,1244
293,6706398,3,DIV.1005,CINEMAS,329
293,6706398,3,DIV.1016,Programmes de la Semaine,312
293,6706398,3,DIV.1041,Publicité,123
293,6706398,3,DIV.1052,Annonces,35
293,6706398,3,DIV.1055,Publicité,85
293,6706398,3,DIV.1066,DIV.1066,348
293,6706398,3,DIV.1079,DIV.1079,165
293,6706398,3,DIV.1094,Tour Eiffe,175
293,6706398,3,DIV.1100,Radio-Paris,274
293,6706398,3,DIV.1105,P. T. T.,468
293,6706398,3,DIV.1111,Station de Daventry,246
293,6706398,3,DIV.1116,Radio-Bruxelles,61
293,6706398,3,DIV.1121,Radio-Genève,104
293,6706398,3,DIV.1126,Radio-Rome,38
293,6706398,3,DIV.1131,Publicité,76
294,6710420,0,DIV.33,Élections du Conseil général : Convocation,476
294,6710420,0,DIV.55,ARRÊTÉ,833
294,6710420,0,DIV.87,DIV.87,89
294,6710420,0,DIV.95,DIV.95,734
294,6710420,0,DIV.111,DIV.111,112
294,6710420,0,DIV.117,DIV.117,309
294,6710420,0,DIV.135,DIV.135,818
294,6710420,0,DIV.175,Aux électeurs de la circonscription d'Oran.,1304
294,6710420,0,DIV.202,Au électeurs de la circonscription du Sig.,1822
294,6710420,0,DIV.229,"Aux électeurs de la 2e circonscription (Misserghin, Bou-Tlélis et Lourmel).",1159
294,6710420,0,DIV.246,Aux électeurs de la 7e circonscription.,1431
294,6710420,0,DIV.285,Au électeurs du canton de Saint-Cloud,426
294,6710420,0,DIV.300,DIV.300,287
294,6710420,0,DIV.309,Aux électeurs de la circonscription de Relizane,1182
294,6710420,0,DIV.335,Au électeurs de l'arrondissement de Mascara.,360
294,6710420,0,DIV.350,Aux électeurs de la circonscription de Sidi-bel-Abbès.,230
294,6710420,0,DIV.362,Aux Electeurs de la 4e circonscription de la province d'Oran,462
294,6710420,0,DIV.379,Les élections à Sidi-bel-Abbès.,722
294,6710420,0,DIV.399,Les Elections à Mostaganem. : Dernier mot de Gros-Louis.,601
294,6710420,0,DIV.420,Les candidats à Tlemcen,501
294,6710420,0,DIV.436,"TÉLÉGRAPHIE PRIVÉE. : Alger, le 29 juillet, à 1 h. 51 m. MONSIEUR I'ERRIER, BÔNE, 27 JUILLET. Communications télégraphi-ques rétablies avec France. Atterrissement ce matin",368
294,6710420,0,DIV.452,DIV.452,52
294,6710420,0,DIV.458,DIV.458,68
294,6710420,0,DIV.464,Annonces,224
294,6710420,0,DIV.478,Annonces,21
295,6710420,1,DIV.484,NAISSANCES. : RÉSUMÉ.,226
295,6710420,1,DIV.495,DÉCÈS du 18 au 24 juillet 1870. : RÉSUMÉ,252
295,6710420,1,DIV.506,PUBLICATIONS DE MARIAGES Du 24 juillet.,131
295,6710420,1,DIV.515,MARIAGES DU 18 AU 24 JUILLET. : RÉSUMÉ.,39
295,6710420,1,DIV.527,"Le 25 juillet 1870, sur le vapeur Kabyle.",112
295,6710420,1,DIV.536,"Le 27 juillet 1870, sur le vapeur Kabyle.",458
295,6710420,1,DIV.543,"Le 27 juillet 1870, sur le vapeur Oasis.",154
295,6710420,1,DIV.557,DIV.557,1213
295,6710420,1,DIV.599,DIV.599,136
295,6710420,1,DIV.608,DIV.608,245
295,6710420,1,DIV.623,DIV.623,156
295,6710420,1,DIV.638,DIV.638,564
295,6710420,1,DIV.658,DIV.658,49
295,6710420,1,DIV.667,Publicité,64
295,6710420,1,DIV.678,Annonces,512
295,6710420,1,DIV.695,Publicité,49
295,6710420,1,DIV.700,Annonces,516
295,6710420,1,DIV.739,DIV.739,336
295,6710420,1,DIV.747,DIV.747,307
295,6710420,1,DIV.768,DIV.768,629
295,6710420,1,DIV.781,DIV.781,463
295,6710420,1,DIV.785,DIV.785,450
295,6710420,1,DIV.799,DIV.799,219
295,6710420,1,DIV.808,DIV.808,195
295,6710420,1,DIV.820,DIV.820,459
296,6710420,2,DIV.844,DIV.844,133
296,6710420,2,DIV.855,DIV.855,207
296,6710420,2,DIV.868,DIV.868,196
297,6710457,0,DIV.28,Annonces,56
297,6710457,0,DIV.44,DIV.44,153
297,6710457,0,DIV.52,Service des postes.,114
297,6710457,0,DIV.64,Correspondance particulière de l'Echo d'Oran.,3008
297,6710457,0,DIV.108,Autre correspondance.,1949
297,6710457,0,DIV.145,L'IRRÉPARABLE : HISTOIRE D'UN DOMINO PUCE NOUVELLE,2262
297,6710457,0,DIV.201,DIV.201,2332
297,6710457,0,DIV.253,"Elections départementales. : Dispositions relatives à l'overture et à la durée du scrutin, au dépouillement et au recensement des votes.",474
297,6710457,0,DIV.275,(c). — Département d'Oran,869
297,6710457,0,DIV.308,DIV.308,390
297,6710457,0,DIV.334,PREFECTURE d'ORAN. : ELECTIONS MUNICIPALES.,5496
297,6710457,0,DIV.392,DIV.392,3505
297,6710457,0,DIV.436,DIV.436,178
297,6710457,0,DIV.441,Correspondance commerciale d' Alger.,467
297,6710457,0,DIV.474,LISTE DU JURY.,605
297,6710457,0,DIV.521,DIV.521,166
297,6710457,0,DIV.536,"Le 25 octobre 1871, sur le vapeur Clyde.",256
297,6710457,0,DIV.541,DIV.541,30
297,6710457,0,DIV.548,DIV.548,77
297,6710457,0,DIV.552,Publicité,409
297,6710457,0,DIV.563,DIV.563,859
297,6710457,0,DIV.599,DIV.599,2274
297,6710457,0,DIV.655,DIV.655,195
297,6710457,0,DIV.666,DIV.666,180
297,6710457,0,DIV.679,DIV.679,164
298,6710457,1,DIV.691,DIV.691,46
298,6710457,1,DIV.697,DIV.697,185
298,6710457,1,DIV.703,Publicité,614
298,6710457,1,DIV.715,DIV.715,60
298,6710457,1,DIV.721,DIV.721,52
298,6710457,1,DIV.729,DIV.729,107
298,6710457,1,DIV.741,DIV.741,132
298,6710457,1,DIV.753,DIV.753,75
298,6710457,1,DIV.762,DIV.762,60
298,6710457,1,DIV.769,DIV.769,39
298,6710457,1,DIV.777,DIV.777,174
298,6710457,1,DIV.791,DIV.791,74
298,6710457,1,DIV.795,DIV.795,162
298,6710457,1,DIV.809,DIV.809,136
299,6710458,0,DIV.26,TÉLÉGRAMMES,135
299,6710458,0,DIV.39,DIV.39,3095
299,6710458,0,DIV.79,DIV.79,901
299,6710458,0,DIV.100,Arrestation du comte d'Arnim,854
299,6710458,0,DIV.111,DIV.111,526
299,6710458,0,DIV.132,DIV.132,769
299,6710458,0,DIV.144,DIV.144,683
299,6710458,0,DIV.156,Société alsacienne-lorraine de New-York : RAPPORT DU PRÉSIDENT,1552
299,6710458,0,DIV.191,Les raisins à Paris. — Campagne 1873-1874,477
299,6710458,0,DIV.203,Expédition lointaine des vins,172
299,6710458,0,DIV.210,DIV.210,105
299,6710458,0,DIV.217,36 LES RIVALITÉS PAR ARMAND LAPOINTE ( Suite. ),1871
299,6710458,0,DIV.282,Séance du 20 août 1874,4626
299,6710458,0,DIV.390,Salubrité publique,653
299,6710458,0,DIV.410,DIV.410,269
299,6710458,0,DIV.419,DIV.419,21
299,6710458,0,DIV.422,DIV.422,699
299,6710458,0,DIV.433,DIV.433,41
299,6710458,0,DIV.436,COUR D'ASSISES D'ALGER : Audience du 12 octobre 1874 PRÉSIDENCE DE M. VIDAL Mœurs Kabyles. — Procès entre deux veuves. — Assassinat d'un enfant par une femme,1499
299,6710458,0,DIV.458,Nouvelles des marchés du Midi : (Extrait de la Correspondance commerciale de Cette.),1410
299,6710458,0,DIV.512,ELECTIONS LEGISLATIVES DU 18 OCTOBRE,90
299,6710458,0,DIV.530,Entrées,378
299,6710458,0,DIV.553,Sorties,191
299,6710458,0,DIV.572,DIV.572,140
299,6710458,0,DIV.578,Publicité,74
300,6710458,1,DIV.583,Publicité,79
300,6710458,1,DIV.587,Publicité,38
300,6710458,1,DIV.590,Publicité,82
300,6710458,1,DIV.594,Publicité,143
300,6710458,1,DIV.602,Publicité,949
300,6710458,1,DIV.625,DIV.625,426
300,6710458,1,DIV.641,DIV.641,154
300,6710458,1,DIV.651,DIV.651,183
300,6710458,1,DIV.661,DIV.661,328
300,6710458,1,DIV.672,DIV.672,62
300,6710458,1,DIV.677,Publicité,43
300,6710458,1,DIV.682,Publicité,83
300,6710458,1,DIV.686,Publicité,163
300,6710458,1,DIV.698,DIV.698,77
300,6710458,1,DIV.704,Publicité,117
300,6710458,1,DIV.710,DIV.710,103
300,6710458,1,DIV.717,DIV.717,74
300,6710458,1,DIV.723,DIV.723,65
300,6710458,1,DIV.728,Publicité,249
300,6710458,1,DIV.741,Publicité,157
300,6710458,1,DIV.748,Publicité,151
300,6710458,1,DIV.758,Publicité,291
300,6710458,1,DIV.771,Publicité,122
300,6710458,1,DIV.779,Publicité,325
300,6710458,1,DIV.788,Publicité,207
301,6710458,2,DIV.797,Publicité,441
301,6710458,2,DIV.809,Publicité,464
302,6711097,0,DIV.38,Le projet d'exposition à Alger,135
302,6711097,0,DIV.46,Elèves officiers de réserve,370
302,6711097,0,DIV.62,Promotion du général d'Amade,99
302,6711097,0,DIV.68,Les essais de la « Vérité »,75
302,6711097,0,DIV.73,La Catastrophe du «Latouche-Tréville»,516
302,6711097,0,DIV.93,Conseil de Cabinet de demain,160
302,6711097,0,DIV.100,La question des soutiens de famille,126
302,6711097,0,DIV.105,M. Biétry et l'affaire Dreyfus,184
302,6711097,0,DIV.111,Les Conseils généraux,86
302,6711097,0,DIV.117,Le Diffèrend Turco-Bulgare,2268
302,6711097,0,DIV.179,COLLISION ENTRE UN VAPEUR ET UN BAC : Cent quarante noyée,62
302,6711097,0,DIV.186,L'entrevue de MM. IsvolsKy et Tittoni,884
302,6711097,0,DIV.216,La nouvelle note franco-espagnole : Les conditions imposées à Moulay Hafid pour sa reconnaissance,600
302,6711097,0,DIV.230,L'incident de Casablanca,1341
302,6711097,0,DIV.265,LA CONQUÊTE DE L'AIR,200
302,6711097,0,DIV.276,LE MOUVEMENT OUVRIER,208
302,6711097,0,DIV.290,LE CHOLERA,406
302,6711097,0,DIV.314,Les poursuites contre la « Voix du Peuple »,138
302,6711097,0,DIV.320,CATASTROPHE AUX INDES : Pluies torrentielles. — Dégâts considérables. Les victimes,372
302,6711097,0,DIV.335,Le Président de la République,45
302,6711097,0,DIV.340,La répression des fraudes,182
302,6711097,0,DIV.347,L'état de santé de M. Berteaux,55
302,6711097,0,DIV.352,L'Association de la Meunerie française,182
302,6711097,0,DIV.359,Congrès médical,201
302,6711097,0,DIV.368,Tirage de la Loterie de la Ville de Marseille,257
303,6711097,1,DIV.377,Vois à l'arsenal de Brest,110
303,6711097,1,DIV.383,La capitaine Marsal succombe à sa blessure,134
303,6711097,1,DIV.390,Révolte dans une maison centrale,77
303,6711097,1,DIV.396,Une mauvaise plaisanterie,147
303,6711097,1,DIV.403,Extorsion à main armée,347
303,6711097,1,DIV.411,La Reine mère d'Italie,37
303,6711097,1,DIV.416,Remontra d'express. — Les victimes,188
303,6711097,1,DIV.423,En Espagne,29
303,6711097,1,DIV.428,Dans nos possessions d'Extrême-Orient,175
303,6711097,1,DIV.435,Au Portugal,90
303,6711097,1,DIV.440,En Turquie,43
303,6711097,1,DIV.446,Monstrueuse barbarie,229
303,6711097,1,DIV.454,Les élections en Suède,116
303,6711097,1,DIV.459,L'état de siège à Assomption,54
303,6711097,1,DIV.464,Crève terminée,21
303,6711097,1,DIV.469,DIV.469,15
303,6711097,1,DIV.472,La nouvelle route du Port,1292
303,6711097,1,DIV.491,TIZI,479
303,6711097,1,DIV.501,LES TREMBLES,545
303,6711097,1,DIV.512,REVUE COMMERCIALE : (DE NOTRE COLLABORATEUR),1464
303,6711097,1,DIV.546,DIV.546,215
303,6711097,1,DIV.556,OPINIONS La Fabrication des Piquettes,785
303,6711097,1,DIV.575,Oran. — Hôpital militaire,792
303,6711097,1,DIV.611,DIV.611,145
303,6711097,1,DIV.616,DIV.616,79
304,6711097,2,DIV.620,DIV.620,203
304,6711097,2,DIV.625,DIV.625,59
304,6711097,2,DIV.628,DIV.628,71
304,6711097,2,DIV.632,DIV.632,337
304,6711097,2,DIV.638,DIV.638,54
304,6711097,2,DIV.643,DIV.643,452
304,6711097,2,DIV.650,DIV.650,83
304,6711097,2,DIV.654,DIV.654,31
304,6711097,2,DIV.657,DIV.657,135
304,6711097,2,DIV.664,DIV.664,72
304,6711097,2,DIV.668,DIV.668,77
304,6711097,2,DIV.677,DIV.677,49
304,6711097,2,DIV.681,DIV.681,142
304,6711097,2,DIV.688,DIV.688,49
304,6711097,2,DIV.692,Publicité,32
304,6711097,2,DIV.699,DIV.699,107
304,6711097,2,DIV.702,DIV.702,34
304,6711097,2,DIV.705,DIV.705,57
304,6711097,2,DIV.708,DIV.708,54
304,6711097,2,DIV.711,DIV.711,62
304,6711097,2,DIV.719,DIV.719,87
304,6711097,2,DIV.722,DIV.722,52
304,6711097,2,DIV.725,DIV.725,51
304,6711097,2,DIV.728,DIV.728,69
304,6711097,2,DIV.734,DIV.734,201
305,6711097,3,DIV.742,BELLE AMIE : DEUXIÈME PARTIE LE BARON SANS-SOUCI,2205
305,6711097,3,DIV.858,DIV.858,1129
305,6711097,3,DIV.877,DIV.877,239
305,6711097,3,DIV.883,DIV.883,116
305,6711097,3,DIV.886,DIV.886,51
305,6711097,3,DIV.889,DIV.889,292
305,6711097,3,DIV.893,DIV.893,427
305,6711097,3,DIV.901,DIV.901,963
305,6711097,3,DIV.921,DIV.921,110
305,6711097,3,DIV.927,DIV.927,722
305,6711097,3,DIV.935,DIV.935,221
305,6711097,3,DIV.941,DIV.941,551
305,6711097,3,DIV.951,DIV.951,51
305,6711097,3,DIV.955,DIV.955,140
305,6711097,3,DIV.960,DIV.960,276
305,6711097,3,DIV.967,DIV.967,133
305,6711097,3,DIV.972,DIV.972,152
305,6711097,3,DIV.978,DIV.978,117
305,6711097,3,DIV.984,Publicité,53
305,6711097,3,DIV.988,Publicité,42
305,6711097,3,DIV.995,Essais de sous-marins,198
305,6711097,3,DIV.1001,Essais de remorquage,70
305,6711097,3,DIV.1006,Grandes fêtes à Cambrai,92
305,6711097,3,DIV.1012,Evasion d'un condamné,197
305,6711097,3,DIV.1019,L' Empereur et le comte Zeppelin,55
306,6711097,4,DIV.1024,En Turquie,142
306,6711097,4,DIV.1032,Entre nègres et blancs,121
306,6711097,4,DIV.1042,Cours. Télégraphique du 30 Septembre 1908,3947
306,6711097,4,DIV.1078,Bulletin financier,39
306,6711097,4,DIV.1083,Publicité,107
306,6711097,4,DIV.1095,DIV.1095,874
306,6711097,4,DIV.1118,Petite Correspondance,44
306,6711097,4,DIV.1123,Publicité,127
306,6711097,4,DIV.1136,ARRIVÉES DU 30 SEPTEMBRE,165
306,6711097,4,DIV.1144,SORTIES DU 30 SEPTEMBRE,209
306,6711097,4,DIV.1154,Publicité,71
306,6711097,4,DIV.1163,Publicité,65
306,6711097,4,DIV.1168,Publicité,81
306,6711097,4,DIV.1172,Publicité,86
306,6711097,4,DIV.1177,Publicité,123
306,6711097,4,DIV.1181,Annonces,33
306,6711097,4,DIV.1184,Annonces,33
306,6711097,4,DIV.1187,Annonces,50
306,6711097,4,DIV.1190,Publicité,143
306,6711097,4,DIV.1200,Publicité,148
306,6711097,4,DIV.1212,Publicité,50
306,6711097,4,DIV.1217,Annonces,47
306,6711097,4,DIV.1220,Annonces,27
306,6711097,4,DIV.1223,Annonces,54
306,6711097,4,DIV.1226,Publicité,46
307,6711097,5,DIV.1229,Publicité,65
307,6711097,5,DIV.1234,Publicité,96
307,6711097,5,DIV.1240,Publicité,52
307,6711097,5,DIV.1246,Publicité,81
307,6711097,5,DIV.1249,Annonces,117
307,6711097,5,DIV.1257,Annonces,91
307,6711097,5,DIV.1262,Annonces,90
307,6711097,5,DIV.1266,Publicité,156
307,6711097,5,DIV.1275,Annonces,408
307,6711097,5,DIV.1285,Annonces,164
307,6711097,5,DIV.1290,Publicité,120
307,6711097,5,DIV.1299,Publicité,39
307,6711097,5,DIV.1303,Annonces,480
307,6711097,5,DIV.1326,Annonces,116
307,6711097,5,DIV.1332,Annonces,100
307,6711097,5,DIV.1340,Publicité,90
307,6711097,5,DIV.1351,Annonces,59
307,6711097,5,DIV.1355,Annonces,63
307,6711097,5,DIV.1359,Annonces,42
307,6711097,5,DIV.1364,Annonces,51
307,6711097,5,DIV.1368,Annonces,54
307,6711097,5,DIV.1372,Annonces,273
307,6711097,5,DIV.1390,Annonces,141
307,6711097,5,DIV.1396,Annonces,415
307,6711097,5,DIV.1427,Annonces,40
308,6711097,6,DIV.1430,Publicité,112
308,6711097,6,DIV.1434,Publicité,240
308,6711097,6,DIV.1449,Publicité,113
308,6711097,6,DIV.1462,Publicité,103
308,6711097,6,DIV.1467,Publicité,723
308,6711097,6,DIV.1486,Publicité,113
308,6711097,6,DIV.1495,Publicité,374
308,6711097,6,DIV.1510,Publicité,80
308,6711097,6,DIV.1517,Annonces,45
308,6711097,6,DIV.1520,Publicité,66
308,6711097,6,DIV.1524,Publicité,108
308,6711097,6,DIV.1532,Annonces,54
308,6711097,6,DIV.1536,Annonces,69
308,6711097,6,DIV.1540,Annonces,45
308,6711097,6,DIV.1543,Annonces,79
308,6711097,6,DIV.1546,Annonces,30
308,6711097,6,DIV.1549,Annonces,453
308,6711097,6,DIV.1558,Annonces,114
308,6711097,6,DIV.1565,Annonces,40
308,6711097,6,DIV.1568,Annonces,79
308,6711097,6,DIV.1572,Annonces,40
308,6711097,6,DIV.1575,Publicité,167
308,6711097,6,DIV.1585,Publicité,498
308,6711097,6,DIV.1607,Publicité,580
308,6711097,6,DIV.1625,Publicité,79
309,6716695,0,DIV.35,"Paris, 21 août 1911. Tirages Financiers",542
309,6716695,0,DIV.45,Perturbations des Lignes Téléphoniques : Réponse de l'Administration des P. T. T. aux réclamations. — Les causes des dérangements,304
309,6716695,0,DIV.56,La Guérison de Pie X : Le Pape est complètement rétabli,52
309,6716695,0,DIV.62,Terrible Explosion : A l'établissement militaire de Chalais-Meu- don.— Deux ouvriers horriblement mutilés. — Enquête sur les causes de l'accident,446
309,6716695,0,DIV.78,Le thème des grandes manœuvres du Plémont,295
309,6716695,0,DIV.91,Les Conseils Généraux,955
309,6716695,0,DIV.118,Le Gouvernement turc déplore les attaques de presse contre l'Italie en Tripolitaine,116
309,6716695,0,DIV.124,Action anti-espagnole sur la côte ouest de l'Afrique,145
309,6716695,0,DIV.135,Départ de soldats du génie pour Tanger,68
309,6716695,0,DIV.141,La situation diplomatique,444
309,6716695,0,DIV.162,[titre_illisible],2641
309,6716695,0,DIV.222,AUTOUR DES NÉGOCIATIONS,335
309,6716695,0,DIV.237,Au Maroc,436
309,6716695,0,DIV.252,La Politique Espagnole,315
309,6716695,0,DIV.262,LE CHOLÉRA : En Turquie,66
309,6716695,0,DIV.269,Un Assassinat à Privas,103
309,6716695,0,DIV.277,Les Grèves d'Angleterre,269
309,6716695,0,DIV.296,La Force de la France : Le discours prononcé par M. Messimy à Trévoux,280
309,6716695,0,DIV.307,Les Dockers de Calais : Les femmes et les enfants des grévistes se rendent à Dunkerque. — Bagarres entre « rouges » et « jaunes »,247
309,6716695,0,DIV.319,Le contrôle des dépenses dans les Ministères,68
309,6716695,0,DIV.324,Les grandes manœuvres allemandes,46
309,6716695,0,DIV.329,Les drames de la mine,62
309,6716695,0,DIV.334,Fin d'un lock-out en Norvège,46
309,6716695,0,DIV.342,Interprètes judiciaires,72
309,6716695,0,DIV.347,Communes mixtes,65
310,6716695,1,DIV.352,DIV.352,16
310,6716695,1,DIV.358,DIV.358,536
310,6716695,1,DIV.366,DIV.366,226
310,6716695,1,DIV.375,DIV.375,453
310,6716695,1,DIV.382,DIV.382,167
310,6716695,1,DIV.387,DIV.387,278
310,6716695,1,DIV.397,DIV.397,586
310,6716695,1,DIV.403,DIV.403,344
310,6716695,1,DIV.406,DIV.406,168
310,6716695,1,DIV.409,DIV.409,940
310,6716695,1,DIV.422,Les Vins de Grèce,227
310,6716695,1,DIV.433,Tentative d'Assassinat,165
310,6716695,1,DIV.443,Séance du 21 août,2432
310,6716695,1,DIV.492,SERVICES POSTAUX,72
310,6716695,1,DIV.498,LE NAUFRAGE DE L'« EMIR »,607
310,6716695,1,DIV.505,LES CONTRE-TORPILLEURS DE LA 3e ESCADRE A ORAN,263
310,6716695,1,DIV.512,NAVIRES SIGNALÉS,231
310,6716695,1,DIV.520,MOUVEMENT DES PORTS Oran,576
310,6716695,1,DIV.532,Oran. — H ôpital militaire,141
310,6716695,1,DIV.540,SITUATION GÉNÉRALE,829
310,6716695,1,DIV.572,DIV.572,126
310,6716695,1,DIV.576,DIV.576,58
310,6716695,1,DIV.580,DIV.580,17
310,6716695,1,DIV.583,DIV.583,149
310,6716695,1,DIV.587,DIV.587,90
311,6716695,2,DIV.590,DIV.590,77
311,6716695,2,DIV.595,DIV.595,22
311,6716695,2,DIV.598,DIV.598,51
311,6716695,2,DIV.602,DIV.602,67
311,6716695,2,DIV.605,DIV.605,46
311,6716695,2,DIV.608,DIV.608,45
311,6716695,2,DIV.611,DIV.611,115
311,6716695,2,DIV.619,JEAN BON-CŒUR Grand Roman : TROISIÈME PARTIE L'HEURE DE LA JUSTICE,2170
311,6716695,2,DIV.712,DIV.712,60
311,6716695,2,DIV.715,DIV.715,70
311,6716695,2,DIV.719,DIV.719,150
311,6716695,2,DIV.725,DIV.725,22
311,6716695,2,DIV.728,DIV.728,21
311,6716695,2,DIV.735,DIV.735,26
311,6716695,2,DIV.738,DIV.738,30
311,6716695,2,DIV.744,DIV.744,37
311,6716695,2,DIV.747,DIV.747,53
311,6716695,2,DIV.750,Publicité,152
311,6716695,2,DIV.761,DIV.761,113
311,6716695,2,DIV.769,DIV.769,277
311,6716695,2,DIV.775,DIV.775,175
311,6716695,2,DIV.779,DIV.779,183
311,6716695,2,DIV.785,DIV.785,464
311,6716695,2,DIV.796,DIV.796,115
311,6716695,2,DIV.803,DIV.803,483
312,6716695,3,DIV.813,DIV.813,137
312,6716695,3,DIV.819,DIV.819,342
312,6716695,3,DIV.827,DIV.827,82
312,6716695,3,DIV.832,DIV.832,131
312,6716695,3,DIV.837,DIV.837,209
312,6716695,3,DIV.843,DIV.843,118
312,6716695,3,DIV.847,DIV.847,787
312,6716695,3,DIV.860,DIV.860,126
312,6716695,3,DIV.863,DIV.863,129
312,6716695,3,DIV.866,DIV.866,111
312,6716695,3,DIV.871,TERRITOIRE MILITAIRE,354
312,6716695,3,DIV.889,DIV.889,599
312,6716695,3,DIV.896,Publicité,266
312,6716695,3,DIV.903,Publicité,112
312,6716695,3,DIV.911,A l' « Officiel »,49
312,6716695,3,DIV.916,Service de Santé,119
312,6716695,3,DIV.923,Commandements à la mer,73
312,6716695,3,DIV.929,Les grèves d'Angleterre,162
312,6716695,3,DIV.937,Contrôle des dépenses du Budget,176
312,6716695,3,DIV.948,Cours Télégraphiques du 21 Août 1911,1405
312,6716695,3,DIV.979,Publicité,419
312,6716695,3,DIV.991,DIV.991,486
312,6716695,3,DIV.1000,Marché de la Villette,254
312,6716695,3,DIV.1010,Bourses Américaines,106
312,6716695,3,DIV.1016,Marché de Marseille,197
313,6716695,4,DIV.1029,DIV.1029,543
313,6716695,4,DIV.1033,DIV.1033,552
313,6716695,4,DIV.1039,DIV.1039,501
313,6716695,4,DIV.1044,DIV.1044,226
313,6716695,4,DIV.1048,Publicité,162
313,6716695,4,DIV.1056,Annonces,46
313,6716695,4,DIV.1060,Publicité,81
313,6716695,4,DIV.1065,Annonces,42
313,6716695,4,DIV.1068,Annonces,97
313,6716695,4,DIV.1074,Annonces,32
313,6716695,4,DIV.1077,Annonces,26
313,6716695,4,DIV.1080,Annonces,56
313,6716695,4,DIV.1083,Annonces,40
313,6716695,4,DIV.1086,Publicité,150
313,6716695,4,DIV.1091,Annonces,130
313,6716695,4,DIV.1095,Annonces,49
313,6716695,4,DIV.1098,Annonces,37
313,6716695,4,DIV.1102,Publicité,76
313,6716695,4,DIV.1107,Annonces,65
313,6716695,4,DIV.1110,Annonces,69
313,6716695,4,DIV.1114,Annonces,49
313,6716695,4,DIV.1120,DIV.1120,42
313,6716695,4,DIV.1123,DIV.1123,30
313,6716695,4,DIV.1126,DIV.1126,57
313,6716695,4,DIV.1129,DIV.1129,29
314,6716695,5,DIV.1132,DIV.1132,38
314,6716695,5,DIV.1135,DIV.1135,42
314,6716695,5,DIV.1138,DIV.1138,27
314,6716695,5,DIV.1141,DIV.1141,37
314,6716695,5,DIV.1144,DIV.1144,28
314,6716695,5,DIV.1147,DIV.1147,35
314,6716695,5,DIV.1150,DIV.1150,36
314,6716695,5,DIV.1153,DIV.1153,30
314,6716695,5,DIV.1156,DIV.1156,49
314,6716695,5,DIV.1159,DIV.1159,75
314,6716695,5,DIV.1165,Publicité,606
314,6716695,5,DIV.1191,Annonces,126
314,6716695,5,DIV.1200,Annonces,45
314,6716695,5,DIV.1204,Annonces,52
314,6716695,5,DIV.1207,Annonces,47
314,6716695,5,DIV.1210,Annonces,47
314,6716695,5,DIV.1214,Annonces,51
314,6716695,5,DIV.1218,Annonces,88
314,6716695,5,DIV.1221,Annonces,40
314,6716695,5,DIV.1224,Annonces,67
314,6716695,5,DIV.1230,Publicité,116
314,6716695,5,DIV.1248,Annonces,56
314,6716695,5,DIV.1251,Annonces,42
314,6716695,5,DIV.1255,Annonces,106
314,6716695,5,DIV.1259,Annonces,48
315,6716695,6,DIV.1263,Annonces,43
315,6716695,6,DIV.1267,Publicité,123
315,6716695,6,DIV.1276,Publicité,313
315,6716695,6,DIV.1283,Publicité,48
315,6716695,6,DIV.1294,Publicité,276
315,6716695,6,DIV.1306,Annonces,60
315,6716695,6,DIV.1310,Annonces,40
315,6716695,6,DIV.1313,Annonces,50
315,6716695,6,DIV.1319,Publicité,126
315,6716695,6,DIV.1328,Publicité,128
315,6716695,6,DIV.1340,Publicité,554
315,6716695,6,DIV.1353,Publicité,252
315,6716695,6,DIV.1367,Annonces,69
315,6716695,6,DIV.1372,Annonces,100
315,6716695,6,DIV.1383,Annonces,65
315,6716695,6,DIV.1386,Publicité,123
315,6716695,6,DIV.1394,Publicité,84
315,6716695,6,DIV.1397,Annonces,80
315,6716695,6,DIV.1400,Annonces,62
315,6716695,6,DIV.1404,Annonces,46
315,6716695,6,DIV.1407,Annonces,26
315,6716695,6,DIV.1411,Annonces,62
315,6716695,6,DIV.1415,Annonces,180
315,6716695,6,DIV.1426,DIV.1426,74
315,6716695,6,DIV.1432,DIV.1432,154
316,6716695,7,DIV.1442,Publicité,85
316,6716695,7,DIV.1451,Publicité,126
