fascicule,article_id,title,n_words,n_tokens
4109000,DIV.35,DIV.35,14,32
4109000,DIV.41,Les Sons-Secrétaires d'Etat,36,77
4109000,DIV.52,"Bulletin Politique : Toulouse, le 30 Décembre",649,960
4109000,DIV.81,Informations,328,480
4109000,DIV.97,Les Avantages de la République,646,925
4109000,DIV.110,UN SCANDALE,51,84
4109000,DIV.115,PATRIOTISME DES BONAPARTISTES,104,161
4109000,DIV.126,A Paris,124,182
4109000,DIV.133,En Province,362,576
4109000,DIV.148,Étranger,54,76
4109000,DIV.156,NOTRE PRIME GRATUITE,425,720
4109000,DIV.177,L'ASSISTANCE DÉMOCRATIQUE,1099,1630
4109000,DIV.222,GRAND THEATRE (salle du Cirque),33,75
4109000,DIV.233,THÉATRE DES VARIÉTÉS,171,406
4109000,DIV.249,Annonces,57,87
4109000,DIV.256,INTÉRIEUR,467,689
4109000,DIV.287,EXTÉRIEUR,92,156
4109000,DIV.301,LA MAISON VIDE Par JULES CLARETIE,2251,3367
4109000,DIV.357,Courrier de Paris : (Correspondance particulière de la DÉPÊCHE),1212,1785
4109000,DIV.394,CORRESPONDANCE TÉLÉGRAPHIQUE : Service particulier de la « DÉPÊCHE »,428,663
4109000,DIV.422,Bourse de Toulouse du 30 Déc,282,430
4109000,DIV.432,BOURSE DE PARIS du 29 décembre,597,699
4109000,DIV.443,Annonces,384,587
4109000,DIV.464,DIV.464,10,20
4109000,DIV.469,DIV.469,1341,2787
4109000,DIV.585,DIV.585,309,484
4109000,DIV.593,DIV.593,22,46
4109000,DIV.598,DIV.598,897,1564
4109000,DIV.634,DIV.634,30,57
4109000,DIV.639,DIV.639,986,1683
4109676,DIV.28,"Les Incarnations de 1 Goblet : TOULOUSE, 1er JUILLET 1882",714,1136
4109676,DIV.63,LA RÉFORME JUDICIAIRE,389,551
4109676,DIV.78,LE BUDGET DE 1883,172,249
4109676,DIV.89,LA RÉORGANISATION DE LA TUNISIE,133,198
4109676,DIV.97,LA TRAITE DES ESCLAVES,103,145
4109676,DIV.107,Les Bataillons scolaires,84,117
4109676,DIV.115,Arrestation d'un Employé,66,87
4109676,DIV.122,Le Rapport général du Budget,24,33
4109676,DIV.127,La Direction du « Gaulois »,19,34
4109676,DIV.132,Les Projets de Décentralisation,57,85
4109676,DIV.139,Conseil Supérieur de la Guerre,39,59
4109676,DIV.145,Mer intérieure en Tunisie,52,72
4109676,DIV.152,Circulaire du Ministre de la Justice,49,71
4109676,DIV.157,La Statue de Rabelais,29,45
4109676,DIV.162,NOUVELLES DIVERSES,142,233
4109676,DIV.174,LES ÉVÉNEMENTS D'ÉGYPTE,371,570
4109676,DIV.197,LA CONFÉRENCE,250,371
4109676,DIV.215,Les Journaux du Matin,145,214
4109676,DIV.227,Les Journaux du Soir,250,374
4109676,DIV.244,RUSSIE,27,44
4109676,DIV.251,ANGLETERRE,214,318
4109676,DIV.261,ITALIE,69,120
4109676,DIV.270,LES CRIMES DE L'AMOUR PAR M. L. GAGNEUR : PREMIERE PARTIE,956,1492
4109676,DIV.322,PETITES NOUVELLES,533,847
4109676,DIV.346,UNE FEMME BRULÉE VIVE,383,556
4109676,DIV.362,Manœuvres de la 67e Brigade.,1819,2863
4109676,DIV.439,HAUTE-GARONNE,29,59
4109676,DIV.444,HAUTES-PYRÉNÉES,50,91
4109676,DIV.452,TARN,120,183
4109676,DIV.458,TRIBUNE DU TRAVAIL,394,617
4109676,DIV.482,DERNIÈRE HEURE : Service télégraphique spécial de la DÉPÊCHE.,93,153
4109676,DIV.490,Annonces,152,273
4109676,DIV.501,BOURSE DE TOULOUSE DU 30 JUIN,735,907
4109676,DIV.515,BOURSE DE PARIS Du 30 Juin,40,113
4109676,DIV.527,DIEU DISPOSE PAR ALEXANDRE DUMAS,989,1447
4109676,DIV.567,BULLETIN FINANCIER,139,296
4109676,DIV.576,MARCHE DE TOULOUSE Du 30 Juin,873,957
4109676,DIV.590,Annonces,299,627
4109676,DIV.603,Publicité,75,174
4109676,DIV.613,Annonces,193,402
4109676,DIV.630,SPECTACLES DU 1 JUILLET,32,81
4109676,DIV.636,Publicité,11,34
4109676,DIV.640,Publicité,34,113
4109676,DIV.647,Annonces,165,340
4109676,DIV.670,Publicité,68,169
4109676,DIV.681,Annonces,97,174
4109676,DIV.691,Publicité,107,216
4109676,DIV.701,Annonces,149,304
4109676,DIV.706,Publicité,60,153
4109676,DIV.717,Annonces,30,48
4109676,DIV.721,Publicité,224,449
4109676,DIV.738,Heures des Départs et des Arrivées des Trains des Chemins de fer du Midi et d'Orléans (Service d'été),1439,2254
4112815,DIV.32,Annonces,26,55
4112815,DIV.41,LA JOURNÉE DE HUIT HEURES,1586,2256
4112815,DIV.72,Annonces,10,21
4112815,DIV.76,Ouvriers et Capitalistes,618,891
4112815,DIV.93,M. CARNOT DÉCORÉ PAR LE TZAR,609,870
4112815,DIV.104,La Succession du prince Jérôme,210,276
4112815,DIV.111,LE 1er MAI,81,118
4112815,DIV.118,Les Vins platrés,86,132
4112815,DIV.124,LE VOYAGE PRÉSIDENTIEL,103,181
4112815,DIV.132,CONGRÈS INTERNATIONAL DES MINEURS,722,1085
4112815,DIV.156,Le Transport l' « Annamite»,82,137
4112815,DIV.162,Le Tzarewitch à Saïgon,44,79
4112815,DIV.170,L'Assassinat du ministre Beltcheff,173,263
4112815,DIV.180,LES GRÈVES,245,408
4112815,DIV.196,LA NEIGE,22,38
4112815,DIV.205,Forêts incendiées,36,67
4112815,DIV.211,L'Influenza,35,69
4112815,DIV.217,Broyés par un train,56,86
4112815,DIV.223,Terrible incendie,51,78
4112815,DIV.230,Un Crime,78,122
4112815,DIV.239,Petites Nouvelles,357,511
4112815,DIV.253,BELGIQUE,222,337
4112815,DIV.263,ITALIE,115,169
4112815,DIV.274,INDES ANGLAISES,94,166
4112815,DIV.281,RÉPUBLIQUE ARGENTINE,75,124
4112815,DIV.288,Bulletin météorologique,200,332
4112815,DIV.305,LE FIACRE N° 13 : PREMIÈRE PARTIE Abel et Berthe,2910,4317
4112815,DIV.447,LE PROCHAIN RECENSEMENT,530,756
4112815,DIV.473,LES CAUSSES DU QUERCY,246,394
4112815,DIV.485,DIV.485,846,1344
4112815,DIV.515,Courrier des Théâtres : « JUDAS MACHABÉE»,976,1601
4112815,DIV.537,Spectacles du 1er avril,78,170
4112815,DIV.549,AVEYRON,765,1216
4112815,DIV.574,CORRÈZE : Election de Sollhac,715,1215
4112815,DIV.605,LOZÈRE,43,82
4112815,DIV.611,LOT,352,725
4112815,DIV.626,GERS,500,792
4112815,DIV.647,HAUTES -PYRÉNÉES,716,1111
4112815,DIV.677,L'EMPRUNT DE 900 MILLIONS,187,326
4112815,DIV.687,Publicité,33,74
4112815,DIV.696,BOURSE DE TOULOUSE Du 31 mars,113,319
4112815,DIV.704,BOURSE DE PARIS Du 31 mars,1131,1714
4112815,DIV.723,BULLETIN FINANCIER,236,431
4112815,DIV.734,MARCHÉ DU HAVRE,250,642
4112815,DIV.747,MARCHE DE PARIS,73,194
4112815,DIV.756,MARCHÉ DE BORDEAUX,111,229
4112815,DIV.763,"ÉTAT CIVIL DE TOULOUSE : DÉCÈS DES 29, 30 ET 31 MARS",193,470
4112815,DIV.771,"OBSERVATIONS METEOROLOGIQUES DE M. BIANCHI A TOULOUSE : Altitude, 142 mètres. — Du 31 mars",66,160
4112815,DIV.782,OFFRES ET DEMANDES D'EMPLOIS,131,230
4112815,DIV.793,DIV.793,98,211
4112815,DIV.805,DIV.805,15,37
4112815,DIV.810,DIV.810,19,40
4112815,DIV.815,Annonces,3377,5206
4112815,DIV.892,DIV.892,27,93
4112815,DIV.902,DIV.902,38,76
4112815,DIV.909,DIV.909,23,47
4112815,DIV.915,Annonces,203,452
4112815,DIV.927,JEAN LOUP : TROISIÈME PARTIE Le Protecteur,1461,2177
4116651,DIV.31,L'enseignement primaire gratuit,792,1120
4116651,DIV.57,LA BELGIQUE .ET LE VATICAN,599,878
4116651,DIV.72,INFORMATIONS,352,532
4116651,DIV.90,SITUATION POLITIQUE,408,646
4116651,DIV.103,Service télégraphique : des correspondants particuliers de L'EUROPE,251,401
4116651,DIV.120,Service Havas et Reuter.,234,363
4116651,DIV.142,LA SEMAINE A L'ÉTRANGER,1635,2379
4116651,DIV.158,CORRESPONDANCES SPÉCIALES : Italie.,929,1371
4116651,DIV.180,Bourse de Bruxelles,256,480
4116651,DIV.195,DIV.195,887,1781
4116651,DIV.228,DIV.228,373,642
4116651,DIV.242,"Paris, 3 novembre.",216,229
4116651,DIV.254,DIV.254,133,218
4116651,DIV.265,"Berlin, 3 novembre.",40,99
4116651,DIV.273,"Dépêche télégraphique spéciale, après Bourse.",32,61
4116651,DIV.282,DIV.282,683,982
4116651,DIV.306,Renseignements.,222,373
4116651,DIV.316,Bourse,141,242
4116651,DIV.326,DIV.326,2586,3975
4116651,DIV.377,Programme des théâtres du 4 novembre 1879.,378,641
4116651,DIV.391,Extrait de la cote officielle de la Bourse de Bruxelles du 3 novembre,5844,6667
4116651,DIV.465,MARCHÉ D'ANVERS du 3 novembre. : Par dépêche télégraphique du cor- respondant de l'Europe.,515,896
4116651,DIV.484,MARCHÉS ÉTRANGERS. : (Par voie télégraphique.),313,836
4116651,DIV.501,DIV.501,4279,5474
4117053,DIV.30,LE CENTENAIRE DE YORKTOWN,953,1346
4117053,DIV.47,NOUVELLES MILITAIRES,370,524
4117053,DIV.56,CHRONIQUE PARISIENNE : En Carême?,1353,2022
4117053,DIV.75,Nouvelles parlementaires,257,386
4117053,DIV.88,LA QUESTION DU JOUR,448,638
4117053,DIV.103,NOUVELLES DU MONDE,85,147
4117053,DIV.108,INFORMATIONS,251,354
4117053,DIV.123,SITUATION POLITIQUE,624,906
4117053,DIV.138,Service télégraphique,415,645
4117053,DIV.168,Lettres de Paris,924,1342
4117053,DIV.186,Lettres d'Angleterre,722,1025
4117053,DIV.202,Lettres d'Autriche-Hongrie,874,1307
4117053,DIV.216,Lettres de Turquie,949,1394
4117053,DIV.236,Théâtres,93,164
4117053,DIV.246,LE SECRET D'OR PAR PARI SAUNIÈRE : PREMIÈRE PARTIE UN GENTILHOMME D'AVENTURE,1214,1811
4117053,DIV.340,Bourse de Bruxelles,1170,1865
4117053,DIV.375,Tramways Bruxellois.,94,214
4117053,DIV.384,La conversion des Annuités,517,820
4117053,DIV.406,Bourse de Paris : Par dépêche télégraphique du correspondant spécial de l'Europe.,423,694
4117053,DIV.426,ÉCHOS DE LA BOURSE DE PARIS,545,851
4117053,DIV.459,Bourse de Berlin : Par dépêche télégraphique spéciale du correspondant de l'Europe.,530,622
4117053,DIV.471,ÉCHOS DE LA BOURSE DE BERLIN,446,791
4117053,DIV.485,ÉCHOS DE LA BOURSE DE VIENNE,310,543
4117053,DIV.503,Memento des obligataires : TIRAGES. — Avril.,86,219
4117053,DIV.509,Memento des Actionnaires.,151,283
4117053,DIV.525,MARCHÉ D'ANVERS du 31 mars. : Par dépêche télégraphique du cor- respondant de l'Europe.,311,701
4117053,DIV.549,MARCHÉS ÉTRANGERS. Par voie télégraphique.,330,968
4117053,DIV.565,Extrait de la cote officielle de la Bourse de Paris du 30 Mars.,3387,4355
4117053,DIV.598,INDUSTRIE,240,400
4117053,DIV.606,Programmes du 1er avril,118,243
4117053,DIV.620,DIV.620,668,1152
4123163,DIV.39,Publicité,106,214
4123163,DIV.52,DIV.52,12,28
4123163,DIV.56,"ATTENTAT AU PLASCIT CONTRE L'AMBASSADE DE POLOGNE A 6 h. 15, ce matin, une violente explosion a endom- magé l'immeuble et les maisons voisines rue de Talleyrand : L'enquête s'orientera-t-elle vers les milieux d'émigrés fascistes qui mènent des campagnes d'excitation contre la République polonaise ?",1177,1825
4123163,DIV.100,AU THÉÂTRE FRANÇAIS,194,321
4123163,DIV.126,L'Inde reconnaît Mao Tsé Toung,41,71
4123163,DIV.131,27 DEGRÉS AU-DESSOUS DE 0 A MOSCOU,50,98
4123163,DIV.137,UN TRUST AMÉRICAIN VEUT NOUS METTRE AU RÉGIME COCACOLIQUE : Avec 1 milliard 1/2 de publicité COCA-COLA espère vendre en 1952 40 petites bouteilles à chaque Français,1125,1728
4123163,DIV.173,CASCADE DE SCRUTINS SUR LA CONFIANCE : l'esquif de M. Bidault risque de se retourner en les affrontant malgré les efforts faits hier pour consolider la majorité,691,1017
4123163,DIV.202,Les syndicats contre la hausse du métro,82,118
4123163,DIV.207,LA PREMIERE ELIMINATOIRE POUR LE CONCOURS DE MISS FRANCE A EU LIEU HIER,115,198
4123163,DIV.213,A L'ENTRÉE DE LA GARE DE CHALON-SUR-SAONE : Cinq wagons et le fourgon DU RAPIDE LYON-PARIS SORTENT DES RAILS : 3 voyageurs blessés,171,273
4123163,DIV.225,"Fils d' un ancien consul du Brésil à Biarritz : CARLOS DA SILVA RAMOS accusé d'avoir empoisonné sa femme EN LUI FAISANT ABSORBER UN SOMNIFÈRE au curare, proteste de son innocence",490,772
4123163,DIV.247,UN DEUXIEME DES QUADRUPLES DE BAPAUME EST MORT HIER,46,93
4123163,DIV.253,RENVERSÉ ET TUÉ PAR UN CAMION BOULEVARD BARBES,54,103
4123163,DIV.259,A SAINT-OUEN toute une famille ASPHYXIÉE par un poêle,89,156
4123163,DIV.267,DOUBLE ASPHYXIE MORTELLE A ISSY-LES-MOULINEAUX,43,96
4123163,DIV.272,Publicité,136,310
4123163,DIV.305,Le Grain de Sel d'ANDRÉ WURMSER : PRIÈRE A DIEU pour n'être pas fritabriluxifié,681,1071
4123163,DIV.320,L'HOMMAGE A ANDRE SAUGER a été également une protestation contre l'attitude du gouvernement,333,543
4123163,DIV.331,DIV.331,49,91
4123163,DIV.337,FRICASSEE DE PIEDS DE VEAU,109,206
4123163,DIV.342,VOYAGES D'HIVER DE TOURISME ET TRAVAIL à des prix abordables,271,497
4123163,DIV.363,PROBLEME N° 25,145,288
4123163,DIV.372,SOLUTION N° 24,84,191
4123163,DIV.379,Un qui n'aime pas le coca-cola,68,97
4123163,DIV.390,VENDREDI 30 DECEMBRE,105,249
4123163,DIV.397,SAMEDI 31 DECEMBRE,164,340
4123163,DIV.408,Publicité,135,350
4123163,DIV.430,DIV.430,37,50
4123163,DIV.436,OU ALLER AUJOURD'HUI ?,325,813
4123163,DIV.465,Music-Halls,150,369
4123163,DIV.489,FILMS FRANÇAIS,89,247
4123163,DIV.509,FILMS EN VERSION ORIGINALE,321,740
4123163,DIV.569,KNOCK-OUT : LE GRAND ROMAN DE LA BOXE AUX U.S.A. par BUDD SCHULBERG (traduit par J. PERIER),1503,2099
4123163,DIV.608,Publicité,30,72
4123163,DIV.618,DIV.618,78,102
4123163,DIV.624,LA RÉPUBLIQUE POPULAIRE DE ROUMANIE A DEUX ANS,611,920
4123163,DIV.640,A TOKIO le spécialiste n° 1 de la guerre des microbes disparaît brusquement,91,147
4123163,DIV.645,Les U.S.A. envoient en renfort un porte-avions et deux contre-torpilleurs en Extrême-Orient,386,569
4123163,DIV.659,Annonces,39,76
4123163,DIV.663,Publicité,34,83
4123163,DIV.681,Publicité,58,158
4123163,DIV.698,"VERMANDÉ S'EST mis au garde-à-vous devant le ""fantôme"" de sa victime Aucun doute ne subsiste sur sa culpabilité",468,733
4123163,DIV.720,Les lock-out se multiplient : A ANGERS DEBRAYAGE GÉNÉRAL DE PROTESTATION Assemblée générale chez Latil à Suresnes,348,567
4123163,DIV.734,UN PIED HUMAIN dans une locomotive en gare de Calais,94,139
4123163,DIV.741,"Verdict aujourd'hui pour Paul Farge, l'un des juges sanglants du Tribunal d'Etat",147,217
4123163,DIV.750,LES ACTIONS OUVRIÈRES contre la guerre se multiplient à travers la France,372,549
4123163,DIV.764,"LE MANCHOT DE LAIGLE A ÉTÉ ASSASSINÉ A COUPS DE PIERRE DE BOUTEILLE, DE MARTEAU DE HACHE ET DE COUTEAU",140,238
4123163,DIV.771,Publicité,19,50
4123163,DIV.777,"Des vendeurs ""bazardaient"" (pour leur propre compte) tout le Bazar de l'Hôtel-de- Ville",268,451
4123163,DIV.794,ON POURRA (peut-être) UTILISER LA STREPTOMYCINE contre la tuberculose non pulmonaire,106,172
4123163,DIV.802,DES SAVANTS ANGLAIS recherchent un spécimen de poissons dont l'espèce vivait il y a plusieurs millions d'années,100,153
4123163,DIV.810,QUATRE PRETRES se noient dans un lac aux Etats-Unis,86,127
4123163,DIV.818,DIV.818,36,111
4123163,DIV.824,DIV.824,28,73
4123163,DIV.829,DIV.829,27,70
4123163,DIV.834,DIV.834,15,27
4123163,DIV.839,DIV.839,80,209
4123163,DIV.862,DIV.862,201,382
4123163,DIV.878,Quatrevingt-treize : Dessins d'André GALLAND d'après le chef d'œuvre de VICTOR HUGO,253,416
4123163,DIV.904,GUIDE de L'ACHETEUR PETITS COMMERCANTS ARTISANS-INDUSTRIELS,132,317
4123163,DIV.925,DIV.925,96,273
4123163,DIV.932,DIV.932,207,498
4123163,DIV.972,DIV.972,130,325
4123163,DIV.982,DIV.982,288,408
4123163,DIV.995,DIV.995,263,638
4123163,DIV.1028,Un seul remède contre le jeu dur : SÉVIR SANS FAIBLESSE nous déclare M. SLAVIK de la Commission des arbitres,412,613
4123163,DIV.1048,"A BARÉGES, EN SKI : BOUCHER, 1er vainqueur",224,371
4123163,DIV.1060,"Puisque VILLEMAIN et DAUTHUILLE s'en désintéressent JEAN STOCK ou, KRAWCZYK doivent prendre LE TITRE FRANÇAIS DES MOYENS",543,906
4123163,DIV.1095,LANDAIS a marqué pour les Landes,123,192
4123163,DIV.1102,Les espoirs tricolores qui se sont fait la main sur Bizerte rencontrent dimanche la Tunisie,101,161
4123163,DIV.1109,"Relégué en 2e Division, puis ""récupéré"" BIHEL peut être le sauveur de STRASBOURG ...et le prochain avant centre national",467,716
4123163,DIV.1130,KLINGE bat le record d'Europe du 100 mètres brasse,107,202
4123163,DIV.1138,DRIBBLES,121,224
4123163,DIV.1147,ASSAUTS DE TENNIS dans le Temple du cyclisme ENTRE... 4 AMÉRICAINS,458,643
4123163,DIV.1175,"DEUX ROBIC DANS LE ""TOUR"" et le Championnat de France derrière "" Derny "" !",440,665
4123163,DIV.1199,Le bagarreur SAID « cherchera » l'habile NOUHAUD,96,192
4123163,DIV.1206,DIV.1206,137,276
4123163,DIV.1214,DEM. D'EMPLOI 50 fr.,44,111
4123163,DIV.1222,OFFRES D'EMPL. 275 fr.,188,507
4123163,DIV.1240,OCCAS. DIVERS. 350 fr.,87,234
4123163,DIV.1247,ECHANGE 350 fr.,79,206
4123163,DIV.1255,APPARTEMENTS 350 fr.,93,251
4123163,DIV.1264,PROPRIETES 350 fr.,135,374
4123163,DIV.1275,LOC. COMMER. 350 fr.,334,832
4123163,DIV.1286,CAPITAUX 500 fr.,16,42
4123163,DIV.1291,PERD. ET TROU. 350 fr.,20,57
4123163,DIV.1296,DIVERS 350 fr.,51,127
4123163,DIV.1301,Publicité,19,38
4123163,DIV.1310,"Ce soir vous aide à trouver du travail : Nous publions ici, chause jour, gratuitement la liste des emplois offerts par les bureaux officiels de la main d'œuvre EMPLOIS DISPONIBLES",593,1422
4133627,DIV.35,DIV.35,13,20
4133627,DIV.41,Publicité,123,195
4133627,DIV.48,"ULTIMES NEGOCIATIONS DE PETSCHE qui répond ce soir : SON PROGRAMME : ❶ SALAIRES Pas d'échelle mobile ; ❷ 10 milliards pour les écoles privées ; ❸ ""Réforme"" immédiate de la Sécurité Sociale et des entreprises nationalisées",848,1347
4133627,DIV.92,Aujourd'hui à 18 h. 45 devant le CAFÉ DU CROISSANT : LES PARISIENS COMMÉMORENT LE 37e ANNIVERSAIRE DE L'ASSASSINAT DE JAURÈS,120,236
4133627,DIV.100,LE COFFRE-FORT de la pension Roussel n'a pas livré son secret ...aux cambrioleurs,85,141
4133627,DIV.111,"Depuis trois jours, une boîte de fruits confits transforme Georges GUETARY en héros",304,470
4133627,DIV.128,Dernière minute : LE M.R.P. MAINTIENT SES POSITIONS,95,145
4133627,DIV.136,"BERLIN : Au Festival mondial de la Jeunesse, la 1re délé- gation française est ar-rivée la nuit dernière : (DE NOTRE ENVOYE SPECIAL RAYMOND LAVIGNE.)",791,1191
4133627,DIV.162,EXPULSÉS IL Y A CINQ MOIS DE LEUR CHAMBRE D'HOTEL : Les Van Meenen et leur enfant (17 mois) ont trouvé pour seul refuge un déversoir de détritus au bord du canal St-Martin,850,1258
4133627,DIV.189,"IG LA PIEUVRE ANILINE LE GRAND COMPLOT GERMANO-AMÉRICAIN RACONTÉ PAR MICHEL ROUZÉ : Contre le blocus, Lüdendorff fait appel aux sorciers du goudron de houille ILS LUI DONNENT DU CAOUTCHOUC DES EXPLOSIFS ET DE L'YPÉRITE 2 ARTICLE",1588,2505
4133627,DIV.235,"DE KAESONG, NOTRE ENVOYÉ SPÉCIAL WILFRED BURCHETT NOUS CÂBLE : Les Américains ne veulent plus reconnaître le 38e parallèle COMME LIGNE DE DÉMARCATION",634,918
4133627,DIV.252,DIV.252,12,26
4133627,DIV.258,Entre son domicile et le Palais de Justice : LE GREFFIER DU TRIBUNAL DE DOUAI DISPARAIT AVEC 6 MILLIONS,107,180
4133627,DIV.266,LE GOUVERNEUR BAODAISTE DU SUD VIETNAM TUÉ A LA GRENADE AU SUD-EST DE SAIGON,127,199
4133627,DIV.274,UN NIMOIS AVEUGLE ET SOURD-MUET passe brillamment la seconde partie du « bac »,80,139
4133627,DIV.282,30° HIER A PARIS... et 25° (seulement) A NICE,80,146
4133627,DIV.294,PROBLEME N° 516,129,258
4133627,DIV.301,SOLUTION N° 515,81,192
4133627,DIV.308,DIV.308,63,95
4133627,DIV.311,GREGORY PECK S'EVANOUIT SOUS LES SUNLIGHTS,53,87
4133627,DIV.319,DES GRANDS BOULEVARDS AU BORDS DU TCHAD,539,896
4133627,DIV.331,Jacques Lévi-Alvarès est mort,52,70
4133627,DIV.336,Publicité,56,159
4133627,DIV.351,EN PLEIN ESSOR TECHNIQUE ET ARTISTIQUE le cinéma chinois PUISE SES SUJETS DANS L'ACTUALITÉ,896,1334
4133627,DIV.385,"DIMANCHE, AU THÉATRE DE VERDURE DES TUILERIES : ""CLAUDIE"" DE GEORGE SAND FÊTERA SON CENTENAIRE avec les artistes du Palais de Chaillot",444,642
4133627,DIV.401,DANY ROBIN est devenue Mme Robinson Crusoë,140,197
4133627,DIV.409,THEATRES,57,142
4133627,DIV.416,CINEMAS,566,1314
4133627,DIV.483,LES MOHIGANS DE PARIS : PAR ALEXANDRE DUMAS,2066,2971
4133627,DIV.541,"A SON RETOUR DE TÉHÉRAN : M. HARRIMAN se dé-clare satisfait de ""l'état d'esprit"" du gouver-nement britannique",494,728
4133627,DIV.559,Avec les allocations familiales de ses locataires et l'argent du terme Mme ADELINE concierge avenue d'Italie payait ses meubles,244,402
4133627,DIV.570,Publicité,30,41
4133627,DIV.584,"Le Q. G. américain : : ""AUCUN PROGRÈS AU COURS DE LA 15e RÉUNION""",454,677
4133627,DIV.606,Publicité,10,17
4133627,DIV.611,Des douilles de revolver vont-elles confondre Henry DEMON agresseur présumé de son épouse ?,134,224
4133627,DIV.619,L'affaire des bons d'Arras : Portie et Sciorrato transférés à Paris,104,178
4133627,DIV.625,Plus de mystère à Bourges LA MANNE CELESTE (une pluie de billets de mille) n'était que le produit d'un vol,143,231
4133627,DIV.632,D'ELLIS-ISLAND (où il était interné) FRANÇOIS ORSINI DIRIGEAIT UN GANG INTERNATIONAL DE TRAFIQUANTS,129,230
4133627,DIV.641,MARDI 31 JUILLET,227,438
4133627,DIV.657,MERCREDI 1er AOUT,100,230
4133627,DIV.672,A BERLIN CAPITALE DE LA JEUNESSE DU MONDE POUR LA PAIX,87,126
4133627,DIV.680,POUR ARRACHER HENRI MARTIN AU BAGNE : Des centaines de Parisiens sont partis en vacances porteurs de pétitions qu'ils feront signer réclamant la libération du marin de la Paix,331,472
4133627,DIV.690,"« Elle m'a mis en colère, alors j'ai frappé... » Telle fut l'oraison funèbre de l'ivrogne de Guebwiller",159,271
4133627,DIV.699,Georges Meyer le père criminel du 6e arrondissement était fou,71,122
4133627,DIV.709,"Aujourd'hui, à LONGCHAMP",75,247
4133627,DIV.721,Une petite Norvégienne de 13 ans survit à une chute de 40 mètres,72,112
4133627,DIV.728,Mme ROSENBERG ministre adjoint de la Guerre des U.S.A. A PARIS,58,90
4133627,DIV.734,"DEUX PROCÈS DE TRAHISON DEVANT LES JUGES MILITAIRES : UN ITALIEN, PLONGEUR, PROMU CONTROLEUR DES HOTELS RÉQUI-SITIONNÉS ALLEMANDS UN DÉNONCIATEUR DU S.D. DE VERSAILLES",345,591
4133627,DIV.748,Ses parents ne s'entendaient pas : Il se tire une balle dans la tête,101,140
4133627,DIV.755,Publicité,19,70
4133627,DIV.761,Publicité,25,70
4133627,DIV.777,1.400.000 SIGNATURES RECUEILLIES DANS LA SEINE pour la conclusion d'un Pacte de Paix,287,477
4133627,DIV.789,PORT-SAID.,20,31
4133627,DIV.794,"L'AFFAIRE DU CROS D'UTELLE : Le mystérieux jeune homme blond retrouvé, on en recherche maintenant un autre qui a disparu à bord... d'un pédalo",851,1324
4133627,DIV.820,Publicité,33,89
4133627,DIV.835,"NOTRE CONCOURS : J'ai parlé à l'un de ceux qui n'en savaient rien : Notre dernier gagnant est, au- jourd'hui, M. Le Baud, 14, rue de Fécamp (12e). Au volant de mon taxi",683,985
4133627,DIV.865,"Comment l'AURORE "" informe"" ses lecteurs",967,1404
4133627,DIV.886,M. Georges BOUSSENOT : VICE-PRÉSIDENT DU GROUPE DU RASSEMBLEMENT DES GAUCHES A L'ASSEMBLÉE DE L'UNION FRANÇAISE,512,795
4133627,DIV.912,"Après la mode ""sage"" PARLONS UN PEU DE la mode ""folle""",800,1324
4133627,DIV.959,BEAUTÉ en VACANCES,531,884
4133627,DIV.975,Publicité,31,65
4133627,DIV.987,DEM. D'EMPLOI 50 fr.,43,100
4133627,DIV.994,OFFRES D'EMPL. 275 fr.,128,325
4133627,DIV.1008,PERD. ET TROU. 350 fr.,34,75
4133627,DIV.1013,GARDE D'ENF. 150 fr.,51,127
4133627,DIV.1020,AUTOS 350 fr.,28,79
4133627,DIV.1027,APPARTEMENTS 350 fr.,74,221
4133627,DIV.1035,FONDS DE COM. 350 fr.,355,971
4133627,DIV.1055,PROPRIETES 350 fr.,168,438
4133627,DIV.1075,DIV.1075,215,642
4133627,DIV.1092,"Ce soir vous aide à trouver du travail : Nous publions ici, chaque jour, gratuitement la liste des emplois offerts par les bureaux officiels de la main-d'œuvre EMPLOIS DISPONIBLES",361,805
4133627,DIV.1142,L'expérience belge a réussi : : IL FAUT FAIRE UN PLUS LARGE APPEL AUX JEUNES,689,1018
4133627,DIV.1174,Les athlètes de la F.S.C.T. sont partis pour Berlin,232,358
4133627,DIV.1187,EN BREF,158,283
4133627,DIV.1197,"Les « 2 B », SENFFTLEBEN MATTÉOLI et BÉTHERY : «Tricolores» de base pour Varèse",296,472
4133627,DIV.1210,FAUSTO COPPI compte courir le Tour en 1952,98,135
4133627,DIV.1217,UNE... DEUX...,43,67
4133627,DIV.1223,REVERS...,26,49
4133627,DIV.1228,Avec son maillot Jaune sur le dos : HUGO KOBLET a entamé sa tournée des vélodromes SANS SONGER AU RECORD DE L'HEURE,659,1209
4133627,DIV.1258,"Ceux qui ont laissé un ""nom"" dans le Tour 51... : De ADAM JUSQUA ZAAF",662,1088
4133627,DIV.1298,"LA TEMPÉRATURE (7e) N'A PAS TROP GÊNÉ LES "" HOMMES-ORCHESTRE "" : HEINRICH a battu CLAUSEN ...et le record de France du Décathlon Les performances des deux records :",586,919
4133627,DIV.1321,FOULÉES,36,58
4133627,DIV.1327,2 absents du Tour ou Circuit de l'Ouest : KUBLER et VAN STEENBERGEN,78,125
4133627,DIV.1336,HUMPAL JOUERA A MONTPELLIER : (DE NOTRE CORRESP. PART. BOUTEILLER),101,180
4133627,DIV.1345,DRIBBLES...,48,86
4133627,DIV.1351,"Pour le Tour 52, Antonin MAGNE préconise : : ● Des étapes plus longues ● Des repos plus nombreux ● Une formule nouvelle",1207,1716
4133627,DIV.1394,Les cyclistes français donnent une bonne réplique aux Hongrois,71,145
4133627,DIV.1404,VICTOR HUGO compagnon d'un siècle : Texte de Pierre BARLATIER - Dessins de Marcel TILLARD,807,1252
4133627,DIV.1437,UN CLOCHARD (qui loge dans les fourrés du Bois de Vincennes) PRETEND AVOIR ASSISTÉ AU RAPT D'UNE FEMME PAR UN AUTOMOBILISTE,438,704
4133627,DIV.1450,UN PERILLEUX SAUVETAGE EN 3 PHOTOS:,24,55
4133627,DIV.1466,MAIS AUJOURD'HUI CELUI QUI DIRIGEA LE SAUVETAGE ATTEND (blessé à son tour) A 3.700 MÈTRES,578,905
4133872,DIV.24,DIV.24,29,80
4133872,DIV.31,DIV.31,12,24
4133872,DIV.37,Quels journaux français on reçu les 2 milliards 450 millions du pentagone ? : Après la controverse Le Monde-Le Populaire sur l'affaire FECHTELER A QUAND LA COMMISSION D'ENQUÊTE sur les ressources de la presse?,809,1249
4133872,DIV.61,L'UNITED PRESS CABLE DE PAN-MUN-JOM: LE GÉNÉRAL NAM IL ACCUSE les Américains d'avoir procédé à des expériences atomiques sur des prisonniers coréens et chinois,507,736
4133872,DIV.78,"Pour la Souscription nationale de ""Ce soir"" les Cent francs de la Vérité",42,74
4133872,DIV.85,Ecrasé sous 100 mètres cubes de pierres,32,56
4133872,DIV.96,DIV.96,390,599
4133872,DIV.111,TUNISIE : Nouvelles mesures de force envisagées par le gouvernement PINAY qui veut faire proclamer la loi martiale : Un message du Bey aux Tunisiens annoncé,536,792
4133872,DIV.135,A LA VENTE COGNACQ LES ENCHERES DU COMMISSAIRE BELIER ONT FAIT FUIR GRETA GARBO,520,841
4133872,DIV.152,"L'audience aux Assises de Versailles : DORDAIN : "" De Récy m'a demandé de négocier très vite les 30 millions de Bons volés... pour le sau-ver du déshonneur"" (Compte rendu d'audience de François Desprez)",715,1139
4133872,DIV.186,LE VIEUX MORTIER explose dans le four,99,161
4133872,DIV.197,"Cette nuit, rue de Maubeuge : DES PERCEURS DE COFFRES-FORTS RAFLENT 3 MILLIONS dans une banque",392,662
4133872,DIV.210,Les ouvriers de Renault manifestent contre la venue de Bidgway,333,539
4133872,DIV.226,L'EXPEDITION FRANÇAISIE DE L'HIMALAYA va bientôt s'attaquer au pic Chokamba (6.600 mètres),150,285
4133872,DIV.238,FERNANDEL DANS Coiffeur pour Dames : QUAND FIGARO DEVIENT DON JUAN...,235,372
4133872,DIV.251,LES NOUVEAUTÉS DE LA SEMAINE,209,417
4133872,DIV.279,Ce soir à l'Ambigu « LE COLONEL POSTER PLAIDERA COUPABLE»,134,214
4133872,DIV.291,"Sous l'œil (courroucé) de René CLAIR : Gérard PHILIPE a donné le fou-rire à la ""Belle de nuit"" Magali VANDEL",352,519
4133872,DIV.305,"Ceux qu'en appelle Les «Mômes ceaoulchouc»... : UNIS DANS LE CLUB DES CASSE-COU, 7 HOMMES ET 1 FEMME FONT LE METIER DE «CASCADEURS» ET REVENT DE DEVENIR COMEDIENS",757,1140
4133872,DIV.332,THEATRES,295,733
4133872,DIV.371,MUSIC-HALLS,47,114
4133872,DIV.378,CINEMAS,544,1372
4133872,DIV.452,Publicité,24,51
4133872,DIV.457,Publicité,100,166
4133872,DIV.470,DIV.470,15,25
4133872,DIV.479,AGNÈS VA MOURIR : par Renata Vigano ROMAN TRADUIT DE L'ITALIEN PAR JEAN NOARO,1323,1913
4133872,DIV.514,161 sénateurs élus dimanche à Paris et dans 36 départements DANS LA SEINE 3.000 ELECTEURS POUR... 5 MILLIONS D'HABITANTS !,405,676
4133872,DIV.539,IL APPELLE UNE AMBULANCE PAR TELEPHONE et se tire une balle dans le cœur,81,147
4133872,DIV.549,Annonces,42,105
4133872,DIV.558,Publicité,123,215
4133872,DIV.577,EN TRÈS MAUVAISE POSTURE DEVANT LES JURÉS DE L'ARDÈCHE : Le boulanger de « l'Epi d'Or » paraît accablé sous les coups des experts et des témoins DE NOTRE ENVOYE SPECIAL PIERRE GROGEANNE,551,874
4133872,DIV.601,"BERTRAND, LE BLESSÉ de la fusillade des Ch.-Élysées n'avait pas vendu SA BLONDE AMIE A UN MAHARADJAH",331,489
4133872,DIV.617,LE CHAUFFEUR D'AIX AVAIT PLANTE UNE BAIONNETTE DANS LA GORGE DE SON ADVERSAIRE,186,336
4133872,DIV.627,Annonces,56,119
4133872,DIV.639,Avant la conférence de juin pour la démilitarisation de l'Allemagne,65,98
4133872,DIV.645,DIV.645,116,200
4133872,DIV.665,DIV.665,10,19
4133872,DIV.671,Samedi 17 mai au Vél' d'Hiv' : LES PARISIENS DIRONT LEUR VOLONTÉ DE LUTTER CONTRE LA GUERRE,476,776
4133872,DIV.690,"Mlle Roux dite la ""Fée Carabosse """,26,43
4133872,DIV.698,En se nourrissant de bifteaks et d'œufs crus un pomper américain va tenter de traverser la Manche à la nage,73,107
4133872,DIV.710,PRIX DE LA PORTE DAUPHINE,46,134
4133872,DIV.715,PRIX DES LILAS,38,114
4133872,DIV.722,"L'autopsie révèle que le ""suicide"" du pendu de la rue Lafayette était un crime maquillé par les meurtriers",247,375
4133872,DIV.737,Des taches brunâtres parsemaient la corps du mort de Cagnes-sur-Mer,101,171
4133872,DIV.744,"LES DEUX FOUS DE VILLE JUIF encore en liberté ONT DE L'ARGENT : Et Duploy, le parricide, bénéficie de complicités dans le «milieu» de Montmartre",289,451
4133872,DIV.762,PROBLEME N° 756,150,297
4133872,DIV.770,SOLUTION N° 755,66,154
4133872,DIV.780,Vendredi prochain à la Mutualité meeting des officiers et sous-officiers de réserve républicains,114,183
4133872,DIV.785,Boulevard Murat : LE TAPISSIER D'EZY avait voulu effrayer une passante avec un revolver d'enfant,154,267
4133872,DIV.794,"A l'appel des syndicats C.G.T., C.F.T.C. et F.O. : LES EMPLOYÉS DE COMMERCE de Paris arrêtent le travail demain de 9 heures à 10 heures 30 Meeting ce soir à 18 heures 30 à la BOURSE DU TRAVAIL",344,504
4133872,DIV.804,DIV.804,14,20
4133872,DIV.812,PARLEZ... ON TOURNE !,100,160
4133872,DIV.821,PARIS-BANLIEUE,158,311
4133872,DIV.833,TOUR DE FRANCE,32,61
4133872,DIV.839,LOIN D'ICI,117,200
4133872,DIV.855,DIV.855,695,954
4133872,DIV.875,« Notre peuple est à la veille de décisions graves » déclare M. Grotewohl,128,154
4133872,DIV.883,DIV.883,50,128
4133872,DIV.893,OFFRES D'EMPL. 275 fr.,135,331
4133872,DIV.905,PROPRIÉTÉS 350 fr.,40,121
4133872,DIV.912,LOC. COMMER. 350 fr.,39,106
4133872,DIV.918,FONDS DE COM. 350 fr.,359,978
4133872,DIV.940,APPARTEMENTS 350 fr.,132,391
4133872,DIV.953,ÉCHANGE 350 fr.,43,112
4133872,DIV.959,GERANCES 300 fr.,67,199
4133872,DIV.966,VACANCES 350 fr.,134,324
4133872,DIV.977,OCCAS. DIVERS. 350 fr.,30,91
4133872,DIV.982,"Ce soir vous aide à trouver du travail : Nous publions ici, chaque jour, gratuitement la liste des emplois offerts par les bureaux officiels de la main-d'œuvre EMPLOIS DISPONIBLES",251,560
4133872,DIV.1017,LES FEMMES ANGLAISES membres du parti libéral s'inquiètent de l'utilisation du napalm en Corée,258,360
4133872,DIV.1028,Les délégués d'un million de métallurgistes américains décident la reprise de la grève si leurs revendications ne sont pas satisfaites,160,259
4133872,DIV.1036,Annonces,19,27
4133872,DIV.1044,GUIDE de L'ACHETEUR RIEN QUE DES BONNES ADRESSES POUR VOS CADEAUX POUR VOS ACHATS,71,169
4133872,DIV.1051,DIV.1051,47,126
4133872,DIV.1059,DIV.1059,232,669
4133872,DIV.1086,DIV.1086,42,131
4133872,DIV.1095,DIV.1095,337,831
4133872,DIV.1136,BALDA attend son... tour,98,162
4133872,DIV.1145,Pour rencontrer la Belgique dimanche : L'ARMEE DE L'AIR a sélectionné,66,164
4133872,DIV.1153,Nos BASKETTEUSES sont parties à Moscou,41,64
4133872,DIV.1161,C'EST OFFICIEL : BOBET et GÉHINIANI dans l'équipe de France du Tour,262,394
4133872,DIV.1174,"Pour détrôner NOLTEN dans la ""Route de France"" : ADRIAENSSENS a adopté la "" tactique OCKERS "" De notre envoyé spécial Robert SILVA",455,736
4133872,DIV.1192,ROTTA et BAUVIN veulent lâcher dans la montagne leurs adversaires des Six-Provinces : (De notre correspondant particulier H. BERARD.),257,411
4133872,DIV.1204,ELLY ROUS RESTE A METZ,64,121
4133872,DIV.1211,132.000 SPECTATEURS DE PLUS EN SECONDE DIVISION... ...mais les clubs traînent le « boulet » de lourds déficits,550,821
4133872,DIV.1241,DIV.1241,130,196
4133872,DIV.1247,L'amateur COLIN subira « l'épreuve Marche »,265,436
4133872,DIV.1256,MONTAGNOLI sollicité par Turin et Rome,129,202
4133872,DIV.1264,1er et 8 juin : matches de barrage,43,66
4133872,DIV.1270,Jimmy CARTER battu aux points à Los Angeles : L'INCONNU MEXICAIN LAURO SALAS est champion du monde des Légers !,252,376
4133872,DIV.1285,"UNE TOURNÉE (de 20 km.) : "" Rien de tel pour préparer la Marche des Facteurs "" estime M. DEJUNIAT qui courra (aussi) STRASBOURG- PARIS",193,291
4133872,DIV.1299,"Ce soir à Wagram, duel de tacticiens... : Lou SKÉNA aura à résoudre le problème posé par VALIGNAT",345,534
4133872,DIV.1326,TIRAGE DE LA 17e TRANCHE,183,1256
4133872,DIV.1341,"Pour être sacré meilleur gymnaste de France : Raymond DOT s'est forgé un "" moral d'acier """,414,653
4133872,DIV.1361,Annonces,45,126
4133872,DIV.1369,UN MAILLOT SEYANT POUR TOUTES,1648,2842
4133872,DIV.1401,Conseils pratiques,52,99
4133872,DIV.1410,ce soir,74,135
4133872,DIV.1421,bientôt,19,43
4133872,DIV.1426,demain,59,116
4133872,DIV.1438,En 1931 : L'AÉROPOSTALE VOLE... des propres ailes du Ministre des Finances,1874,2991
4133872,DIV.1505,Annonces,12,32
4133872,DIV.1512,Annonces,39,74
4133872,DIV.1518,la Légende d'Ulenspiegel : d'après le roman de DE COSTER illustré par René BASTARD,420,656
4134119,DIV.28,DIV.28,11,19
4134119,DIV.35,Ci-dessous: le dernier Grain de Sel d'André Wurmser et : LE DESSIN DE JEAN EFFEL,14,29
4134119,DIV.45,CE N'EST QU'UN AU REVOIR MES FRÈRES,485,688
4134119,DIV.59,LA NOMINATION DU MARECHAL JUIN au poste de commandant en chef de la zone centre-Europe a pour objet de faciliter la ratification par la France du traité d'Armée européenne,137,196
4134119,DIV.65,EN ISLANDE LE VENT EMPORTE UNE ECOLE AVEC 2 INSTITUTEURS ET 40 ELEVES,91,164
4134119,DIV.72,LES MYSTÈRES DE LA NOUVELLE « AUBERGE DE PEYREBELLE » : Les monstres d'Arreau QUI TUERENT UN VIEILLARD ET FIRENT BOUILLIR SON CORPS DANS UNE LESSIVEUSE auraient commis deux autres crimes semblables,687,1086
4134119,DIV.106,UN CHEMINOT TUE ACCIDENTELLEMENT d'un coup de revolver,98,161
4134119,DIV.113,Annonces,73,116
4134119,DIV.117,DIV.117,60,93
4134119,DIV.123,"Ce matin, à Berlin, au cours d'une bouleversante cérémonie LES CORPS DES 11 HÉROS du « NORMANDIE-NIEMEN » ONT ETE REMIS A LA FRANCE PAR L'UNION SOVIETIQUE",403,628
4134119,DIV.142,LILIANA plaidante déboutée AVALE L'EXTRAIT de son jugement,84,125
4134119,DIV.150,LE « THÉNARDIER » D'ELBEUF AVAIT MARQUE SYLVETTE AU FER ROUGE,116,197
4134119,DIV.159,Dans la « cuvette » du Vél' d'Hiv' LES ECUREUILS SE « FONT LA BARBE » A L'HEURE DE L'APERITIF,732,1169
4134119,DIV.189,L'INCENDIAIRE VOULAIT (avec le montant de son assurance) DEDOMMAGER SES CREANCIERS,100,166
4134119,DIV.197,Au Tribunal Correctionnel de la Seine : LE CONDAMNE SE TRANSFORME EN BOXEUR et inflige un knock-down à son co-inculpé,112,191
4134119,DIV.205,LA LOI D'AIDE AU CINEMA votée par 415 voix contre 90,78,123
4134119,DIV.211,L'EPAVE DU « CHAMPOLLION » mise en adjudication,43,85
4134119,DIV.217,"Un excellent SPECTACLE DE CABARET : Celui de ""La Fontaine des Quatre Saisons """,273,401
4134119,DIV.228,DIV.228,31,50
4134119,DIV.232,SAMEDI 28 FEVRIER,157,287
4134119,DIV.250,"""Le carrosse d'or"" avec l'extraordinaire Anna MAGNANI",504,797
4134119,DIV.270,THEATRES,446,1055
4134119,DIV.309,MUSIC-HALLS,47,111
4134119,DIV.318,CHANSONNIERS,75,178
4134119,DIV.328,CIRQUES,26,62
4134119,DIV.334,CINEMAS,604,1306
4134119,DIV.392,Publicité,10,23
4134119,DIV.407,DIV.407,48,88
4134119,DIV.414,Publicité,35,78
4134119,DIV.434,Publicité,14,27
4134119,DIV.440,LA DAME DE MONSOREAU par Alexandre Dumas,1136,1664
4134119,DIV.523,Une nouvelle Association «LES CONCERTS DES JEUNES »,207,321
4134119,DIV.534,LA VIE AMOUREUSE DE STENDHAL : Dessins de Robert ALTIER ☆ Textes de François DESPREZ,321,488
4134119,DIV.561,"""NOUS SOMMES PRÊTS A ATTESTER SOUS LA FOI DU SERMENT QUE NOUS AVONS VU M. DUVAL PORTER LA MAIN SUR M. LAURENT "" déclarent les avocats du jeune patriote",366,592
4134119,DIV.577,LE DEBAT SUR L'AMNISTIE : MM. Martinaud-Deplat et Duveau refusent la liberté provisoire aux résistants emprisonnés,167,274
4134119,DIV.585,Le nudiste de Pontault-Combault regardait passer les trains dans le plus simple appareil : Il sera examiné par un psychiatre,277,433
4134119,DIV.597,Malgré l'interdiction gouvernementale : Les étudiants parisiens ont manifesté hier contre le colonialisme,154,224
4134119,DIV.603,Publicité,11,24
4134119,DIV.609,Publicité,132,199
4134119,DIV.617,LE GANG de la HAUTE COUTURE en CORRECTIONNELLE,126,212
4134119,DIV.626,LES MALADES DANGEREUX DE MONDEVERGUES SONT EVACUES,70,116
4134119,DIV.634,"VINGT MINUTES D'ARRET, CINEMA !",66,122
4134119,DIV.640,PARIS - BANLIEUE,54,104
4134119,DIV.647,TOUR DE FRANCE,100,184
4134119,DIV.655,LOIN D'ICI,145,269
4134119,DIV.667,"Le matelot d'Étaples qui avait surpris sa femme en galante compagnie, se fait assommer MAIS IL A FINALEMENT LE DERNIER MOT",216,340
4134119,DIV.677,EN PLEINE RUE LE MAÇON POIGNARDE SA FEMME INFIDELE,73,132
4134119,DIV.684,Publicité,293,397
4134119,DIV.702,Jugement le 13 mars dans le procès du guérisseur de Dijon,165,280
4134119,DIV.714,"AUJOURD'HUI, A St-CLOUD",106,359
4134119,DIV.726,Solution du numero 1.001,71,169
4134119,DIV.733,L'enquête a précisé le rôle pris dans le rapt des enfants FINALY par les quatre prêtres incarcérés a Bayonne : L'AGITATION EST SOIGNEUSEMENT ENTRETENUE AU PAYS BASQUE,519,831
4134119,DIV.755,« CE SOIR » à ses annonceurs,93,154
4134119,DIV.761,Pour « découvrir » un poste émetteur placé par ses soins : LA POLICE PERQUISITIONNE AU SIEGE DU SYNDICAT DE MONTCEAU- LES-MINES,403,611
4134119,DIV.775,Publicité,101,298
4134119,DIV.788,Publicité,396,1153
4134119,DIV.804,La chance de la paix,734,1072
4134119,DIV.822,O.N.U. : LE DEBAT SUR LA COREE s'engagera activement lundi,193,297
4134119,DIV.830,Signature d'un accord économique franco-italien,87,135
4134119,DIV.836,DES PROGRES CONSIDERABLEES sur le traitement des maladies par le sommeil,94,137
4134119,DIV.843,LA TERRE EST VIEILLE DE 5 MILLIARDS D'ANNEES,97,157
4134119,DIV.850,UN PETROLIER BRULE DANS UN PORT CANADIEN : 5 blessés,92,143
4134119,DIV.858,Publicité,314,597
4134119,DIV.887,LA JOURNEE INTERNATIONALE DES FEMMES SE PREPARE DANS TOUTE LA FRANCE,154,233
4134119,DIV.894,LE PROFESSEUR SMITH VEUT CAPTURER UN COELACANTHE,81,151
4134119,DIV.903,PROBLEME NUMERO 1.001,137,254
4134119,DIV.911,SOLUTION DU N° 1.000,83,200
4134119,DIV.918,Passible d'une peine de 60 ans de prison Mickey Jelke LE JEUNE MILLIONNAIRE PROXÉNÈTE connaîtra son sort le 20 mars,205,322
4134119,DIV.928,LES ETUDIANTES DE READING protestent contre « l'insulte faite à leurs charmes personnels »,90,138
4134119,DIV.938,DE TOUTE LA TERRE,77,132
4134119,DIV.947,LES « IZVESTIA » : La conférence de Rome a confirmé l'intensification des conflits entre les pays d'Europe Occidentale,191,268
4134119,DIV.955,ROSENBERG : Pour sauver les deux innocents les lecteurs de Ce soir conti- nueront notre action jusqu'à la victoire,462,658
4134119,DIV.969,Annonces,404,788
4134119,DIV.1007,DIV.1007,45,127
4134119,DIV.1017,OFFRES D'EMPL. 275 fr.,28,61
4134119,DIV.1022,DEM. D'EMPLOI 50 fr.,18,41
4134119,DIV.1027,FONDS DE COM. 350 fr.,233,598
4134119,DIV.1042,DIVERS 350 fr.,43,116
4134119,DIV.1048,PROPRIÉTÉS 350 fr.,90,231
4134119,DIV.1054,APPARTEMENTS 350 fr.,311,602
4134119,DIV.1066,LOCAT. MEUBLÉE 350 fr.,16,41
4134119,DIV.1071,AUTOS 350 fr.,226,500
4134119,DIV.1094,Nous ne cessons pas le combat...,863,1188
4134119,DIV.1118,LE XV DE FRANCE peut réussir un miracle S'IL JOUE AVEC... SIX TROIS QUARTS !,487,761
4134119,DIV.1147,MIAS forfait,13,24
4134119,DIV.1154,GLEIZES (Cellic) GUERI RENONCE AU RUGBY,53,90
4134119,DIV.1161,Demain à l'Elysée-Montmartre VERMESCH réceptionnera JEAN JOURLIN,88,221
4134119,DIV.1168,DIV.1168,27,44
4134119,DIV.1174,Le palmarès,159,455
4134119,DIV.1179,ROME prendrait la place de MELBOURNE,91,134
4134119,DIV.1190,Basket-ball,18,45
4134119,DIV.1195,Gymnastique,37,71
4134119,DIV.1200,Cross-country,20,37
4134119,DIV.1205,Demain à la Piste Municipale de Vincennes,78,155
4134119,DIV.1212,"Demain, on connaîtra deux nouveaux champions de la F.S.G.T.",76,127
4134119,DIV.1219,REPRISE DU TOUR DU NORD CYCLISTE,40,86
4134119,DIV.1227,"8es DE FINALE SANS GROS CHOC ! : PONTIVY attire tous les regards mais le RED STAR, ALES et TOULOUSE sont les vrais ""outsiders de la surprise""",575,885
4134119,DIV.1271,AU PARC DES PRINCES : METZ (pour qui le championnat est terminé) FAVORI DEVANT St-ÉTIENNE,368,574
4134119,DIV.1301,DIV.1301,347,547
4134119,DIV.1323,Hier soir à Rouen LAVOINE a battu pour la seconde fois MAROSTEGAN,53,85
4134119,DIV.1329,A ROUEN DEVANT HARRY BOS HUMEZ PENSERA A LANGLOIS,91,156
4134119,DIV.1335,CE SOIR ON BOXE,184,370
4134119,DIV.1354,"LES ""GRANDS"" SONT GROUPÉS EN TÊTE... ...mais ROBIC-DIOT ont été étouffés",85,168
4134119,DIV.1360,Demain à Alger BERNARD GAUTHIER déjà en forme et DUPONT saront les hommes à battre,277,616
4134119,DIV.1386,"Demain, au Mont Faron MIRANDO tentera de succéder à DOTTO",65,116
4134119,DIV.1392,Championnat de France de cyclo-cross demain à Besançon : Le beau temps peut avantager les routiers et jouer un mauvais tour à Rondeaux et Jodet,150,228
4134119,DIV.1401,Dimanche à Rennes : LES AMATEURS CONNAITRONS LEURS CHAMPIONS,81,163
4134119,DIV.1407,EN CHAMPIONNAT NATIONAL DE BASKET : MULHOUSE : tournant (très) dangereux pour le RACING,467,776
4134119,DIV.1445,DIV.1445,663,944
4134119,DIV.1459,11 Novembre 1948,32,58
4134119,DIV.1467,"Jean-Richard BLOCH FONDATEUR DE "" Ce soir """,344,515
4134119,DIV.1483,LE COURAGE de M. BENAZET,708,1049
4134119,DIV.1500,LE RAPPORT RIBIÈRE (DGER),118,180
4134119,DIV.1510,LE 28 MAI 1952,66,108
4134119,DIV.1518,SKORZENY A PARIS,47,92
4134119,DIV.1525,D'où vient l'argent,64,93
4134119,DIV.1532,"Le 22 août 1939, à la veille de la 2e guerre mondiale Ce soir disait: VIVE LA PAIX ! par ARAGON",1441,2215
4135298,DIV.43,LA POLITIQUE DE PIE X,1299,1850
4135298,DIV.90,La Voix de la Morte,421,602
4135298,DIV.103,ECHEC A LA LOI,701,1037
4135298,DIV.123,MENUS PROPOS,655,955
4135298,DIV.156,Le parc de Versailles,1125,1700
4135298,DIV.182,ESPAGNE : Voyage de M. Combes,58,89
4135298,DIV.189,ANGLETERRE,819,1180
4135298,DIV.212,AUTRICHE-HONGRIE : Le Voyage du Tzar,137,245
4135298,DIV.221,MAROC : Une Interview,70,100
4135298,DIV.227,CHINE,264,375
4135298,DIV.238,SERBIE,410,628
4135298,DIV.260,Les Révélations de M. Drumont,361,575
4135298,DIV.267,Le Cas de l'amiral Maréchal,925,1317
4135298,DIV.299,Les Congrégations,442,655
4135298,DIV.314,Scandale au Palais,233,375
4135298,DIV.324,EN FRANCE,821,1173
4135298,DIV.350,EN ITALIE,60,91
4135298,DIV.358,Une Indice pacifique,51,79
4135298,DIV.363,L'Insurrection,103,175
4135298,DIV.368,Les Forces turques,21,41
4135298,DIV.373,Les Réformes en Macédoine,45,75
4135298,DIV.381,LAICISATION,52,95
4135298,DIV.386,LES SOUVERAINS ITALIENS A PARIS : La Réception à l'Hôtel-de-Ville,351,510
4135298,DIV.399,CONFÉRENCE DU DROIT INTERNATIONAL,322,446
4135298,DIV.415,GUERRE : LE DEPART DE LA CLASSE,175,261
4135298,DIV.426,MARINE,47,73
4135298,DIV.431,POIGNÉES DE NOUVELLES,717,1107
4135298,DIV.459,La Monnaie dé Nickel,143,187
4135298,DIV.467,Chute mortelle,86,132
4135298,DIV.474,Pauvre Bébé !,87,141
4135298,DIV.480,Accident ou Suicide ?,78,125
4135298,DIV.486,Tué par son Cheval,100,152
4135298,DIV.494,Asphyxiés,117,177
4135298,DIV.502,Tués par la Foudre,180,283
4135298,DIV.510,Les Victimes du Feu,94,146
4135298,DIV.516,Accident mortel,142,223
4135298,DIV.523,Meurtre,373,581
4135298,DIV.535,Assassinat d'un Chancelier,75,128
4135298,DIV.543,Le triple assassinat d'Aix-les-Bains,107,175
4135298,DIV.549,L'Epidémie de Blida,139,225
4135298,DIV.557,Meurtrier de sa Fille,259,395
4135298,DIV.569,L'Alpe homicide,121,174
4135298,DIV.576,Le Drame du Boulevard Barbès,203,325
4135298,DIV.583,L' assassinat de M. de Corgeat,249,400
4135298,DIV.589,Les Orages,93,152
4135298,DIV.598,COURSES DE CHEVAUX,758,1674
4135298,DIV.628,La Température,264,432
4135298,DIV.640,N° 115. 2 Octobre. L'Enfant du Faubourg Par EMILE RICHEBOURG,1348,2016
4135298,DIV.704,Publicité,19,30
4135298,DIV.708,Publicité,72,136
4135298,DIV.712,Prévision du Temps POUR LE MOIS D'OCTOBRE 1903,118,193
4135298,DIV.726,HORAIRE DES TRAINS,24,37
4135298,DIV.731,INSTRUCTION PRIMAIRE : Mouvement dans le Personnel enseignant,924,2190
4135298,DIV.753,"Tribunal correctionnel : Audience du 1er octobre 1903 MM. Caussanel-Robaglia, président : Gouazé, substitut Bonhomme, greffier.",178,324
4135298,DIV.769,Ecole supérieure de Commerce de Toulouse,146,209
4135298,DIV.775,L'Usine de Madron,212,355
4135298,DIV.785,Au Palais,41,65
4135298,DIV.792,Station de Pisciculture,79,121
4135298,DIV.798,Les Dispensés militaires,62,97
4135298,DIV.805,Cyclistes et Pédestrians,146,219
4135298,DIV.819,Société de gymnastique les Toulousains,168,270
4135298,DIV.829,Taxe municipale sur les Chiens,397,589
4135298,DIV.848,Theâtre du Capitole,104,180
4135298,DIV.854,Stade olympien des Etudiants de Toulouse,60,85
4135298,DIV.859,Bijou-Concert,126,207
4135298,DIV.869,Viande de Boucherie,43,118
4135298,DIV.878,Arrestations,48,71
4135298,DIV.883,Accidentée Bicyclette,65,120
4135298,DIV.889,Publicité,44,76
4135298,DIV.892,Publicité,63,120
4135298,DIV.902,DIV.902,107,162
4135298,DIV.905,Publicité,18,36
4135298,DIV.908,Publicité,11,28
4135298,DIV.911,Publicité,32,70
4135298,DIV.914,Annonces,76,144
4135298,DIV.918,Publicité,14,28
4135298,DIV.924,AUX VARIÉTÉS,169,281
4135298,DIV.931,Spectacles de Toulouse,80,149
4135298,DIV.937,COMMUNICATIONS ET AVIS DIVERS,185,303
4135298,DIV.951,HAUTE-GARONNE : Arrondissement de Toulouse,432,684
4135298,DIV.975,DERNIÈRE HEURE,442,676
4135298,DIV.994,Christianisme social,1580,2327
4135298,DIV.1013,Les Mystères de Paris,158,243
4135298,DIV.1021,"ECOLE PRATIQUE : De Commerce, d'Industrie et d'Agriculture de Marmande.",208,318
4135298,DIV.1039,Publicité,215,354
4135298,DIV.1052,Annonces,25,58
4135298,DIV.1064,Publicité,30,50
4135298,DIV.1067,femina,202,314
4135298,DIV.1073,Publicité,48,81
4135298,DIV.1079,Publicité,50,97
4135298,DIV.1086,N° 8. LES FILS DE RODIN Par Camille BIAS : PREMIÈRE PARTIE TRINITE NOIRE,1314,1936
4135298,DIV.1145,BOURSE DE PARIS Du 1er Octobre,4088,6012
4135298,DIV.1194,BOURSE DE TOULOUSE,104,289
4135298,DIV.1202,BULLETIN FINANCIER,341,638
4135298,DIV.1213,Publicité,12,24
4135298,DIV.1220,ALCOOLS,83,159
4135298,DIV.1233,MÉTAUX,59,125
4135298,DIV.1239,MARCHÉ DE LA VILLETTE,141,328
4135298,DIV.1249,MARCHE DU HAVRE,790,1026
4135298,DIV.1258,Publicité,80,165
4135298,DIV.1263,Annonces,44,94
4135298,DIV.1268,Publicité,443,748
4135298,DIV.1282,Publicité,314,554
4135298,DIV.1308,NOUVEAU Nécessaire pour Ecoliers RENTRÉE des CLASSES 1903,413,799
4135298,DIV.1340,Annonces,17,30
4135298,DIV.1347,Publicité,113,202
4135298,DIV.1358,Publicité,56,105
4135298,DIV.1361,Mouvement des Paquebots dans le port de Bordeaux-Pauillac,255,687
4135298,DIV.1382,Publicité,1094,1978
4135298,DIV.1434,Annonces,317,638
4135298,DIV.1459,Publicité,42,112
4135298,DIV.1464,Annonces,153,330
4135298,DIV.1475,Publicité,94,172
4135298,DIV.1487,Annonces,146,313
4135298,DIV.1492,Publicité,69,173
4140779,DIV.37,Annonces,84,273
4140779,DIV.50,La C. G. T. contre les Retraites,1155,1699
4140779,DIV.69,La Police de Précision,350,502
4140779,DIV.80,MENUS PROPOS,567,853
4140779,DIV.109,GLOIRE A BARNUM,1201,1842
4140779,DIV.126,Un point d'Histoire Trois Coups de Canon du Mont-Valérien (7 octobre 1870),1436,2164
4140779,DIV.153,LA CRISE ANGLAISE : La Manœuvre catholique De notre correspondat particulier :,197,296
4140779,DIV.163,RÉLATIONS-ANGLO-ALLEMANDES : Vers une Entende. — La Question des Armements.,438,803
4140779,DIV.183,La Fédération des Fonctionnaires,69,97
4140779,DIV.189,Les Cheminots,78,113
4140779,DIV.195,Les Grèves,256,370
4140779,DIV.208,Conseil de Cabinet,249,357
4140779,DIV.223,"Séance du 30 décembre : mess=""""La séance est ouverte à 1 h. 40, sou$ la présidence de M. A. Dubost.",1416,2084
4140779,DIV.274,"Séance du 30 décembre (Matin) : mess=""""ta séance est ouverte à neuf heures, sous ta présidence de M. Eî^one, vico-président, BUDGET DU COMMERCE",513,765
4140779,DIV.296,"Séance de l'après-midi : mess=""""La. séance est ouverte à trois heures. M. Brisson préside..",2087,3194
4140779,DIV.364,CLEMENCEAU ET LE COMITE EXECUTIF,207,316
4140779,DIV.374,L'ECOLE ET L'EGLISE,337,533
4140779,DIV.388,Légion d'Honneur,769,1563
4140779,DIV.434,Poignées de Nouvelles,545,867
4140779,DIV.455,Les Etrennes des Grands Régionaux,103,175
4140779,DIV.462,La Conquête de l'Air : Au Camp de Châlons,287,481
4140779,DIV.475,Le Mort vivant,184,297
4140779,DIV.486,Assassins de leur Mère,131,186
4140779,DIV.493,Drame de Famille,109,169
4140779,DIV.499,Ecrasé par un Wagon,95,146
4140779,DIV.505,Magistrat poursuivi,146,234
4140779,DIV.513,Les Empoisonnements,636,980
4140779,DIV.533,La Mort de Mme Gouin,138,209
4140779,DIV.539,Désastre en Mer : Soixante Victimes,51,91
4140779,DIV.545,Servante et Curé,137,218
4140779,DIV.551,Assassinat,96,156
4140779,DIV.563,Courses de Chevaux : A VINCENNE5,439,1146
4140779,DIV.580,Cyclisme : COURSE CYCLISTE DES SIX JOURS,64,172
4140779,DIV.589,Aviation : A PAU Ecole Blériot,34,63
4140779,DIV.595,Publicité,20,38
4140779,DIV.600,La Température,237,409
4140779,DIV.616,"Conseil municipal : Séance du 30 décembre 1909 PRÉSIDENCE DE M. RAYMOND LEYGUE, MAIRE",2053,2945
4140779,DIV.677,Cour d'Appel : (Troisième chambre) PRESIDENCE DE M. LARNAUDIE Audience du 20 décembre,834,1191
4140779,DIV.701,Tribunal civil : (Deuxième chambre) PRESIDENCE DE M. ZEGLICKI,275,428
4140779,DIV.710,Tribunal correctionnel : PRESIDENCE DE M. DEZES Audience du 29 décembre 1909,733,1128
4140779,DIV.739,Conseil de Guerre : Séance du 10 décembre,57,97
4140779,DIV.749,Le nouveau Billet de 100 francs,153,207
4140779,DIV.756,A la Compagnie du Midi,521,743
4140779,DIV.773,Société archéologique du Midi,377,584
4140779,DIV.785,Association des Steno-Dactylogra- phes de Toulouse et du Sud- Ouest,119,204
4140779,DIV.792,Au Faubourg Bonnefoy,152,233
4140779,DIV.799,Retraités des Chemins de fer,104,167
4140779,DIV.807,Théâtre du Capitole,314,518
4140779,DIV.819,Théâtre Lafayette,266,405
4140779,DIV.825,Les Nouveautés,110,182
4140779,DIV.832,Apollo-Théâtre,109,191
4140779,DIV.839,Cinéma Esquirol : (Place Esquirol),59,102
4140779,DIV.846,Cinéma Lafayette,55,87
4140779,DIV.851,Relevé officiel du Cours des Marchandises,453,964
4140779,DIV.862,Parti Radical Socialiste de Toulouse,236,365
4140779,DIV.877,Parti Socialiste Français : Cercle Républicain Socialiste,63,104
4140779,DIV.884,Parti Radical Socialiste de France : (Section de Toulouse),68,92
4140779,DIV.891,"P. R. S. T. (Discipline) : Groupe Providence, Bonhoure, Saint-Aubin (Centre)",65,111
4140779,DIV.901,Club alpin français : Section des Pyrénées Centrales,221,357
4140779,DIV.916,Le Bleuet,43,68
4140779,DIV.923,Football-Club de la Patte-d'Oie,64,94
4140779,DIV.930,Tockey-Club San Subra,186,324
4140779,DIV.946,SPORTING-CLUB TOULOUSAIN,574,1072
4140779,DIV.977,CONVOCATIONS DIVERSES,115,166
4140779,DIV.992,Effets militaires,35,54
4140779,DIV.998,Heurté par un Tram,81,127
4140779,DIV.1005,Trouvailles,220,423
4140779,DIV.1012,Publicité,235,482
4140779,DIV.1033,SPECTACLES DE TOULOUSE,342,672
4140779,DIV.1048,COMMUNICATIONS ET AVIS DIVERS,263,428
4140779,DIV.1065,Arrondissement de Toulouse,314,596
4140779,DIV.1084,Arrondisiement de Saint-Gaudens,773,1568
4140779,DIV.1120,Publicité,34,88
4140779,DIV.1126,Arrondissement de Muret,975,1770
4140779,DIV.1163,Arrondissement de Villefranche,284,454
4140779,DIV.1182,Arrondissement de Foix : FOIX,493,763
4140779,DIV.1196,Arrondissement de Pamiers,223,378
4140779,DIV.1214,Arrondissement de Saint-Girons,505,880
4140779,DIV.1239,Annonces,21,48
4140779,DIV.1246,Arrondissement d'Albi : ALBI,166,254
4140779,DIV.1258,CONTRIBUTIONS INDIRECTES,22,40
4140779,DIV.1263,DEMISSION ACCEPTEE,24,40
4140779,DIV.1268,Arrondissement d'Auch : AUCH,1195,1836
4140779,DIV.1297,Annonces,66,111
4140779,DIV.1306,SÉNAT,18,27
4140779,DIV.1312,La Conquête de l'Air,116,191
4140779,DIV.1325,La Commission des réclamations,656,1027
4140779,DIV.1349,Magistrat poursuivi,65,107
4140779,DIV.1355,La Mort de Mme Gouin,281,414
4140779,DIV.1364,L'Odyssée d'un Espion toulousain,206,324
4140779,DIV.1374,Accident mortel,68,116
4140779,DIV.1382,Académie française,144,231
4140779,DIV.1389,Suicide d'un Nihiliste,166,244
4140779,DIV.1398,Violente Explosion,178,261
4140779,DIV.1404,Odieux Attentat,72,119
4140779,DIV.1410,Sauvetage original,180,293
4140779,DIV.1417,Publicité,76,148
4140779,DIV.1422,Publicité,61,176
4140779,DIV.1428,Publicité,81,160
4140779,DIV.1439,Publicité,98,170
4140779,DIV.1449,Publicité,72,122
4140779,DIV.1461,PRIMEURS,191,355
4140779,DIV.1466,METAUX,70,180
4140779,DIV.1478,MARCHE de PARIS,271,667
4140779,DIV.1490,ALCOOLS,294,419
4140779,DIV.1503,MARCHE du HAVRE,283,549
4140779,DIV.1512,MARCHÉ de BORDEAUX : Du 30 Décembre 1909 MARCHÉS AUX BESTIAUX,150,344
4140779,DIV.1521,MARCHE de la VILLETTE,293,840
4140779,DIV.1535,Annonces,96,188
4140779,DIV.1543,Publicité,97,223
4140779,DIV.1554,Publicité,101,215
4140779,DIV.1565,[titre_illisible],1333,1935
4140779,DIV.1622,[titre_illisible],1263,1957
4140779,DIV.1693,Publicité,14,26
4140779,DIV.1697,DIV.1697,447,674
4140779,DIV.1707,DIV.1707,132,229
4140779,DIV.1718,Annonces,666,1465
4140779,DIV.1769,DIV.1769,13,32
4140779,DIV.1779,DIV.1779,225,489
4140779,DIV.1786,DIV.1786,44,94
4140779,DIV.1791,DIV.1791,37,87
4140779,DIV.1797,Annonces,16,34
4140779,DIV.1800,Annonces,25,49
4140779,DIV.1804,Annonces,26,55
4140779,DIV.1808,DIV.1808,18,44
4140779,DIV.1820,DIV.1820,189,363
4140779,DIV.1847,DIV.1847,86,180
4140779,DIV.1854,BOURSE DE PARIS : Du 30 DECEMBRE 1909,4391,6066
4140779,DIV.1900,BOURSE DE TOULOUSE,101,254
4140779,DIV.1908,BULLETIN FINANCIER,170,328
4140779,DIV.1918,Publicité,15,23
4140779,DIV.1924,Publicité,11,44
4602945,DIV.32,LA MARCHE VICTORIEUSE DES SERBES,51,85
4602945,DIV.43,au 30 décembre (150e de la guerre),26,46
4602945,DIV.48,DIV.48,13,23
4602945,DIV.51,DIV.51,24,29
4602945,DIV.57,DIV.57,471,740
4602945,DIV.68,Przemysl à la veille de la capitulation,98,147
4602945,DIV.77,du Mercredi 30 Décembre 1914,156,268
4602945,DIV.88,DIV.88,44,66
4602945,DIV.95,Les Russes reprennent l'avantage,430,707
4602945,DIV.110,Payez et vous pourrez vous promener,52,92
4602945,DIV.115,Une élection significative en Roumanie,160,239
4602945,DIV.123,Les opérations russes dans le Caucase,90,146
4602945,DIV.130,Le petit drapeau belge,29,47
4602945,DIV.135,LES BONS DE LA DÉFENSE et les étrennes de la France LE DEUXIEME MILLIARD,189,298
4602945,DIV.147,Le bilan,798,1164
4602945,DIV.166,"Y a bon, y a bon !",109,167
4602945,DIV.173,DIV.173,152,202
4602945,DIV.183,Le cœur de Pvrrhus.,111,194
4602945,DIV.194,Annonces,102,154
4602945,DIV.199,L'HUMOUR ET LA GUERRE,25,54
4602945,DIV.208,La version allemande,835,1215
4602945,DIV.227,Un hommage du général Gouraud aux Garibaldiens,851,1254
4602945,DIV.254,Principaux faits de guerre du 16 au 24 décembre,1611,2544
4602945,DIV.312,POUR LES ETRENNES : Cinq mois de guerre illustrée,48,83
4602945,DIV.322,L'intervention des Japonais,355,520
4602945,DIV.336,Pour la Belgique,201,285
4602945,DIV.343,Sympathies franco-anglaises,261,382
4602945,DIV.351,Appel en faveur des prisonniers français et belges,188,266
4602945,DIV.360,Qui sera gouverneur général de l'Indochine ?,182,272
4602945,DIV.370,La patience nécessaire,175,257
4602945,DIV.380,Leur déception,207,307
4602945,DIV.388,Annonces,22,36
4602945,DIV.394,"Une ""opération""",303,469
4602945,DIV.412,"Le ""vieux dieu allemand"" jugé par un pasteur américain",184,298
4602945,DIV.420,La prise d'un drapeau,319,439
4602945,DIV.430,APRES LA PRISE DE VERMELLES,74,114
4602945,DIV.439,APRÈS LA VICTOIRE SERBE,43,90
4602945,DIV.447,Les Russes firent à la bataille de Lodz 20.000 prisonniers,716,1132
4602945,DIV.463,Le ministre d'Angleterre au Vatican,66,89
4602945,DIV.473,DIV.473,50,84
4602945,DIV.476,AU CONSEIL MUNICIPAL : Le président salue les héros de la défense nationale,726,1019
4602945,DIV.498,DIV.498,37,60
4602945,DIV.502,DIV.502,32,67
4602945,DIV.506,DIV.506,40,58
4602945,DIV.510,La chasse aux maisons allemandes,362,813
4602945,DIV.518,A l'Académie des Inscriptions et Belles-Lettres,56,92
4602945,DIV.526,DIV.526,165,258
4602945,DIV.534,Le remboursement des dépôts,161,251
4602945,DIV.550,AUX BORDS DE L'YSER : Le cataclysme [DE NOTRE ENVOYÉ SPÉCIAL],1193,1812
4602945,DIV.577,Le pillage de la Belgique,267,381
4602945,DIV.587,La Belgique à Londres,792,1158
4602945,DIV.602,Un convoi de prisonniers part pour la Corse,41,52
4602945,DIV.611,L'entrée d'un abri allemand,31,51
4602945,DIV.619,Morts au champ d'honneur,310,675
4602945,DIV.637,NOUVELLES DES COURS,24,38
4602945,DIV.642,INFORMATIONS,86,146
4602945,DIV.649,NAISSANCES,112,166
4602945,DIV.658,NECROLOGIE,273,473
4602945,DIV.676,Plus ue domestiques allemands dans les hôtels,49,83
4602945,DIV.684,DIV.684,23,43
4602945,DIV.687,DIV.687,32,53
4602945,DIV.690,DIV.690,30,49
4602945,DIV.693,DIV.693,23,42
4602945,DIV.699,Comités d'Éducation physique,221,322
4602945,DIV.712,DIV.712,14,26
4602945,DIV.715,DIV.715,142,293
4602945,DIV.724,DIV.724,155,272
4602945,DIV.727,DIV.727,224,391
4602945,DIV.734,DIV.734,104,208
4602945,DIV.741,DIV.741,48,80
4602945,DIV.748,DIV.748,66,122
4602945,DIV.754,DIV.754,658,1269
4602945,DIV.778,Annonces,57,94
4602945,DIV.781,Annonces,40,100
4602945,DIV.786,Annonces,27,73
4602945,DIV.789,Annonces,110,194
4602945,DIV.796,DIV.796,12,29
4602945,DIV.800,UNE PATROUILLE AUTRICHIENNE DANS LES KARPATHES,53,92
4604241,DIV.47,LES GOUVERNEMENTS DE PARIS ET DE LONDRES SONT EN COMPLET ACCORD : Déclarations véhémentes de M. Stresemann à la presse.,411,594
4604241,DIV.69,M. STRESEMANN ATTAQUE LA POLITIQUE FRANÇAISE,197,319
4604241,DIV.80,DÉCLARATION DE M. DE MONZIE A LA GAUCHE DÉMOCRATIQUE,332,493
4604241,DIV.93,M BURÉ IRA AUJOURD'HUI AU PALAIS,61,114
4604241,DIV.99,"LA MORT DU PETIT CLOWN : C'est au cours d'une représentation de son père que mourut le petit Emmanuel Fratellini, qui avait débuté au cirque sous les plus heureux auspices.",398,590
4604241,DIV.113,DIV.113,29,49
4604241,DIV.123,DIV.123,10,25
4604241,DIV.140,DIV.140,12,30
4604241,DIV.151,LES GRANDS RECORDS AU 31 DECEMBRE 1923,77,192
4604241,DIV.162,LES GRANDS RECORDS AU 31 DÉCEMBRE 1924,67,163
4604241,DIV.174,LE RECORD BATTU AVANT-HIER PAR DORET,38,96
4604241,DIV.183,"15,300 MONUMENTS AUX MORTS",152,213
4604241,DIV.189,"PELLETIER DOISY, VUILLEMIN ET DAGNEAUX VONT EMMENER PAR LES AIRS DEUX MINISTRES MM. DALADIER ET L. EYNAC AU TCHAD ET A MADAGASCAR",120,225
4604241,DIV.196,L'HOMME COUPE EN MORCEAUX,221,345
4604241,DIV.208,"LA MÈRE DE DERVAUX EST VENUE A LA BARRE LE DÉFENDRE : Me Torrès, avocat de l'inculpé, verse aux débats un étrange testament de la victime autorisant son mari à la tuer. AUJOURD'HUI : RÉQUISITOIRE PLAIDOIRIE ET VERDICT",601,940
4604241,DIV.248,LA VISITE DE M. MYRON T. HERRICK AU QUAI D'ORSAY,76,122
4604241,DIV.255,LES NÉGOCIATIONS COMMERCIALES FRANCO-ALLEMANDES,69,124
4604241,DIV.263,"A LA FRANCE M. MAKHONINE OFFRE LE DROIT D'UTILISER POUR LA DÉFENSE NATIONALE LE PROCÉDÉ DE SON INVENTION QUI SUBSTITUE A L'ESSENCE TOUTES LES HUILES LOURDES POUR MOTEURS A EXPLOSION : RESULTATS : AUGMENTATION DE RENDEMENT, SUPPRESSION DE L'ENCRASSEMENT, ECONOMIE L'ingénieur russe a été reçu hier après-midi par M. Doumergue.",575,983
4604241,DIV.295,LE DRAME APRÈS LA FÉERIE : Le veilleur de nuit du Châtelet surprend deux cambrioleurs qui dévalisaient les loges. Il fait feu sur les malfaiteurs et en blesse un.,388,628
4604241,DIV.305,UN BATEAU-LAVOIR COULÉ EN CINQ MINUTES,95,163
4604241,DIV.310,L'ORGANISATION ET LE STATUT DE L'OCCUPATION DES TERRITOIRES RHÉNANS,342,488
4604241,DIV.321,UN RAZ DE MARÉE A CASABLANCA,73,112
4604241,DIV.331,LA FLAMME DU SOUVENIR,11,19
4604241,DIV.336,CIRCULATION,10,22
4604241,DIV.341,CHAMBRE,10,19
4604241,DIV.346,SALONS ET EXPOSITIONS,18,33
4604241,DIV.356,CHASSE,12,21
4604241,DIV.361,BIENFAISANCE,17,37
4604241,DIV.366,CONFÉRENCES ET RÉUNIONS,58,105
4604241,DIV.373,T. 8. F.,805,1700
4604241,DIV.394,Publicité,27,51
4604241,DIV.401,Publicité,23,44
4604241,DIV.404,LE PROCHAIN CONSEIL DES MINISTRES,46,75
4604241,DIV.414,DIV.414,1195,1764
4604241,DIV.448,LA PIERRE DE TOUCHE Dessin de Bertram Rancer.,31,48
4604241,DIV.458,OSLO,979,1555
4604241,DIV.495,LA CURIOSITÉ : GALERIE D'ART ET EXPOSITION,26,63
4604241,DIV.501,PONT DES ARTS,212,331
4604241,DIV.520,LES COURS,31,42
4604241,DIV.525,CORPS DIPLOMATIQUE,16,36
4604241,DIV.530,DEUILS,301,477
4604241,DIV.548,BIENFAISANCE,83,137
4604241,DIV.554,L'OCCASION QU'IL NE FAUT PAS MANQUER,74,119
4604241,DIV.571,Publicité,149,268
4604241,DIV.578,Publicité,29,71
4604241,DIV.581,Publicité,15,58
4604241,DIV.588,Publicité,27,65
4604241,DIV.597,DIV.597,10,26
4604241,DIV.600,DIV.600,14,27
4604241,DIV.603,DIV.603,15,39
4604241,DIV.607,DIV.607,24,44
4604241,DIV.611,DIV.611,12,28
4604241,DIV.617,DIV.617,17,43
4604241,DIV.620,DIV.620,14,34
4604241,DIV.626,Annonces,23,50
4604241,DIV.629,Publicité,37,84
4604241,DIV.637,DIV.637,176,331
4604241,DIV.643,DIV.643,982,2188
4604241,DIV.662,DIV.662,50,125
4604241,DIV.669,A CHAMBRE A VOTÉ DEUX DOUZIÈMES PROVISOIRES NSI QUE D'IMPORTANTS CRÉDITS ADDITIONNELS,810,1324
4604241,DIV.707,LE SENAT A RATIFIÉ LA CONVENTION ENTRE L'ÉTAT ET LA BANQUE DE FRANCE,977,1400
4604241,DIV.742,Publicité,80,161
4604241,DIV.756,LA COMMISSION D'ENQUÊTE SUR LES FONDS ELECTORAUX ENTEND UN TEMOIN : C'est M. Le Poullen qui fut trésorier-adjoint de l'Union des intérêts économiques. M. Delaunay - Belleville refuse de prêter serment.,650,1051
4604241,DIV.799,INFORMATIONS PARLEMENTAIRES,80,122
4604241,DIV.805,Légion d'honneur,82,153
4604241,DIV.821,A WASHINGTON : LA DETTE FRANÇAISE AUX ÉTATS-UNIS Le cabinet américain demanderait à la France de préciser officiellement son point de vue.,326,488
4604241,DIV.838,PROJET DE REVISION DES LOIS AMÉRICAINES SUR L'IMMIGRATION,136,193
4604241,DIV.846,Le Japon et les puissances anglo-saxonnes,73,102
4604241,DIV.852,Un vapeur japonais en feu,46,79
4604241,DIV.857,L'HOMME COUPE EN MORCEAUX,191,272
4604241,DIV.863,"A ROME : LA SITUATION POLITIQUE EN ITALIE Le bruit de la démission de plusieurs ministres a couru, mais il est officiellement démenti.",328,465
4604241,DIV.881,La situation en Albanie,138,221
4604241,DIV.888,A MOSCOU : UN CONGRÈS SOVIÉTIQUE D'ORGANISATION Le sort de Trotsky fait toujours l'objet d'informations contradictoires.,466,696
4604241,DIV.910,Un commissaire de police blessé,81,132
4604241,DIV.916,L'évasion des pupilles d'Aniane,75,143
4604241,DIV.922,Fatale imprudence d'un voyageur,79,123
4604241,DIV.930,DIV.930,173,336
4604241,DIV.939,MENUS FAITS,280,496
4604241,DIV.955,DIV.955,62,110
4604241,DIV.963,SANSONNETTE par ANDRÉ REUZE,855,1326
4604241,DIV.981,LA TEMPÊTE SUR LA COTE BRETONNE,185,279
4604241,DIV.992,Publicité,216,453
4604241,DIV.1014,Publicité,17,39
4604241,DIV.1017,INFORMATIONS MARITIMES,48,138
4604241,DIV.1029,Publicité,47,121
4604241,DIV.1040,LES TRANSPORTS EN COMMUN POUR LE REVEILLON DU JOUR DE L'AN,67,112
4604241,DIV.1047,DEVIATION PAR LA GARE MONTPARNASSE DE LA LIGNE D'OMNIBUS AN,58,118
4604241,DIV.1052,Annonces,38,59
4604241,DIV.1055,Publicité,880,1784
4604241,DIV.1081,Publicité,25,86
4604241,DIV.1084,Publicité,31,86
4604241,DIV.1087,Publicité,28,77
4604241,DIV.1095,Annonces,49,102
4604241,DIV.1101,DIV.1101,12,30
4604241,DIV.1108,DIV.1108,73,136
4604241,DIV.1114,OFFRES D'EMPLOI,31,53
4604241,DIV.1119,LEÇONS,33,89
4604241,DIV.1124,LEÇONS DE DANSE,16,42
4604241,DIV.1134,HOTELS,14,43
4604241,DIV.1139,HABILLEMENT,29,74
4604241,DIV.1149,ACHATS ET VENTES,27,52
4604241,DIV.1154,LOCATIONS,47,119
4604241,DIV.1161,LOCATIONS MEUBLÉES,31,77
4604241,DIV.1167,MOBILIERS,32,81
4604241,DIV.1172,APPARTEMENTS A VENDRE,147,396
4604241,DIV.1192,VENTE ET ACHAT DE PROPRIÉTÉS,54,129
4604241,DIV.1197,MUSIQUE,65,187
4604241,DIV.1209,OCCASIONS,114,276
4604241,DIV.1220,FONDS DE COMMERCE.,19,66
4604241,DIV.1225,CHIENS,230,637
4604241,DIV.1253,CYCLES ET AUTOS,67,124
4604241,DIV.1261,RENSEIGNEMENTS,32,100
4604241,DIV.1266,DIVERS,38,98
4604241,DIV.1278,"Les PETITES ANNONCES CLASSÉES QUOTIDIENNES sont reçues : : EXCELSIOR-PUBLICITE, 11 Bd des Italiens (entrée et escalier particuliers S. N. P.) de 9 heures à 12 heures et de 14 à 18 heures. Téléphone Louvre 33-46 GUICHET DES PETITES ANNONCES CLASSEES D' « EXCELSIOR » hall du « Petit Parisien », 18, rue d'Enghien, de 9 heures à 19 heures (dimanche compris)",956,2747
4604241,DIV.1428,CHEMINS DE FER D'ALSACE ET DE LORRAINE,158,286
4604241,DIV.1438,[titre_illisible],482,739
4604241,DIV.1460,Publicité,16,46
4604241,DIV.1463,A l'Hôtel de Ville : Conseil général,226,318
4604241,DIV.1473,Prime de natalité et primes de prévoyance,133,201
4604241,DIV.1486,Annonces,23,35
4604241,DIV.1492,LE SIXIÈME TOUR DE LA COUPE DE FRANCE DE FOOTBALL,267,479
4604241,DIV.1520,DEUX TOURNOIS INTERNATIONAUX DE FOOTBALL,126,229
4604241,DIV.1531,LE MATCH DE RUGBY FRANCE-IRLANDE,279,525
4604241,DIV.1544,LE PROFESSIONNALISME EN FOOTBALL,331,485
4604241,DIV.1556,Publicité,95,209
4604241,DIV.1576,LE TOURNOI DE NOEL DE TENNIS,189,326
4604241,DIV.1590,"LE CROSS DE ""L'INTRANSIGEANT """,193,389
4604241,DIV.1600,IL N'Y AURA PAS DE SALON AUTOMOBILE EN 1925,140,219
4604241,DIV.1607,GRÈVE DU PERSONNEL DES TRAMWAYS DE LILLE-TOURCOING,57,103
4604241,DIV.1613,La publicité sourcè de revenus pour la Ville de Paris,539,633
4604241,DIV.1629,Vincennes. Résultats du 30 décembre,959,1810
4604241,DIV.1686,LES COURSES EN 1924,446,670
4604241,DIV.1698,L'ENTRAINEUR FLATMAN PERD SON PROCÈS EN APPEL CONTRE LA SOCIETE D'ENCOURAGEMENT,190,316
4604241,DIV.1710,Les palmes académiques,116,165
4604241,DIV.1720,DIV.1720,218,363
4604241,DIV.1733,DIV.1733,41,105
4604241,DIV.1737,DIV.1737,26,49
4604241,DIV.1740,DIV.1740,39,99
4604241,DIV.1751,DIV.1751,37,61
4604241,DIV.1754,DIV.1754,91,176
4604241,DIV.1761,DIV.1761,21,42
4604241,DIV.1768,DIV.1768,20,36
4604241,DIV.1771,DIV.1771,14,43
4604241,DIV.1776,DIV.1776,16,38
4604241,DIV.1779,DIV.1779,24,52
4604241,DIV.1782,DIV.1782,20,39
4604241,DIV.1788,DIV.1788,26,39
4604241,DIV.1791,DIV.1791,70,154
4604241,DIV.1798,DIV.1798,59,146
4604241,DIV.1803,DIV.1803,21,59
4604241,DIV.1809,DIV.1809,15,57
4604241,DIV.1817,DIV.1817,30,77
4604241,DIV.1825,DIV.1825,33,83
4604241,DIV.1832,DIV.1832,85,172
4604241,DIV.1844,En matinée :,175,396
4604241,DIV.1849,En soirée :,698,1795
4604241,DIV.1897,LA RÉPRESSION DE LA HAUSSE ILLICITE,187,300
4604241,DIV.1905,INCULPE DU MEURTRE DE SA FILLE SALVAT A ÉTÉ ACQUITTÉ,213,343
4604241,DIV.1915,Un Algérien meurtrier,90,156
4604241,DIV.1925,DIV.1925,46,102
4604241,DIV.1929,DIV.1929,33,73
4604241,DIV.1932,DIV.1932,20,45
4604241,DIV.1935,DIV.1935,22,68
4604241,DIV.1938,DIV.1938,37,88
4604241,DIV.1941,DIV.1941,24,57
4604241,DIV.1944,DIV.1944,52,127
4604241,DIV.1949,DIV.1949,23,59
4604241,DIV.1953,DIV.1953,12,45
4604241,DIV.1956,PETIT A PETIT LES COTES DE LA VENDÉE SONT RONGÉES PAR L'OCÉAN ATLANTIQUE,101,201
4604241,DIV.1965,LES FORTS DE LA HALLE ONT FETE HIER LE CHAMPION RIGOULOT,96,153
4604241,DIV.1974,LES TRAVAUX DU NOUVEAU MUSÉE DE LA LÉGION D'HORREUR SONT TERMINÉS,141,256
4604241,DIV.1984,DEVANT LES ASSISES DE LA SEINE,46,80
4604241,DIV.1993,LE SERMENT DES ÉLÈVES DE L'ÉCOLE D'AÉRONAUTIQUE DE BUCAREST,85,166
4604241,DIV.2001,UNE FETE A L'HOSPICE DES ENFANTS ASSISTES,64,128
4604241,DIV.2010,LA REINE D'ESPAGNE VISITE UN SANATORIUM,56,94
4604241,DIV.2019,LA TOURNÉE TRIOMPHALE DE L'EQUIPE DE RUGBY DES NÉO-ZÉLANDAIS QUE L'ON VERRA EN FRANCE,102,184
4606143,DIV.27,DES TROUPES AMÉRICAINES ONT DÉBARQUÉ EN FRANCE,119,195
4606143,DIV.38,LES PREMIERS CONTINGENTS AMÉRICAINS VIENNENT DE DEBARQUER EN FRANCE,1242,1811
4606143,DIV.89,Publicité,14,47
4606143,DIV.96,DIV.96,517,753
4606143,DIV.108,Mort du président de la Chambre belge,68,108
4606143,DIV.117,Un sous-marin britannique coule un vapeur allemand,54,87
4606143,DIV.122,M. SERGE BASSET TUÉ SUR LE FRONT : C'est le premier des correspondants de guerre français frappé dans l'exercice de son devoir professionnel.,851,1257
4606143,DIV.160,DIV.160,575,807
4606143,DIV.177,Le roi d'Espagne reçoit un leader républicain,145,207
4606143,DIV.189,Oui... quelques taxis ont roulé hier soir : Mais ce troisième bidon ?,318,461
4606143,DIV.199,Le Comité secret,104,155
4606143,DIV.206,Au Sénat,38,56
4606143,DIV.212,Pour les Éprouvés de la Guerre,464,1112
4606143,DIV.224,Annonces,39,63
4606143,DIV.231,Les manifestants ont mis Budapest en un triste état,224,318
4606143,DIV.244,"Comment, dès 1902, l'Allemagne intriguait contre les Etats-Unis",160,247
4606143,DIV.254,Après Tuan-Tchoi-Jui voici Li-King-Si,43,78
4606143,DIV.260,La Renaissance de la Grèce : M. Venizelos remet de l'ordre dans la diplomatie hellénique,501,808
4606143,DIV.291,« A la manière de Guillaume II » par M. Lloyd George,343,494
4606143,DIV.305,Front français,316,748
4606143,DIV.321,Front britannique,236,622
4606143,DIV.331,Front belge,48,68
4606143,DIV.336,Front italien,176,283
4606143,DIV.347,Front de Macédoine,27,47
4606143,DIV.353,Ce que l'on dit à l'étranger : UNE OPINION ALLEMANDE SUR LE NOUVEAU CABINET HONGROIS La Gazette de Francfort :,320,445
4606143,DIV.367,""" L'Hymalaya "" coulé dans la Méditerranée",127,202
4606143,DIV.379,Les événements de Grèce,12,17
4606143,DIV.388,Publicité,28,60
4606143,DIV.394,Bons de la Défense nationale,185,397
4606143,DIV.410,Annonces,27,36
4606143,DIV.416,CORPS DIPLOMATIQUE,62,95
4606143,DIV.422,CERCLES,30,48
4606143,DIV.427,• NAISSANCES,19,31
4606143,DIV.432,MARIAGES,172,293
4606143,DIV.445,DEUILS,347,584
4606143,DIV.460,BIENFAISANCE,89,146
4606143,DIV.466,Annonces,42,87
4606143,DIV.469,Annonces,44,57
4606143,DIV.475,DIV.475,1424,2216
4606143,DIV.537,LE PONT DES ARTS,267,405
4606143,DIV.546,JALOUSIE par Albert Guillaume,35,49
4606143,DIV.557,Histoires héroïques de mon ami Jean PAR* ABEL HERMANT,1651,2320
4606143,DIV.595,Voleuse volée,117,181
4606143,DIV.601,Publicité,19,59
4606143,DIV.612,AU CONSERVATOIRE : CONCOURS DE CHANT,488,786
4606143,DIV.624,DIV.624,130,226
4606143,DIV.632,DIV.632,303,747
4606143,DIV.663,SAMEDI 23 JUIN,94,160
4606143,DIV.669,DIMANCHE 24 JUIN,57,112
4606143,DIV.676,LUNDI 25 JUIN,61,126
4606143,DIV.683,MARDI 26 JUIN,64,117
4606143,DIV.691,MERCREDI 27 JUIN,101,180
4606143,DIV.699,JEUDI 28 JUIN,50,98
4606143,DIV.706,VENDREDI 29 JUIN,68,120
4606143,DIV.712,« On demande de jolies femmes »,268,402
4606143,DIV.724,Le repos hebdomadaire aux Halles centrales,81,115
4606143,DIV.733,DIV.733,54,114
4606143,DIV.736,DIV.736,43,91
4606143,DIV.740,DIV.740,18,37
4606143,DIV.743,DIV.743,20,34
4606143,DIV.746,DIV.746,77,126
4606143,DIV.753,DIV.753,25,45
4606143,DIV.756,DIV.756,15,30
4606143,DIV.762,DIV.762,1273,1643
4606143,DIV.784,DIV.784,38,114
4606143,DIV.788,Annonces,121,300
4606143,DIV.802,Annonces,24,55
4606143,DIV.805,Publicité,42,104
4606143,DIV.815,Publicité,49,146
4606143,DIV.818,Publicité,27,61
4606143,DIV.822,Publicité,14,50
4606143,DIV.825,Publicité,74,176
4606143,DIV.833,Publicité,44,88
4606143,DIV.836,Publicité,11,38
4606143,DIV.839,Publicité,39,106
4606143,DIV.843,Publicité,57,126
4606143,DIV.850,Publicité,38,87
4606143,DIV.854,Publicité,45,110
4606143,DIV.861,Publicité,106,284
4606143,DIV.876,Publicité,19,50
4606143,DIV.880,Publicité,11,31
4606143,DIV.890,DIV.890,11,34
4606143,DIV.898,DIV.898,13,43
4606143,DIV.905,LE GÉNÉRAL PERSHING A REÇU LES TROUPES AMÉRICAINES,118,225
4606143,DIV.917,Publicité,137,232
4606143,DIV.926,Publicité,186,338
4606143,DIV.944,Publicité,22,67
4606143,DIV.949,Publicité,40,107
4606143,DIV.962,Publicité,53,136
4606143,DIV.971,Publicité,247,447
4609982,DIV.42,Celui-ci n'a été voté à la commission des Finances que par 20 voix contre 15 les 5 communistes s'étant abstenus,439,706
4609982,DIV.68,"LE "" PLAN D'ENSEMBLE "" pour la réalisation duquel le gouvernement a demandé les pleins pouvoirs",62,124
4609982,DIV.81,LA DÉCLARATION MINISTÉRIELLE,423,592
4609982,DIV.103,DIV.103,20,32
4609982,DIV.111,INCIDENT AU SENAT : Ce n'est pas M. Blum mais M. Albert Sarraut qui a lu la déclaration ministérielle,185,299
4609982,DIV.122,DIV.122,46,104
4609982,DIV.130,AU COMITÉ de non-intervention graves objections de Rome et Berlin au projet de contrôle anglo-français sur les côtes d'Espagne de notre correspondant particulier,43,76
4609982,DIV.138,GRAVE SABOTAGE AUX USINES DE LA BETHLEEM STEEL : Les conduites d'eau détruites à la dynamite,189,319
4609982,DIV.149,Meurtrier par amour fraternel José Brovermann a comparu hier devant les jurés de la Seine,28,51
4609982,DIV.157,"Les 95 coureurs du TOUR "" s'envolent "" A 9 h. 30, ils quittent le Vésinet pour le premier but : LILLE : LES CHEFS DE FILE : G. Speicher, Paul Chocque, Archambaud : Français. Sylvère Maës et F. Vervaecke : Belges. Martano et Bartali : Italiens.",60,127
4609982,DIV.166,DIV.166,66,186
4609982,DIV.176,Fugue de lionceau,206,313
4609982,DIV.185,Les hommes préfèrent...,27,44
4609982,DIV.190,"Vendredi prochain, 2 juillet, 15 h. 30",30,63
4609982,DIV.195,Rue Saint-Honoré,30,55
4609982,DIV.200,"Louise Boulanger, 6, r. Royale",35,68
4609982,DIV.205,Freddy,17,43
4609982,DIV.210,Jérôme,19,47
4609982,DIV.216,A l'occasion de son succès,57,116
4609982,DIV.222,Inauguration à Y Exposition,104,147
4609982,DIV.229,Il u a chemises et chemises...,34,63
4609982,DIV.234,Préface au TOUT,145,237
4609982,DIV.243,LA CURIOSITE,186,362
4609982,DIV.251,HOTEL DROUOT,123,253
4609982,DIV.259,PONT DES ARTS,273,448
4609982,DIV.272,SAMEDI 3 JUILLET FÊTE DE NUIT DE LONGCHAMP,160,243
4609982,DIV.280,NOS PROBLÈMES DE MOTS CROISÉS,221,467
4609982,DIV.312,"DANS "" L'ANTICHAMBRE DU BAGNE "" (1) : ORGANISATION DE LA RÉPRESSION AU LENDEMAIN DE LA FIN DE CAYENNE POUR LES FORÇATS : La Maison Centrale, la peine sous les verrous et sans aucun espoir d'évasion POUR LES RELÉGUÉS : La prison-atelier, plus dure que la "" liberté surveillée "" mais avec espoir de grâce C'EST CE QUE DÉCLARE M. ANDRIEU Enquête de M. GABRIEL REUILLARD",1152,1797
4609982,DIV.373,DIV.373,85,148
4609982,DIV.390,DIV.390,16,34
4609982,DIV.393,DIV.393,20,50
4609982,DIV.396,DIV.396,42,82
4609982,DIV.399,DIV.399,41,83
4609982,DIV.402,L'ÉLYSÉE,109,163
4609982,DIV.409,CORPS DIPLOMATIQUE,43,79
4609982,DIV.414,CERCLES,130,252
4609982,DIV.421,RECEPTIONS,41,59
4609982,DIV.426,FIANÇAILLES,92,154
4609982,DIV.432,MARIAGES,457,772
4609982,DIV.461,DEUILS,223,407
4609982,DIV.473,"LA "" BONNE VOLONTE FRANCO-AMÉRICAINE """,178,283
4609982,DIV.488,LA FLAMME DU SOUVENIR,18,31
4609982,DIV.498,EXPOSITIONS,167,319
4609982,DIV.514,"REUNIONS, FETES ET CONFERENCES",131,245
4609982,DIV.525,BANQUETS,39,75
4609982,DIV.531,CONCERTS PUBLICS,46,91
4609982,DIV.550,DIV.550,325,474
4609982,DIV.559,LA SEANCE DE L'APRES-MIDI AU PALAIS-BOURBON,381,559
4609982,DIV.581,LE PROJET DE LOI SUR LES PLEINS POUVOIRS,337,491
4609982,DIV.597,DANS LES GROUPES AU PALAIS-BOURBON,287,391
4609982,DIV.614,L'ADOPTION DU PROJET DU GOUVERNEMENT PAR LA COMMISSION DES FINANCES,996,1450
4609982,DIV.646,LA SEANCE DE NUIT AU PALAIS-BOURBON,1016,1424
4609982,DIV.704,"LA LECTURE, AU SENAT, DE LA DECLARATION MINISTÉRIELLE",343,522
4609982,DIV.716,LA FERMETURE DE LA BOURSE HIER,304,411
4609982,DIV.735,POURPARLERS FRANCO-ANGLAIS 1 POUR LE MAINTIEN DE L'ACCORD TRIPARTITE,92,150
4609982,DIV.742,UN CENTENAIRE,44,70
4609982,DIV.750,L'ALLEMAGNE ET L'ITALIE CONTRE LE CONTROLE FRANCO-ANGLAIS EN ESPAGNE,303,448
4609982,DIV.762,"LES OPÉRATIONS MILITAIRES : Occupation de Valmaseda par les nationaux ,",65,117
4609982,DIV.769,Information parlementaire,21,31
4609982,DIV.774,Dans la banlieue parisienne un chauffeur de taxi est assassiné à son volant,211,316
4609982,DIV.785,Publicité,83,165
4609982,DIV.799,UNE AUTO RENVERSE DEUX ENFANTS,49,86
4609982,DIV.804,APRÈS VOS EXAMENS APPRENEZ LA STÉNOTYPIE GRANDJEAN,59,127
4609982,DIV.809,LA VISITE DU PRÉSIDENT DE LA RÉPUBLIQUE A ANGERS,46,84
4609982,DIV.814,Une trousse de pharmacie pour le Voyage,59,90
4609982,DIV.819,VOUS QUI MANQUEZ... DE CARACTÈRE,97,140
4609982,DIV.824,Publicité,75,194
4609982,DIV.836,Publicité,452,519
4609982,DIV.845,Publicité,28,57
4609982,DIV.853,DIV.853,752,1223
4609982,DIV.885,LE MAILLOT QUI AFFIRME LA LIGNE JUVENILE,57,104
4609982,DIV.893,MEMENTO,88,170
4609982,DIV.906,Publicité,28,74
4609982,DIV.914,PETITS CONSEILS,25,43
4609982,DIV.923,Publicité,85,160
4609982,DIV.930,Publicité,144,220
4609982,DIV.940,Publicité,20,53
4609982,DIV.944,Publicité,38,86
4609982,DIV.948,Publicité,43,100
4609982,DIV.951,Publicité,60,110
4609982,DIV.955,Publicité,51,92
4609982,DIV.959,Publicité,65,144
4609982,DIV.972,CHEMIN DE FER DU NORD,110,149
4609982,DIV.978,Publicité,248,402
4609982,DIV.988,Publicité,30,62
4609982,DIV.991,Publicité,37,86
4609982,DIV.997,Publicité,46,93
4609982,DIV.1001,Publicité,48,108
4609982,DIV.1007,Publicité,20,57
4609982,DIV.1014,LE GÉNÉRAL MITTELHAUSER EST PROMU GRAND-CROIX DE LA LÉGION D'HONNEUR : Les généraux Vuillemin et Aubé entrent au conseil supérieur de l'air,100,173
4609982,DIV.1026,LA SITUATION EXÉTRIEURE,24,38
4609982,DIV.1031,LA RATIFICATION DU TRAITÉ DE COMMERCE FRANCO-TURC,40,63
4609982,DIV.1036,Publicité,37,89
4609982,DIV.1043,Le Dr N.-G. PAYOT au service de la beauté : CELLES QUI DOIVENT EMPLOYER LES FONDS DE TEINT,541,827
4609982,DIV.1067,Aujourd'hui 1re étape Paris-Lille : 258 kilomètres FAISONS CONFIANCE A NOTRE ÉQUIPE par RAYMOND HUTTIER,546,818
4609982,DIV.1086,95 COUREURS A L'ASSAUT DE LA GLOIRE,304,946
4609982,DIV.1103,"AUJOURD'HUI, 1re ÉTAPE : PARIS-LILLE",210,233
4609982,DIV.1112,LE COUREUR BUTTAFOCHI EST MORT HIER,87,141
4609982,DIV.1117,NOUVELLES DE L'AVIATION,34,68
4609982,DIV.1122,CONCOURS TOUR DE FRANCE 1937,696,983
4609982,DIV.1159,LE TOURNOI DE TENNIS DE WIMBLEDON : Pétra-Boussus battus Mais Mme Mathieu triomphe,430,909
4609982,DIV.1176,PETITES NOUVLLES,32,57
4609982,DIV.1181,Pour venger la mort de son frère un jeune homme avait assassiné le médecin qui avait soigné le malade : Il a comparu hier devant les assises de la Seine.,518,804
4609982,DIV.1198,Collision entre une automobile et un autocar : Deux tués. deux blessés graves,70,128
4609982,DIV.1205,Crue de la Garonne,61,97
4609982,DIV.1211,Publicité,11,23
4609982,DIV.1218,Publicité,523,634
4609982,DIV.1235,Publicité,39,63
4609982,DIV.1240,M. PAUL ELBEL DEVIENT PRÉSIDENT DU GROUPE RADICAL SOCIALISTE,79,136
4609982,DIV.1255,DIV.1255,31,61
4609982,DIV.1258,DIV.1258,21,36
4609982,DIV.1263,DIV.1263,12,28
4609982,DIV.1268,DIV.1268,19,46
4609982,DIV.1271,DIV.1271,19,44
4609982,DIV.1275,FILLE DE CAMARGUE 1 Grand roman d'amour et de mystère PAR C.-A. GONNET : PREMIÈRE PARTIE,1190,1861
4609982,DIV.1325,DIV.1325,129,223
4609982,DIV.1338,DIV.1338,176,414
4609982,DIV.1353,HIER INAUGURATION DU PAVILLON DU TOURISME,522,843
4609982,DIV.1375,Les hôteliers préparent le lock-out du 3 juillet,377,542
4609982,DIV.1398,COURSES DE LEVRIERS Réunion du mardi 29 juin 1937 : CYNODROME DE COURBEVOIE,465,1006
4609982,DIV.1419,LA LOI DE LA PEGRE par JACQUES CÉZEMBRE,1274,1810
4609982,DIV.1455,Trois fillettes assassinées aux États-Unis ARRESTATION DE L'AUTEUR PRÉSUMÉ (De notre correspondant particulier),201,337
4609982,DIV.1466,"VERS L'IDENTIFICATION DE "" MINOS, EAQUE ET RHADAMANTE """,80,136
4609982,DIV.1472,UN DÉSODORISANT NOUVEAU... EFFICACE MAIS INOFFENSIF,92,163
4609982,DIV.1479,Publicité,86,185
4609982,DIV.1494,CONDAMNATION A MORT DE LESLIE STONE MEURTRIER DE RUBY KEEN,114,178
4609982,DIV.1500,LE TOURNOI INTERNATIONAL D'ÉCHECS DE KEMERY,155,252
4609982,DIV.1509,Publicité,278,510
4609982,DIV.1529,LES PREMIERES : THEATRE DE L'OPERA. — « Alexandre le Grand ». ballet de M. Serge Lifar. Musique de M. Philippe Gauhert.,433,679
4609982,DIV.1539,LES CONCOURS DU CONSERVATOIRE,218,354
4609982,DIV.1554,POURQUOI M. EDOUARD BOURDET N'A PAS SIÉGÉ DANS LE JURY,240,367
4609982,DIV.1564,Les concurrents d'aujourd'hui,285,603
4609982,DIV.1571,""" DEUX HEURES A L'ŒUVRE """,280,428
4609982,DIV.1581,Ce soir,47,88
4609982,DIV.1586,DIV.1586,271,505
4609982,DIV.1601,DIV.1601,48,78
4609982,DIV.1609,DIV.1609,61,162
4609982,DIV.1630,PETITES NOUVELLES,47,68
4609982,DIV.1638,DIV.1638,26,38
4609982,DIV.1645,DIV.1645,55,129
4609982,DIV.1657,DU STUDIO A L'ECRAN,60,86
4609982,DIV.1672,En matinée :,26,55
4609982,DIV.1677,En soirée :,755,2043
4609982,DIV.1721,Publicité,143,283
4609982,DIV.1734,LES ÉMISSIONS LES PLUS IMPORTANTES DE DEMAIN,66,142
4609982,DIV.1744,LES PRINCIPALES ÈMISSIONS DE LA JOURNÉE,656,1396
4609982,DIV.1799,MAISONS-LAFFITTE : Résultats du mardi 29 juin,2119,2837
4609982,DIV.1870,"LE TREMBLAY : AUJOURD'HUI, A 14 HEURES NOS PREVISIONS",76,225
4609982,DIV.1881,Publicité,660,1135
4609982,DIV.1899,Annonces,21,38
4609982,DIV.1902,HALLES CENTRALES DE PARIS,708,1530
4609982,DIV.1919,MARCHE AUX BESTIAUX DE LA VILLETTE,40,98
4609982,DIV.1924,Publicité,46,109
4609982,DIV.1935,DIV.1935,10,33
4609982,DIV.1939,LE DIEU NOIR 49 Roman de mystère et d'exotisme PAR JOHN G. BRANDON,1139,1675
4609982,DIV.1989,HIER INAUGURATION DU PALAIS DU TOURISME,63,105
4609982,DIV.1997,""" Honoris causa """,45,59
4609982,DIV.2005,FUGUE DE LIONCEAU,45,81
4609982,DIV.2013,LE ROI CAROL DE ROUMANIE ET LE PRINCE MICHEL A VARSOVIE,72,113
4609982,DIV.2023,Avant la grande aventure cycliste,38,65
4609982,DIV.2031,CE CONDUCTEUR DE CAMION A GAGNE 500 FRANCS,84,189
4609982,DIV.2043,Destinée...,30,57
4609982,DIV.2051,LES FUNÉRAILLES DE L'AMIRAL FISHER A PORTSMOUTH,91,247
4609982,DIV.2059,Publicité,21,48
4610674,DIV.41,"Parlant de la "" Conférence impériale "" M. Louis Rollin ministre des Colonies, nous dit : "" La machine est en place, elle fonctionnera, elle produira. """,963,1367
4610674,DIV.85,Aux portes de l'Élysée,27,43
4610674,DIV.93,FIANÇAILLES PRINCIÈRES,22,42
4610674,DIV.101,"Les pourparlers franco-italiens n'ont pas encore donné de résultat définitif : Il n'est pas impossible que, faute de temps avant la session du conseil de la S. D. N. qui se réunit à Genève, le 10 janvier, le voyage à Rome de M. Pierre Laval fût quelque peu retardé.",351,508
4610674,DIV.113,APRÈS LES TROUBLES D'ESPAGNE : La libération de M. Azana ancien président du Conseil espagnol,68,105
4610674,DIV.122,"LE MONTAGE DE L 'HYDRAVION "" LIEUTENANT=DE=VAISSEAU=PARIS """,60,112
4610674,DIV.130,UNE VIOLENTE BATAILLE SERAIT EN COURS ENTRE ITALIENS ET ABYSSINS,71,128
4610674,DIV.136,La Maison Royale d'Italie achète à Marseille un portrait de S. M. Maria-Pia,109,186
4610674,DIV.143,"Le mariage du "" lord chief justice "" britannique",57,90
4610674,DIV.151,LE MONUMENT D'ALBERT Ier ROI DES BELGES SERA ÉRIGE COURS-LA-REINE : BRILLANT SUCCES LE SOUSCRIPTION. DE LA,177,287
4610674,DIV.160,LE COMMERCE PARISIEN FINIT L'ANNÉE 1934 SUR UNE IMPRESSION OPTIMISTE,363,509
4610674,DIV.171,RÉUNION TROUBLÉE DANS LA SARRE,126,216
4610674,DIV.177,EN MARGE DE L'AFFAIRE STAVISKY : On découvre que Poulner est à la tête d'une bande vivant du trafic de titres maquillés Des mandats d'arrêt sont décernés contre lui et contre trois de ses complices dont deux — Pélissier et Popp — ont été écroués dès hier,1270,1983
4610674,DIV.230,demain :,18,51
4610674,DIV.238,M. Mussolini n'a pas oublié les enfants du chancelier Dollfuss,52,80
4610674,DIV.249,LES DÉCIVILISÉS,1351,2103
4610674,DIV.283,LA FLAMME DU SOUVENIR,14,38
4610674,DIV.288,EXPOSITIONS,137,245
4610674,DIV.298,INFORMATIONS RELIGIEUSES,40,82
4610674,DIV.303,BIENFAISANCE,44,81
4610674,DIV.309,BALS,14,25
4610674,DIV.314,T. S. F.,16,27
4610674,DIV.319,"UNE JEUNE FRANÇAISE FAIT EN ITALIE, UNE CHUTE MORTELLE DE CHEVAL",40,82
4610674,DIV.324,Annonces,38,64
4610674,DIV.329,L'ACTIVITÉ DU SERVICE DES RÉCLAMATIONS AUX P. T. T.,176,281
4610674,DIV.342,Mlle Paris sur la Côte d'Azur,99,136
4610674,DIV.348,Des braconniers belges tuent un garde-chasse,55,100
4610674,DIV.354,Jeudi auront lieu à Scheveningen les obsèques de M. Adatci,82,142
4610674,DIV.362,NOS PROBLEMES DE MOTS CROISÉS,335,643
4610674,DIV.376,"CHAQUE JOUR, AU RÉVEIL : QUELQUES GRAINS D'OPTIMISME",116,261
4610674,DIV.389,DIV.389,730,1124
4610674,DIV.413,PAUL REBOUX : GERARD CHEZ LES PHOQUES Livre d'étrennes,327,603
4610674,DIV.442,PONT DES ARTS,260,424
4610674,DIV.455,LA FÉERIE FLORALE CHEZ ANDRÉ BAUMANN,170,375
4610674,DIV.475,DIV.475,40,75
4610674,DIV.478,LES COURS,24,36
4610674,DIV.483,MONDE OFFICIEL,93,140
4610674,DIV.488,CORPS DIPLOMATIQUE,106,183
4610674,DIV.494,INFORMATIONS,234,400
4610674,DIV.503,CERCLES,252,384
4610674,DIV.511,VÉNERIE,137,265
4610674,DIV.518,RÉCEPTIONS,80,128
4610674,DIV.524,NAISSANCES,23,37
4610674,DIV.529,FIANÇAILLES,66,105
4610674,DIV.538,MARIAGES,20,39
4610674,DIV.543,DEUILS,238,420
4610674,DIV.558,Publicité,16,34
4610674,DIV.561,Publicité,10,23
4610674,DIV.564,Publicité,45,85
4610674,DIV.570,Une jeune Américaine a été arrêtée à la frontière sarroise,200,284
4610674,DIV.578,Le cardinal Bourne est gravement malade,56,76
4610674,DIV.583,A Thonon-les-Bains M. Jacquier parle du régime parlementaire,226,325
4610674,DIV.591,"On a célébré neuf mille mariages le 26 décembre, en Pologne",43,64
4610674,DIV.596,POUR LA BEAUTÉ DE PARIS : Des concours sont organisés à cet effet.,139,205
4610674,DIV.610,M. Herriot préside l'inauguration des bâtiments d'une coopérative de construction,131,216
4610674,DIV.617,Publicité,14,39
4610674,DIV.622,Un cultivateur tue sa femme,83,123
4610674,DIV.628,Publicité,262,567
4610674,DIV.645,LE PÈLERINAGE DES ANCIENS SOLDATS DE L'ARMÉE D'ORIENT EN YOUGOSLAVIE par notre correspondant particulier,499,739
4610674,DIV.663,L'attentat de Marseille,37,74
4610674,DIV.668,M. Ouzounovitch va quitter la présidence du parti national yougoslave,113,169
4610674,DIV.674,"Au Maroc, un matador est blessé",47,77
4610674,DIV.682,DIV.682,419,581
4610674,DIV.694,LES ENTRETIENS DIPLOMATIQUES DE M. DE CHAMBRUN A ROME,184,274
4610674,DIV.702,LES VIOLENCES ANTIRELIGIEUSES AU MEXIQUE : Cinq catholiques sont tués,171,274
4610674,DIV.711,Une église profanée en Autriche,95,149
4610674,DIV.716,Les évêques catholiques allemands ordonnent des prières pour le jour du plébiscite de la Sarre,297,452
4610674,DIV.730,Le Reich redoute la concurrence française en Russie,73,100
4610674,DIV.735,UNE PENICHE CHAVIRE AU PORTUGAL : Il y aurait une douzaine de disparus.,81,124
4610674,DIV.743,Une auto capote une jeune fille est tuée,130,211
4610674,DIV.749,ET POUR BIEN COMMENCER L'ANNÉE,72,134
4610674,DIV.755,ZINOVIEV ET KAMENEV EN ROUTE POUR L'EXIL,114,189
4610674,DIV.764,DIV.764,51,79
4610674,DIV.768,DIV.768,36,54
4610674,DIV.771,DIV.771,49,65
4610674,DIV.774,DIV.774,29,44
4610674,DIV.777,DIV.777,30,56
4610674,DIV.780,DIV.780,35,69
4610674,DIV.783,DIV.783,46,85
4610674,DIV.787,LA SITUATION POLITIQUE AUX ÉTATS-UNIS A L'AUBE DE L'ANNÉE 1935,602,870
4610674,DIV.804,LA CIRCULATION ET L'HIVER,59,102
4610674,DIV.809,Nouvelles défections dans l'Église officielle du Reich,151,230
4610674,DIV.816,Le travail reprend dans les mines asturiennes,70,98
4610674,DIV.822,L'explorateur Sven Hedin en Chine,64,105
4610674,DIV.827,Publicité,20,41
4610674,DIV.833,LA SÛRETÉ NATIONALE ARRÊTE UN ESCROC QUI A FAIT DANS L'ORNE DE NOMBREUSES DUPES,430,741
4610674,DIV.845,Publicité,16,27
4610674,DIV.851,L'empereur du Japon est légèrement souffrant,69,98
4610674,DIV.856,Le Noël des enfants pauvres a Vienne,96,149
4610674,DIV.861,A la recherche d'un avion américain,71,111
4610674,DIV.867,Publicité,122,233
4610674,DIV.886,LE FOOTBALL A SAINT-OUEN,67,118
4610674,DIV.901,Poids et haltères,24,41
4610674,DIV.909,Victoire de nos hockeyeurs en Allemagne,40,54
4610674,DIV.917,Dans les coulisses du Vél' d'Hiv',32,59
4610674,DIV.926,Nouveau succès des rugbymen bayonnais,52,151
4610674,DIV.934,Victoire belge à Montreuil,36,65
4610674,DIV.942,Le tournoi de Noël de tennis au Sporting,54,109
4610674,DIV.956,TENNIS : L'heure a sonné pour les professionnels,578,830
4610674,DIV.971,QUATRE FINALES SERONT DISPUTÉES AUJOURD'HUI AU SPORTING,261,514
4610674,DIV.991,LE CHAMPION BELGE VICTOR HONOREZ A GAGNE LE CROSS DE LA BOISSIÈRE,517,939
4610674,DIV.1018,"Le style bayonnais toujours triomphant : Hier à Jean-Bouin, l'Aviron Bayonnais, pourtant incomplet, a largement battu le Stade par 25 à 3.",655,994
4610674,DIV.1044,RÉSULTATS ET CLASSEMENTS,1524,1772
4610674,DIV.1063,UNE FÊTE POUR LES SPORTIFS,134,203
4610674,DIV.1069,LES HALTÉROPHILES DE FRANCE ONT BATTU CEUX D'AUTRICHE,484,890
4610674,DIV.1105,LE CHAMPION DE SKI ZOGG GRIEVEMENT BLESSE,53,93
4610674,DIV.1111,POUR LE CHAMPIONNAT DU MONDE DE HOCKEY SUR GLACE,81,145
4610674,DIV.1118,"VIEZ, CHAMPION DE BOXE DES POIDS LEGERS",62,93
4610674,DIV.1123,PEUZIAT REMPORTE LE CROSS CYCLO-PEDESTRE DE CLAYES,40,93
4610674,DIV.1130,CHAMPIONNAT DE PARIS DE BALLE AU PANIER,74,124
4610674,DIV.1140,DIV.1140,17,51
4610674,DIV.1146,"Sochaux, vainqueur de Cannes, reprend seul le commandement, Strasbourg n'ayant pu réussir qu'un match nul contre l'Excelsior. Nouvelle victoire des Sétois. En deuxième division Metz rejoint Lens.",837,1271
4610674,DIV.1169,RÉSULTATS ET CLASSEMENTS,1063,1635
4610674,DIV.1190,BOXE : PETIT-BIQUET RESTE CHAMPION D'EUROPE DE BOXE,57,105
4610674,DIV.1196,CYCLISME : LES FRANÇAIS ONT TRIOMPHÉ HIER DES CHAMPIONS ITALIENS,259,444
4610674,DIV.1210,SPORTS D'HIVER : TEMPÉRATURE ET HAUTEUR DE NEIGE DES STATIONS HIVERNALES,816,1010
4610674,DIV.1228,Publicité,12,24
4610674,DIV.1234,LE DRAME DE CHALONS-SUR-MARNE SERAIT DU A LA NEURASTHÉNIE,117,200
4610674,DIV.1240,QUATRE CAMBRIOLEURS SOUS LES VERROUS,81,174
4610674,DIV.1245,DANS UN PATRONAGE UN INCENDIE FAIT UN MORT ET CINQ BLESSES,89,149
4610674,DIV.1250,"JULIETTE CALVET, QUI TUA SON AMI A COUPS DE HACHE, A AUSSI EMPOISONNE SA FILLETTE",109,205
4610674,DIV.1256,LA JAMBE BROYEE PAR UN TRAIN UNE FEMME SE FAIT UNE LIGATURE EN ATTENDANT DU SECOURS,90,151
4610674,DIV.1263,UN ENFANT TUE SON JEUNE FRERE EN JOUANT AVEC UNE CARABINE,42,83
4610674,DIV.1268,DOUBLE ASPHYXIE PAR LE GAZ,54,96
4610674,DIV.1274,L'ASSASSIN LE BON A DILAPIDE OU CACHE L'ARGENT POUR LEQUEL IL TUA UNE FERMIERE PRES DE GAND,128,235
4610674,DIV.1281,INFORMATIONS RÉSUMÉES,38,66
4610674,DIV.1289,LES CONCERTS : A la mémoire de Charles Lamoureux,960,1438
4610674,DIV.1307,LA LIQUIDATION JUDICIAIRE CITROEN,162,259
4610674,DIV.1316,Le renouvellement des cartes d'étrangers,36,59
4610674,DIV.1321,Publicité,36,66
4610674,DIV.1330,"VIOLETTE NOZIÈRES, A QUITTÉ LA PETITE-ROQUETTE",134,208
4610674,DIV.1338,Le crime du Palace,71,103
4610674,DIV.1344,LA FOUDRE ABAT UN CHÊNE DE 500 ANS,101,167
4610674,DIV.1352,LE THÉATRE DE L'ONCLE SÉBASTIEN,134,221
4610674,DIV.1363,DIV.1363,61,120
4610674,DIV.1366,DIV.1366,61,133
4610674,DIV.1369,DIV.1369,333,613
4610674,DIV.1380,PETITES NOUVELLES,56,96
4610674,DIV.1390,DIV.1390,25,51
4610674,DIV.1397,DIV.1397,13,49
4610674,DIV.1405,DIV.1405,62,97
4610674,DIV.1409,DIV.1409,26,38
4610674,DIV.1415,DIV.1415,47,72
4610674,DIV.1421,LES PREMIÈRES : LUNE-ROUSSE. — « La Revue loufoque ». de M. Pierre Dac.,219,342
4610674,DIV.1431,DIV.1431,32,72
4610674,DIV.1438,DIV.1438,23,59
4610674,DIV.1442,DIV.1442,12,27
4610674,DIV.1445,DIV.1445,33,93
4610674,DIV.1455,DIV.1455,36,82
4610674,DIV.1462,"LA PRÉSENTATION DU ""FILS PRODIGUE """,207,299
4610674,DIV.1472,DIV.1472,64,103
4610674,DIV.1478,DIV.1478,212,328
4610674,DIV.1490,DIV.1490,23,61
4610674,DIV.1496,DIV.1496,38,127
4610674,DIV.1504,DIV.1504,77,120
4610674,DIV.1515,DIV.1515,22,64
4610674,DIV.1527,En matinée :,105,262
4610674,DIV.1534,En soirée :,743,2037
4610674,DIV.1560,Publicité,105,158
4610674,DIV.1569,Publicité,25,61
4610674,DIV.1572,TERRITOIRE INTERDIT : Drames et mystères de l'U. R. S. S. 5 par DENNIS WHEATLEY,1470,2172
4610674,DIV.1644,Publicité,254,302
4610674,DIV.1655,Publicité,21,51
4610674,DIV.1660,Publicité,152,253
4610674,DIV.1665,LE TIRAGE DE LA LOTERIE MAROCAINE,115,272
4610674,DIV.1673,Pour la béatification d'un prêtre vendéen,72,122
4610674,DIV.1678,LES ÉTRENNES DU POUPON,45,78
4610674,DIV.1683,Publicité,1917,4945
4610674,DIV.1721,VINCENNES : Victoire d'Idalie B dans le Prix Marcel-Lau rent,114,179
4610674,DIV.1729,Résultats du dimanche 30 décembre,1298,2206
4610674,DIV.1786,NICE : Résultats du dimanche 30 décembre,916,1264
4610674,DIV.1827,Publicité,83,154
4610674,DIV.1837,LES EMISSIONS LES PLUS IMPORTANTES DE DEMAIN,121,240
4610674,DIV.1853,LES PRINCIPALES ÉMISSIONS DE LA JOURNÉE,779,1663
4610674,DIV.1896,Publicité,63,157
4610674,DIV.1910,CHEMINS DE FER P.-L.-M. : Places de lits-salons et de couchettes à moitié prix,117,191
4610674,DIV.1918,CHEMINS DE FER DE L'ETAT,51,87
4610674,DIV.1924,GRANDS RÉSEAUX DE CHEMINS DE FER FRANÇAIS : D'importants avantages pour vos voyages circulaires.,208,337
4610674,DIV.1932,SPORTS D'HIVER,221,381
4610674,DIV.1940,CHEMINS DE FER D'ORLEANS ET DU MIDI : Sports d'hiver en Auvergne. (Hiver 1934-1935.),123,248
4610674,DIV.1949,Publicité,97,164
4610674,DIV.1963,DIV.1963,671,768
4610674,DIV.1971,BUREAUX DE PLACEMENT (8 fr.),14,42
4610674,DIV.1976,OCCASIONS (8 fr.),38,97
4610674,DIV.1981,LOCATIONS NON MEUBLEES (15 fr.),48,108
4610674,DIV.1986,CHIENS (8 fr.),37,106
4610674,DIV.1992,PIANOS (8 fr.),38,105
4610674,DIV.2000,BIJOUX (8 fr.),81,174
4610674,DIV.2007,VINS (8 fr.),15,32
4610674,DIV.2012,CONSERVES (8 fr.),17,40
4610674,DIV.2017,RESTAURANTS (8 fr.),16,39
4610674,DIV.2022,Publicité,55,114
4610674,DIV.2039,DIV.2039,11,34
4610674,DIV.2043,Trois cloches ont été bénies hier à l'église Saint-Jean de Montmartre,49,82
4610674,DIV.2051,L'ÉLARGISSEMENT DE LA ROUTE DE QUARANTE-SOUS SE POURSUIT ACTIVEMENT DEPUIS QUELQUES JOURS,70,120
4610674,DIV.2060,Inauguration d'une église à Asnières,29,51
4610674,DIV.2068,LES SPORTS D'HIVER A SAINT-MORITZ,63,118
4610674,DIV.2077,"POUR SECOURIR LES "" SANS-LOGIS """,64,107
4610674,DIV.2089,Au Bon Foyer de Belleville,36,62
4610674,DIV.2097,Les malades de l'hospice des Enfants-Assistés ont reçu hier des jouets,50,86
4610674,DIV.2105,LA FÊTE DES PETITS SAVOYARDS DE PARIS,53,97
4610674,DIV.2113,L'ARBRE DE NOEL DES MORVANDEAUX,52,93
4614704,DIV.28,A LA TRIBUNE : OU VA LA NOUVELLE MAJORITÉ ?,956,1348
4614704,DIV.52,LE TRAITÉ DE PAIX SERA PEUT-ETRE EN VIGUEUR : LE 7 JANVIER,393,567
4614704,DIV.63,UN MEMBRE DU GOUVERNEMENT N'A PAS VOTÉ L'EMPRUNT,44,87
4614704,DIV.75,Noël Berlinois,1000,1535
4614704,DIV.96,LE PAUVRE HOMME !,206,319
4614704,DIV.111,LA SEINE MONTE : LA CIRCULATION N'EST PAS TOUT A FAIT INTERROMPUE,507,849
4614704,DIV.146,LE RELÈVEMENT DES TARIFS ET LA POLITIQUE DES CHEMINS DE FER,1771,2604
4614704,DIV.186,A propos d'affreux petits Boches,631,882
4614704,DIV.212,En attendant le pipe-line,156,240
4614704,DIV.225,Carleuse transformation,52,80
4614704,DIV.234,Etrennes utiles,91,148
4614704,DIV.243,DIV.243,45,67
4614704,DIV.246,DIV.246,27,43
4614704,DIV.252,VOTE DES DOUZIÈMES ET DE L'EMPRUNT,488,752
4614704,DIV.278,LES ÉLECTIONS SÉNATORIALES,200,326
4614704,DIV.290,"DES CANONS, DES MUNITIONS : ON EN A PLUS IMPORTÉ CETTE ANNÉE QU'EN 1918",297,488
4614704,DIV.310,LES PRIVILÉGIÉS,251,402
4614704,DIV.331,Annonces,140,206
4614704,DIV.338,Annonces,28,53
4614704,DIV.341,ON PREND DES MESURES,18,33
4614704,DIV.350,LA GRANDE LEÇON DE LA GRANDE GUERRE : LES DANGERS DU NATIONALISME,1327,1814
4614704,DIV.374,La visite des régions libérées,190,261
4614704,DIV.384,LE PETIT JEU DES PORTRAITS,145,213
4614704,DIV.393,BANQUE FRANÇAISE POUR LE COMMERCE ET L'INDUSTRIE,125,242
4614704,DIV.400,LA GRÈVE A L'OPÉRA,531,829
4614704,DIV.418,DIV.418,35,52
4614704,DIV.423,BREF,50,80
4614704,DIV.429,LA SPÉCULATION SUR LES LOYERS,497,760
4614704,DIV.441,ON CHERCHE A AMÉLIORER LA CIRCULATION DANS PARIS,168,271
4614704,DIV.451,RÉUSSIR PAR LOUIS DE ROBERT : PREMIÈRE PARTIE,1269,1904
4614704,DIV.485,LE REFLET PERDU,1038,1502
4614704,DIV.509,L'ŒUVRE MÉDICALE : LA GRIPPE CHEZ LES ENFANTS,124,230
4614704,DIV.521,Publicité,25,77
4614704,DIV.528,Annonces,24,45
4614704,DIV.534,L'ARMÉE DU RHIN,106,206
4614704,DIV.544,Identification des sépultures françaises en Belgique,95,154
4614704,DIV.552,PETITE CHRONIQUE DE L'AVIATION : Ross Smith a-t-il changé d'appareil ?,236,356
4614704,DIV.563,Publicité,47,100
4614704,DIV.570,A L'HOTEL DE VILLE : Séance du Conseil municipal LE BUDGET DE 1920,343,486
4614704,DIV.582,Publicité,122,292
4614704,DIV.598,HIER : VINCENNES Résultats du Pari Mutuel,802,1100
4614704,DIV.642,"AUJOURD'HUI : A 1 heure 15, à Auteuil",1454,1852
4614704,DIV.691,Nos pronostics :,38,81
4614704,DIV.702,Le Monde en l'an 2000 par Edouard BELLAMY,1306,1983
4614704,DIV.760,DIV.760,61,84
4614704,DIV.764,DIV.764,33,82
4614704,DIV.768,DIV.768,38,91
4614704,DIV.771,DIV.771,13,34
4614704,DIV.778,DIV.778,27,45
4614704,DIV.781,DIV.781,33,80
4614704,DIV.784,DIV.784,30,46
4614704,DIV.787,DIV.787,26,67
4614704,DIV.795,DIV.795,50,98
4614704,DIV.798,DIV.798,142,254
4614704,DIV.802,DIV.802,68,129
4614704,DIV.805,DIV.805,50,71
4614704,DIV.808,DIV.808,31,62
4614704,DIV.817,DIV.817,31,67
4614704,DIV.821,DIV.821,37,82
4614704,DIV.826,DIV.826,21,38
4614704,DIV.830,Ce soir :,383,933
4614704,DIV.859,DIV.859,62,153
4614704,DIV.867,DIV.867,39,83
4614704,DIV.871,DIV.871,86,213
4614704,DIV.882,DIV.882,60,157
4614704,DIV.894,Le groupe sportif de l'Hôtel de Ville,611,954
4614704,DIV.914,Publicité,41,119
4614704,DIV.920,Publicité,487,871
4614704,DIV.944,DIV.944,16,44
4614704,DIV.948,Demandes d'emplois : 2 francs la ligne.,31,73
4614704,DIV.955,Offres d'emplois : 3 francs la ligne.,68,136
4614704,DIV.966,Fonds de commerce : 4 francs la ligne.,59,133
4614704,DIV.974,Machines : 5 francs la ligne.,13,32
4614704,DIV.980,Capitaux : 5 francs la ligne.,40,79
4614704,DIV.987,Divorces : 5 francs la ligne.,29,56
4614704,DIV.993,Publicité,93,203
4614704,DIV.1007,Publicité,40,95
4614704,DIV.1014,Publicité,21,49
4614704,DIV.1021,Publicité,27,82
4614704,DIV.1028,Publicité,233,637
4614704,DIV.1040,LA RÉPONSE A LA NOTE DE L'ENTENTE : Le Traité de Versailles entrera bientôt en vigueur,509,846
4614704,DIV.1063,La convocation de la Chambre ottomane,43,64
4614704,DIV.1071,MM. NITTl ET SCIALOJA REVENDIQUENT L'ITALIANITÉ DE FIUME ET LA SURETÉ DE L'ADRIATIQUE,1558,2242
4614704,DIV.1123,L'EXODE DES DÉSERTEURS ITALIENS,47,85
4614704,DIV.1129,La Conférence de Dorpat,71,96
4614704,DIV.1134,M. Poincaré en Flandre,58,85
4614704,DIV.1143,LES ETATS-UNIS ET LA RATIFICATION : Un projet de compromis vient d'être enfin établi,170,243
4614704,DIV.1151,L'INTERNATIONALE DES ÉTUDIANTS,108,161
4614704,DIV.1157,UN MAIRE CONDAMNÉ pour intelligences avec l'ennemi,65,109
4614704,DIV.1163,AGENDA P.-L.-M. : Publication de luxe,150,266
4614704,DIV.1174,DIV.1174,2145,5056
4614978,DIV.30,A DUSSELDORF : Une manifestation en faveur de l'autonomie rhénane provoque de graves désordres Les troupes françaises ont dû intervenir pour rétablir l'ordre,589,886
4614978,DIV.54,DIV.54,10,16
4614978,DIV.58,Argenteuil a fêté hier le millénaire de son vin,497,791
4614978,DIV.83,LA VICTIME,272,391
4614978,DIV.95,Leurs remèdes,448,671
4614978,DIV.107,UN TRAIN DE VOYAGEURS tamponne un train de marchandises entre Saint-Omer et Armentières : Il y aurait trois morts,87,142
4614978,DIV.115,Le secret professionnel des journalistes,132,178
4614978,DIV.123,Ce qui vient de la flûte s'en retourne au tambour,396,590
4614978,DIV.149,LE BEAU DIMANCHE,125,176
4614978,DIV.159,LE PORTEFEUILLE,14,22
4614978,DIV.167,M. POINCARÉ AU BOIS D'AILLY : Le Président du Conseil convient que notre tâche n'est pas terminée « Le travail de de main est plus difficile que celui que nous avons accompli. »,531,746
4614978,DIV.188,LE DISCOURS DE M. POINCARÉ,883,1322
4614978,DIV.205,Une élection dans le Var,51,94
4614978,DIV.210,L' augmentation des cigares de la Havane,32,46
4614978,DIV.215,Trois anarchistes arrêtés,117,206
4614978,DIV.222,Un cadavre dans un puits,120,179
4614978,DIV.232,A la manière du calife,759,1120
4614978,DIV.272,Le Japon et le Vatican,175,244
4614978,DIV.280,Les machinistes en grève,119,184
4614978,DIV.289,Le Congrès de la Natalité,327,486
4614978,DIV.301,DIV.301,24,32
4614978,DIV.309,Les cérémonies patriotiques d'hier,1130,1685
4614978,DIV.343,M. Chéron dans son fief,190,294
4614978,DIV.351,"Les Bons du Trésor 6 0/0 à trois, six ou dix ans",255,377
4614978,DIV.358,Mort de M. Joseph Ruau,88,174
4614978,DIV.364,UN AVION CAPOTE,60,121
4614978,DIV.369,Le meurtre de l'abbé Hans,64,94
4614978,DIV.375,BREF,113,191
4614978,DIV.385,NOTRE OPINION : La Conférence impériale britannique,805,1145
4614978,DIV.410,LE CONFLIT ITALO-YOUGOSLAVE : Le problème de Fiume serait bientôt résolu,251,385
4614978,DIV.422,Que fait à Rome le général de Castelnau ?,51,75
4614978,DIV.427,2.000 communistes bulgares ont été tués,78,125
4614978,DIV.434,Un mouvement communiste en Roumanie,84,134
4614978,DIV.440,André Farago a été arrêté à Budapest,99,141
4614978,DIV.446,LA SITUATION EN ALLEMAGNE : Les difficultés de M. Stresemann,578,844
4614978,DIV.467,Le brouillard provoque des sinistres dans la Manche,230,336
4614978,DIV.478,LES INCIDENTS DE DUSSELDORF : De hauts fonctionnaires sont arrêtés,261,395
4614978,DIV.494,Publicité,158,254
4614978,DIV.505,L'OPINION ÉTRANGÈRE : L' Allemagne a perdu son équilibre moral,342,496
4614978,DIV.517,"Primo de Rivera veut "" renouveler "" le parlement espagnol",118,166
4614978,DIV.525,Les prévisions météorologiques,41,62
4614978,DIV.532,DIV.532,13,23
4614978,DIV.539,Publicité,29,62
4614978,DIV.543,Publicité,36,99
4614978,DIV.557,Publicité,65,138
4614978,DIV.563,Publicité,106,195
4614978,DIV.574,ATHLETISME : Le champion finlandais Paavo Nurmi a fait hier une magistrale exhibition CERBONNAY A BATTU LE RECORD FRANÇAIS DES 300 MÈTRES,757,1622
4614978,DIV.620,Le champion norvégien Hoff triomphe à Prague,222,355
4614978,DIV.629,Des Stades sont inaugurés,144,226
4614978,DIV.642,"BOXE : Georges Carpentier rencontrera ce soir, à l'Olympique de Londres, son adversaire Beckett",245,418
4614978,DIV.651,AUTOMOBILE : Le circuit des routes pavées,735,1588
4614978,DIV.680,Publicité,28,49
4614978,DIV.691,Le Belge Emile Masson a triomphé dans le Circuit de l'Ile-de-France,167,302
4614978,DIV.703,Grassin gagne au Parc des Princes,243,495
4614978,DIV.718,Pistes françaises,270,366
4614978,DIV.726,"Le champion du monde Moeskops a gagné le, Grand Prix de l'U. V. F.",436,823
4614978,DIV.736,FOOTBALL-RUGBY : Les ténors méridionaux commencent leur campagne,157,271
4614978,DIV.750,FOOTBALL-ASSOCIATION,336,505
4614978,DIV.769,Les avances du Trésor français aux pays de la Petite Entente,1077,1457
4614978,DIV.784,Marché de Paris,355,528
4614978,DIV.799,Les changes de la semaine,390,626
4614978,DIV.811,L'activé des ports français,111,229
4614978,DIV.817,Le coût des guerres,149,366
4614978,DIV.827,UN PEU PARTOUT,142,214
4614978,DIV.834,Publicité,300,440
4614978,DIV.845,"Hier, à Longchamp",307,449
4614978,DIV.857,Résultats du pari mutuel,939,1631
4614978,DIV.906,Partants et montes probables,2180,2900
4614978,DIV.930,Nos pronostics,40,93
4614978,DIV.938,ETUDES CHEZ SOI,70,164
4614978,DIV.945,NOTEZ CECI :,200,299
4614978,DIV.954,Publicité,44,113
4614978,DIV.964,A L'AVANT - SCÈNE,605,1027
4614978,DIV.990,DERRIÈRE L'ÉCRAN,157,321
4614978,DIV.1011,DIV.1011,103,159
4614978,DIV.1016,DIV.1016,15,29
4614978,DIV.1019,DIV.1019,55,96
4614978,DIV.1024,DIV.1024,163,504
4614978,DIV.1031,DIV.1031,38,97
4614978,DIV.1037,DIV.1037,97,229
4614978,DIV.1043,DIV.1043,132,376
4614978,DIV.1047,ATTRACTIONS,36,103
4614978,DIV.1052,FILMS,34,75
4614978,DIV.1060,DIV.1060,210,605
4614978,DIV.1077,DIV.1077,158,392
4614978,DIV.1087,DIV.1087,298,471
4614978,DIV.1099,Attention aux pickpockets,30,55
4614978,DIV.1104,Les désespérés,50,73
4614978,DIV.1109,Les cambriolages,48,85
4614978,DIV.1116,Un train déraille,46,78
4614978,DIV.1121,CONCERTS PAR T. S. F.,334,660
4614978,DIV.1135,Publicité,148,275
4614978,DIV.1147,Publicité,236,542
4614978,DIV.1168,DIV.1168,78,172
4614978,DIV.1189,DIV.1189,162,342
4614978,DIV.1203,DIV.1203,11,29
4614978,DIV.1207,Publicité,106,195
4614978,DIV.1212,Annonces,26,43
4617451,DIV.33,AU PETIT BONHEUR LA CHANCE : LOTERIE DE THÉMIS,1100,1732
4617451,DIV.55,DIV.55,30,56
4617451,DIV.68,"L'intransigeance socialiste a obligé, hier, M. Edouard Harriot à donner sa démission de maire de Lyon",568,888
4617451,DIV.97,"L'élection législative de Lyon : M. Odoux, socialiste, est élu",245,300
4617451,DIV.111,L'équipe italienne Linari-Dinale a gagné les Six Jours de Paris,160,377
4617451,DIV.127,DONT ACTE,48,80
4617451,DIV.138,Trois observations,414,584
4617451,DIV.155,L'Univers dans un jardin,111,165
4617451,DIV.164,"Dans un hôpital, un malade tire sur l'aumônier",55,92
4617451,DIV.169,Le Sénat a siégé hier et cette nuit pour discuter la loi de Finances : UN GRAND DISCOURS DE M. JOSEPH CAILLAUX,1402,2121
4617451,DIV.224,UN VIOLENT INCENDIE détruit en partie les centraux téléphoniques «Carnot» et «Wagram»,800,1277
4617451,DIV.266,"ON A INAUGURÉ HIER 19, rue Clauzel une plaque en l'honneur de Guy de Maupassant",651,998
4617451,DIV.287,"Le directeur de l' Ambigu retire de l'affiche "" L'Affaire Dreyfus """,573,824
4617451,DIV.305,L'échec de la grève des mines : La Fédération unitaire projette quand même pour aujourd'hui une « démonstration »,570,847
4617451,DIV.329,Un avion de tourisme s'abat près de Lyon : Le pilote et le passager sont tués,86,132
4617451,DIV.337,Le feu dans un cinéma,79,122
4617451,DIV.346,""" Urbi et Orbi """,762,1182
4617451,DIV.367,Un phénomène,83,138
4617451,DIV.375,Vie chère,128,189
4617451,DIV.384,Un cortège de reines a parcouru Paris,128,194
4617451,DIV.391,DES ÉCRITEAUX,16,38
4617451,DIV.400,"On répète "" Le feu """,278,422
4617451,DIV.417,A Maisons-Laffitte trois passantes sont attaqués et dévalisées par des bandits en auto,175,275
4617451,DIV.424,Le jeune Anglais disparue d'une clinique de Saint-cloud s' était suicidé : On retrouve son corps au barrage de Suresnes,118,174
4617451,DIV.432,Un ouvrier cimentier est blessé dans des circonstances mystérieuse,91,151
4617451,DIV.439,BREF,41,66
4617451,DIV.446,LE CIEL,34,55
4617451,DIV.454,"L'approche des élections municipales ramène l'agitation à Madrid : ""Le sang et les événements décembre ont séparé l'Espagne de son roi"" dit Unamuno",402,604
4617451,DIV.472,Unions républicaines,490,701
4617451,DIV.495,Le maréchal Pilsudski est rentré en Pologne,100,156
4617451,DIV.503,Protestation contre un projet de restriction de la liberté de la presse en Roumanie,79,110
4617451,DIV.509,AUX INDES ANGLAISES : Les rebelles birmans ont repris les armes,77,118
4617451,DIV.516,Le Sénat italien s'est ajourne,32,56
4617451,DIV.521,POTINS,15,22
4617451,DIV.529,Commentaires étrangers sur le discours de M. Briand au Sénat et le projet austro-allemand de Zollverein,1247,1747
4617451,DIV.565,Le gouvernement de Prague envisagerait une union douanière des Etats de la Petite Entente,154,273
4617451,DIV.572,"Une journée bien remplie au Concours Hippique : Juniors, officiers et attelages commerciaux",555,894
4617451,DIV.602,La Russie et la commission européenne,143,209
4617451,DIV.609,Annonces,10,13
4617451,DIV.612,Un discours de l'ambassadeur d'Allemagne sur les échanges commerciaux franco-allemands,407,580
4617451,DIV.621,A PROPOS DE LA SYPHILIS,186,294
4617451,DIV.627,"Le ""Graf-Zeppelin"" a dû interrompre son vol",84,136
4617451,DIV.634,On retrouve des débris de l'avion militaire tombé dans la Manche,71,108
4617451,DIV.640,La Conférence internationale du blé,28,41
4617451,DIV.645,LA SÉANCE DE NUIT,52,93
4617451,DIV.652,A la Commission des Finances de la Chambre,55,73
4617451,DIV.658,M.. Billiet ne veut pas se compromettre avec M. Taittinger,401,624
4617451,DIV.676,Le retour de l'aviatrice Amy Johnson,43,74
4617451,DIV.685,La réorganisation du service téléphonique en banlieue,568,906
4617451,DIV.709,L'administration ne doit pas transformer ses agents en bourreaux,270,395
4617451,DIV.718,UN AMATEUR ÉCLAIRÉ,33,54
4617451,DIV.727,Le dimanche politique : M. Marchandeau dans l'Eure,215,293
4617451,DIV.736,M. Ricolfi dans les Alpes-Maritimes,127,192
4617451,DIV.742,Les socialistes sabotent une conférence de M. Viollette,95,147
4617451,DIV.749,"LES BONNES FEUILLES : Les ""Colonies Françaises""",435,625
4617451,DIV.762,M. DUCOS rapporteur du budget de l'Instruction Publique a fait à Lille une conférence sur J. Ferry et sur l' école unique,668,1011
4617451,DIV.777,LES ARTS : Expositions diverses,547,832
4617451,DIV.788,Annonces,16,20
4617451,DIV.795,BALLE AU PANIER : L'équipe de Paris bat celle du Nord,285,440
4617451,DIV.811,AUTOMOBILE : Le VIIIe Meeting de Saint-Lô,220,361
4617451,DIV.826,BALLON ROND : Le Club Français s'est qualifié pour les demi-finales de la Coupe de France,916,1418
4617451,DIV.865,L'OPINION DU PUBLIC,23,35
4617451,DIV.874,BALLON OVALE : Le Ricing bat le C.A.S.G. et devient champion de Paris,236,370
4617451,DIV.892,COURSE A PIED,105,194
4617451,DIV.901,"CYCLISME : Chapman, l'impresario américain, va un peu vite",100,166
4617451,DIV.912,CROSS-COUNTRY : L'A.C. de l'Ouest et Le Roux vainqueurs à Clamart,154,311
4617451,DIV.922,BOXE : Au Central,69,108
4617451,DIV.933,Le Congrès international des professeurs de langues vivantes sera inauguré demain,168,269
4617451,DIV.943,L'aviateur Dubourdieu bat deux records avec charge,128,233
4617451,DIV.950,Annonces,26,43
4617451,DIV.956,LA PAIX Par ERNST GLAESER Traduit de l'allemand par Joseph Delage et G. Knoertzer,1293,1851
4617451,DIV.1015,Pour faire de «l'école unique» une réalité,583,840
4617451,DIV.1036,Un bureau de poste est cambriolé dans la Marne,72,121
4617451,DIV.1042,L'enquête sur une mort suspecte à Toulon,112,188
4617451,DIV.1052,Habitations à bon marché,168,246
4617451,DIV.1063,Une idée pacifiste,160,282
4617451,DIV.1075,Les carrefours dangereux,185,284
4617451,DIV.1083,Le surmenage sco'aire et le point de vue du philosophe,341,486
4617451,DIV.1097,HIER A AUTEUIL : Résultats du Pari Mutuel,1020,1579
4617451,DIV.1143,AUJOURD'HUI A SAINT-CLOUD,44,112
4617451,DIV.1152,On peut enfin respirer à Cassis !,139,207
4617451,DIV.1159,Un remisier de Caen fait un krach de cinq millions,40,61
4617451,DIV.1168,A PARIS,113,191
4617451,DIV.1182,DANS LE GRAND PARIS,98,172
4617451,DIV.1194,DANS LES DEPARTEMENTS,183,304
4617451,DIV.1208,Pour la revision du procès Nourrie et Duquesne,85,153
4617451,DIV.1213,"Une Australienne se tue volontairement en automobile, près d'Eze-sur-Mer",71,119
4617451,DIV.1219,DIV.1219,12,15
4617451,DIV.1225,"La Vie Sociale : Le Conseil, fédéral des cheminots",124,232
4617451,DIV.1233,Comment fonctionnent les assurances sociales : QUESTIONS ET RÉPONSES,779,1266
4617451,DIV.1246,LYCÉES DE JEUNES FILLES DE PARIS : Agrandissements ou créations?,900,1453
4617451,DIV.1262,Annonces,10,13
4617451,DIV.1268,RÉPÉTITION GÉNÉRALE AUX FOLIES-WAGRAM : Sans Tambour ni Trompette Opérette en 3 actes et 4 tableaux de MM. Pierre Veber et Henri de Gorsse Musique de M. Henri Casadesus,569,962
4617451,DIV.1281,AVANT-PREMIÈRES,307,495
4617451,DIV.1299,DIV.1299,48,125
4617451,DIV.1312,DIV.1312,20,40
4617451,DIV.1319,GENERALES ET PREMIERES,152,270
4617451,DIV.1329,DIV.1329,271,420
4617451,DIV.1337,DIV.1337,253,625
4617451,DIV.1350,MUSIC-HALLS CABARETS et ATTRACTIONS,162,362
4617451,DIV.1370,DIV.1370,128,311
4617451,DIV.1378,CINÉMAS,61,160
4617451,DIV.1387,PROGRAMME DES CINEMAS,45,98
4617451,DIV.1396,DIV.1396,10,40
4617451,DIV.1403,DIV.1403,67,126
4617451,DIV.1411,Cet après-midi :,11,25
4617451,DIV.1416,Ce soir :,434,1233
4617451,DIV.1458,Une manifestation républicaine à Tours,57,80
4617451,DIV.1465,Annonces,32,92
4617451,DIV.1469,Annonces,71,154
4617451,DIV.1477,Les tendances générales,1616,2848
4617451,DIV.1553,DIV.1553,38,104
4617451,DIV.1557,AUJOURD'HUI,671,1392
4617451,DIV.1578,DEMAIN,594,1141
4617451,DIV.1599,Publicité,28,60
4617451,DIV.1602,Publicité,22,57
4617451,DIV.1607,Cours & Conférences,36,53
4617451,DIV.1612,Annonces,26,45
4617451,DIV.1616,Publicité,70,146
4617451,DIV.1627,Publicité,10,26
4617451,DIV.1631,Publicité,79,153
4617451,DIV.1640,Publicité,97,229
4617451,DIV.1661,Publicité,497,1106
4617451,DIV.1686,La Ligue internationale contre l'antisémitisme n'ira pas au meeting des « Croix de Feu »,140,206
4617451,DIV.1696,Publicité,148,424
4626819,DIV.40,L'Année qui disparaît,1761,2592
4626819,DIV.83,"La Coupe de Dion : 11,000 kilomètres avec classement par équipes Les idées du Marquis de Dion. — Trois voitures par marque. — Classement de régularité. — Réparations par les moyens du bord.—Remise de l'épreuve à l'Automobile Club de France.",533,726
4626819,DIV.114,DIV.114,98,148
4626819,DIV.118,DIV.118,111,186
4626819,DIV.124,DIV.124,121,191
4626819,DIV.130,DIV.130,171,247
4626819,DIV.139,Un Sportsman et Écrivain Danois.,336,522
4626819,DIV.155,NOEL GAI : Les Arbres de Noël,342,591
4626819,DIV.202,AU VELODROME D'HIVER : Cissac contre Champoiseau HALL-BRUNI-LINTON,616,927
4626819,DIV.222,"LES CANOTS AUTOMOBILES : Le Meeting de Monaco (Deuxième année) 108,000 francs de Prix Organisé par l International Sporting Club Avec le concours de l'AUTO La Clôture des engagements",109,183
4626819,DIV.235,DIV.235,1523,2336
4626819,DIV.303,L'OPINION A L'ÉTRANGER,1001,1524
4626819,DIV.360,Le Téléphone au Circuit d'Auvergne,32,56
4626819,DIV.365,Les défis pour la Coupe,61,102
4626819,DIV.379,Les trains spéciaux de « l'Auto »,121,185
4626819,DIV.391,"Les 100,000 francs de « l'Auto » et la presse",1056,1651
4626819,DIV.443,Annonces,40,95
4626819,DIV.453,DIV.453,32,47
4626819,DIV.456,DIV.456,51,91
4626819,DIV.461,DIV.461,79,149
4626819,DIV.474,DIV.474,349,615
4626819,DIV.488,DIV.488,15,50
4626819,DIV.496,DIV.496,13,25
4626819,DIV.501,DIV.501,100,262
4626819,DIV.511,DIV.511,42,78
4626819,DIV.518,DIV.518,20,85
4626819,DIV.527,DIV.527,18,48
4626819,DIV.530,DIV.530,13,33
4626819,DIV.533,DIV.533,22,50
4626819,DIV.538,DIV.538,63,163
4626819,DIV.545,DIV.545,17,40
4626819,DIV.548,DIV.548,30,104
4626819,DIV.555,DIV.555,45,138
4626819,DIV.561,DIV.561,57,116
4626819,DIV.566,DIV.566,16,38
4626819,DIV.569,DIV.569,216,236
4626819,DIV.572,DIV.572,212,220
4626819,DIV.576,DIV.576,21,43
4626819,DIV.580,DIV.580,32,64
4626819,DIV.583,DIV.583,437,646
4626819,DIV.602,DIV.602,15,46
4626819,DIV.606,DIV.606,19,46
4626819,DIV.610,DIV.610,22,46
4626819,DIV.613,DIV.613,23,65
4626819,DIV.618,DIV.618,28,95
4626819,DIV.623,DIV.623,27,55
4626819,DIV.626,DIV.626,25,62
4626819,DIV.630,DIV.630,33,72
4626819,DIV.634,DIV.634,36,90
4626819,DIV.637,DIV.637,20,47
4626819,DIV.640,DIV.640,17,39
4626819,DIV.645,DIV.645,31,67
4626819,DIV.648,DIV.648,27,56
4626819,DIV.651,DIV.651,15,39
4626819,DIV.654,DIV.654,15,39
4626819,DIV.657,DIV.657,22,58
4626819,DIV.660,DIV.660,16,51
4626819,DIV.664,DIV.664,35,80
4626819,DIV.668,DIV.668,32,82
4626819,DIV.672,DIV.672,212,241
4626819,DIV.676,DIV.676,15,33
4626819,DIV.679,DIV.679,95,206
4626819,DIV.682,DIV.682,26,51
4626819,DIV.686,DIV.686,19,56
4626819,DIV.689,DIV.689,67,144
4626819,DIV.706,DIV.706,27,62
4626819,DIV.709,DIV.709,24,63
4626819,DIV.712,DIV.712,29,69
4626819,DIV.717,DIV.717,13,28
4626819,DIV.720,DIV.720,19,49
4626819,DIV.724,DIV.724,50,136
4626819,DIV.731,DIV.731,34,59
4626819,DIV.735,DIV.735,225,264
4626819,DIV.738,DIV.738,21,43
4626819,DIV.741,DIV.741,25,67
4626819,DIV.744,DIV.744,18,42
4626819,DIV.747,DIV.747,18,52
4626819,DIV.751,DIV.751,35,67
4626819,DIV.755,DIV.755,26,54
4626819,DIV.760,DIV.760,11,31
4626819,DIV.763,DIV.763,31,65
4626819,DIV.766,DIV.766,37,57
4626819,DIV.769,DIV.769,17,61
4626819,DIV.773,Publicité,31,73
4626819,DIV.779,Publicité,14,51
4626819,DIV.786,CONSTRUCTEURS FOURNITURES POUR CYCLES ET AUTOS,29,74
4626819,DIV.792,DÉPARTEMENTS,252,637
4626819,DIV.814,Publicité,74,160
4626819,DIV.825,Publicité,74,164
4626819,DIV.847,Publicité,147,348
4626819,DIV.866,LES AUDAX,250,374
4626819,DIV.890,La Culture Physique,154,250
4626819,DIV.897,DIV.897,26,40
4626819,DIV.900,Publicité,11,36
4626819,DIV.905,« L'ÉCHO DES SPORTS »,231,338
4626819,DIV.914,Publicité,14,35
4626819,DIV.920,UN PEU DE STATISTIQUE,888,1535
4626819,DIV.953,NOS CHAUFFEURS : Leurs Impressions de Vitesse XXI. — GABRIEL,248,357
4626819,DIV.969,POUR LA COUPE,57,86
4626819,DIV.975,UN CHAUFFEUR PAR JOUR : The Hon. C. S. ROLLS,246,421
4626819,DIV.994,DELHI-BOMBAY,72,110
4626819,DIV.999,D'un nouveau mode de classement dans les courses par Équipes,710,1081
4626819,DIV.1031,LA COUPE DE MALGLAIVE : Au cœur du Désert,572,912
4626819,DIV.1052,LA COUPE GLIDDEN,101,159
4626819,DIV.1061,LA SOUSCRIPTION CORMIER,171,296
4626819,DIV.1075,Les 500 Mètres en Côte de la « Provence Sportive » : 19 mars 1905 — Deuxième année,181,324
4626819,DIV.1087,""" L'AUTO "" A BRUXELLES : Le IVe Salon Belge",377,588
4626819,DIV.1105,AVANTAGES MUTUELS,42,61
4626819,DIV.1110,DEMANDES DE CATALOGUES,409,967
4626819,DIV.1116,Les Voyageurs de l'Automobile et du Cycle,150,234
4626819,DIV.1127,""" L'AUTO "" A LYON",246,430
4626819,DIV.1146,AU VÉLODROME D'HIVER,274,495
4626819,DIV.1158,NOUVELLES DIVERSES,354,557
4626819,DIV.1180,CARNET DU JOUR,317,777
4626819,DIV.1224,LES RAPPORTS DES COMMISSIONS D'ÉTUDES,967,1413
4626819,DIV.1263,U. V. F. : (Union Vélocipédique de France),378,630
4626819,DIV.1278,U.S.F.S.A. : (Union des Sociétés Françaises de Sports Athlétiques),63,109
4626819,DIV.1286,F. C.A.F. : (Fédération Cycliste des Amateurs Français),185,305
4626819,DIV.1298,AUTRES SOCIÉTÉS,294,544
4626819,DIV.1313,A TRAVERS LES SPORTS,461,798
4626819,DIV.1338,POIDS ET HALTÈRES,496,1214
4626819,DIV.1399,DIV.1399,319,525
4626819,DIV.1420,Championnat International d'Epée (Amateurs) : Suite du Réglement,310,548
4626819,DIV.1441,DIV.1441,596,1336
4626819,DIV.1477,Publicité,24,58
4626819,DIV.1480,PETITE CORRESPONDANCE,96,174
4626819,DIV.1491,Deux nouveautés intéressantes des Ateliers de construction Gautreau : UNE MANIVELLE ET UN CARBURATEUR,1814,2650
4626819,DIV.1549,Les grandes Équipes de Rugby : Le Racing Club de France,945,1415
4626819,DIV.1570,ASSEMBLÉE GÉNÉRALE DE L'U.S.F.S.A.,35,64
4626819,DIV.1579,Championnat d'Algérie (U.S.F.S.A.),57,104
4626819,DIV.1584,Les Corinthians en Amérique,41,57
4626819,DIV.1589,Au Comité de la Côte d'Azur,215,424
4626819,DIV.1610,Championnats du Sud-Est (U.S.F.S.A.),237,529
4626819,DIV.1634,Les Matches du Jour de l'An,1522,2895
4626819,DIV.1733,En vue du « Cross-National » (U.S.F.S.A.) : Un nouveau projet,229,353
4626819,DIV.1753,Le Challenge Desavis,30,50
4626819,DIV.1759,L'engagement officiel de l'équipe tenante,411,879
4626819,DIV.1791,L'Interclubs de l'U.A.C. (U.S.F.S.A.),167,297
4626819,DIV.1809,Critérium d'Hiver de l'Union Athlétique de Paris,133,236
4626819,DIV.1817,Critérium Interclubs du S.C. Français (F.C.A.F. et Indépendants),93,180
4626819,DIV.1824,L'interclubs d'Arras (U.S.F.S.A.),77,135
4626819,DIV.1830,Les Réunions du Jour de l'An,415,849
4626819,DIV.1874,Bristol Wanderers contre Racing,95,135
4626819,DIV.1880,Une équipe militaire à Alger,54,78
4626819,DIV.1885,L'Entraînement du Jour de l'An,134,276
4626819,DIV.1896,Publicité,32,109
4626819,DIV.1916,Le Challenge Lemonnier (U.S.F.S.A.),370,554
4626819,DIV.1942,Record du Sud-Ouest (F.S.A.F.),60,122
4626819,DIV.1947,L'Entraînement d'Aujourd'hui : F.S.A.F.,34,74
4626819,DIV.1953,L'Entraînement da Jour de l'An : U.S.F.S.A.,53,113
4626819,DIV.1961,Réunions à venir,50,93
4626819,DIV.1967,Publicité,20,55
4626819,DIV.1979,Le Tournoi du T.C.P.,159,249
4626819,DIV.1995,L'Entraînement : U.S.F.S.A.,34,67
4626819,DIV.2001,Publicité,53,124
4626819,DIV.2013,L'Entrainement du Jour de l'An,16,33
4626819,DIV.2018,Publicité,39,86
4626819,DIV.2033,L'Entraînement d'Aujourd'hui,28,61
4626819,DIV.2043,INFORMATIONS,870,1630
4626819,DIV.2099,Publicité,25,51
4626819,DIV.2105,Publicité,21,38
4626819,DIV.2112,Petites Nouvelles Athlétiques,991,1650
4626819,DIV.2152,Annonces,27,96
4626819,DIV.2160,Publicité,15,44
4626819,DIV.2166,Publicité,101,210
4626819,DIV.2175,Publicité,32,68
4626819,DIV.2180,Publicité,23,63
4626819,DIV.2186,Publicité,48,145
4626819,DIV.2192,Publicité,52,140
4626819,DIV.2200,Publicité,28,88
4626819,DIV.2206,Publicité,272,569
4626819,DIV.2236,Publicité,277,505
4626819,DIV.2254,Publicité,54,84
4626819,DIV.2262,Publicité,100,185
4629483,DIV.35,17 — 11 = 6 : Par Henri DESGRANGE,1137,1754
4629483,DIV.85,ON A INAUGURE HIER... : Le second choix d'œuvres d'art pour les Jeux de Berlin Une exposition où n'apparaît point un sérieux espoir olympique,151,225
4629483,DIV.99,DIV.99,20,35
4629483,DIV.105,DIV.105,55,86
4629483,DIV.112,DIV.112,42,73
4629483,DIV.118,LA MOTO MAGNAT-DEBON est victorieuse dans Paris-Nice et bat 2 records à la course de côte de St-Eutrope,166,298
4629483,DIV.127,"VERS UN RENOUVEAU ?... : 250 Universitaires sur un stade Tel est le beau résultat obtenu dimanche au stade Pershing, par l'Association des Etudiants en pharmacie au cours du Challenge du Nombre qu'elle organisait",545,818
4629483,DIV.147,ON ANNONCE QUE...,27,48
4629483,DIV.152,Publicité,13,27
4629483,DIV.158,DIV.158,51,108
4629483,DIV.166,RETOUR RATÉ ! : La Fédération Française de Natation a pris connaissance de la lettre de Jacques Cartonnet ... Hélas ! il ne s'agissait pas de propositions de paix mais d'un véritable ultimatum ...Et l'incorrigible Cartonnet reste suspendu !,757,1084
4629483,DIV.206,"UN ÉVÉNEMENT INDUSTRIEL : La "" Simcacing "" est sortie 90 à l'heure, 5 litres aux 100 kilomètres",1448,2192
4629483,DIV.245,"CHEZ LES « GENS DE LETTRES » : « Il faut être sportif... et le rester » déclare M. Jean Vignaud qui fut élu, hier, président de la Société des Gens de Lettres",398,604
4629483,DIV.264,Le programme du meeting de Paris-Nice,119,196
4629483,DIV.275,Roulez en musique,13,35
4629483,DIV.280,Le règlement du Grand Prix de Tunisie vient de paraître,237,364
4629483,DIV.296,Les épreuves à venir,99,162
4629483,DIV.304,COMMENT LE MECANO DUBOULON A GAGNE A LA LOTERIE,121,199
4629483,DIV.312,Wimille et Sommer courront à la Turbie,88,130
4629483,DIV.319,Une incidence de l'essence trop chère sur l'agriculture,336,495
4629483,DIV.328,Clubs et Associations,235,374
4629483,DIV.338,La F.F.S.F. doit se dissoudre un autre jour que le 26 avril! : Mlles Cherrer et Gagneux ont été entendues par le bureau de la F.F.A.,419,603
4629483,DIV.355,BASKET-BALL,266,351
4629483,DIV.371,CROSS-COUNTRY : Le Cross d'Academia,17,51
4629483,DIV.377,NATATION : A la F.F.F.G.E.P.,176,425
4629483,DIV.393,Les Coupes et Challenges de Paris-Nice,305,657
4629483,DIV.425,Publicité,65,111
4629483,DIV.431,Publicité,67,100
4629483,DIV.436,Publicité,38,98
4629483,DIV.446,Un cancan,63,89
4629483,DIV.452,Le Grand Prix de Barcelone aura lieu le 26 avril,130,254
4629483,DIV.461,Le moto-ball : Le Championnat de France,28,38
4629483,DIV.467,Epreuves à venir,149,272
4629483,DIV.476,CYCLISME : Charlier-Slaats tout seuls en tête aux Six Jours d'Amsterdam L'équipe française Dicit-Ignat se rapproche,203,400
4629483,DIV.491,LE 2e PRIX SAINT-MARTIN (S.F.E.B.) Tournoi professionnel handicap à la partie par la rouge,195,329
4629483,DIV.499,"GABRIELS, MOONS ET SWEERING QUALIFIES POUR LE TITRE MONDIAL AMATEUR AU CADRE DE 45 2",148,451
4629483,DIV.507,La XIIe Foire Commerciale de Lille s'ouvre le 4 avril,142,197
4629483,DIV.515,Editions Hachette : LES MUTINES DE L'ELSENEUR par Jack London,75,119
4629483,DIV.522,Le Monde et le Sport,81,126
4629483,DIV.528,MON PETIT CONTE : RICHELIEU au siège de La Rochelle,254,412
4629483,DIV.545,LES CONTES DE L'Auto : LE BEAU VOYAGE par Robert DIEDONNE,1037,1469
4629483,DIV.605,Le second choix d'œuvres d'art pour le Concours Olympique de Berlin : (Suite de notre article de première page),361,545
4629483,DIV.622,Un cancan,68,99
4629483,DIV.629,LA PREMIERE TRAVERSEE TRANSATLANTIQUE DU DIRIGEABLE « HINDENBURG »,38,75
4629483,DIV.634,Nouvelles diverses,528,861
4629483,DIV.655,APRÈS LE CRITÉRIUM NATIONAL : Nos champions de la route sont ils ... en sucre ? Où l'on constate que nos vedettes ne savent plus lutter contre la pluie,1126,1667
4629483,DIV.704,"SAMEDI - DIMANCHE : La "" Nuit de Paris "" ou six nuits en une Un spectacle copieux et varié où l'on verra les vedettes de la chanson, sur le ring, au milieu des as de la pédale",754,1109
4629483,DIV.733,Ce soir : clôture d'engagements pour...,165,303
4629483,DIV.745,ALERTE AU VÉLO ! : Mobilisation générale Armée — Corps d'armée — Unités Unités diverses,351,561
4629483,DIV.762,Le référendum de Byrrh pour le « Car des As » dans le Tour de France,164,239
4629483,DIV.774,Près de cent routiers de valeur sont inscrits pour le 22e Paris-Caen : (5 avril. — Organisé par l'Auto et le Journal de Caen),376,655
4629483,DIV.786,"Les engagements sont ouverts pour le 28e Paris-Bruxelles (19 avril — Organisé par le Soir, de Bruxelles, avec le concours de l'Auto",188,297
4629483,DIV.797,Le Premier Pas Dunlop : L'éliminatoire de Carcassonne,65,159
4629483,DIV.804,Le 37' Paris-Roubaix : TROPHEE DURALUMIN (12 avril. Organisé par l'Auto),205,365
4629483,DIV.819,Le. Prix du Sprinter Français organisé par les vélodromes avec le concours des Etablissements Pernod : Dimanche prochain première éliminatoire à Tours,203,304
4629483,DIV.831,"Les Etoiles de la Suie (Du 5 avril au 7 juin) : Demain soir, clôture des engagements à l'Auto, pour l'Etoile de Paris",193,306
4629483,DIV.842,Publicité,88,248
4629483,DIV.857,« Je suis à la disposition d'Olmo ! » : s'écrie Maurice Richard,343,541
4629483,DIV.870,VISITES A « L'AUTO » : Le tandem Chocque-Evrard,455,698
4629483,DIV.896,Le champion olympique et du Chocolat Menier Le Nizhery pourrait-il battre le record de l'heure ?,331,455
4629483,DIV.910,Derniers échos de Paris-Nice,95,160
4629483,DIV.920,SUR ROUTE : EN FRANCE,47,109
4629483,DIV.927,SUR PISTE,177,449
4629483,DIV.939,Echos des Pistes et de la Route,242,407
4629483,DIV.958,Les enseignements du Critérium français Cinzano,473,706
4629483,DIV.975,Publicité,98,160
4629483,DIV.982,La Basse-Seine peut se montrer fière de sa victoire,433,634
4629483,DIV.992,LES CHAMPIONNATS DES ETATS-UNIS INTERUNIVERSITES,104,256
4629483,DIV.1005,LA REUNION DE L'A S. DU MINISTERE DE L'AIR,87,148
4629483,DIV.1011,"VAN WATERLOO, PRESIDENT DES ENFANTS DE NEPTUNE EST MORT",77,136
4629483,DIV.1018,LES ENFANTS DE NEPTUNE DE TOURCOING SE SONT DISTINGUES,351,832
4629483,DIV.1032,. NOUVELLES DIVERSES,17,30
4629483,DIV.1037,Publicité,58,134
4629483,DIV.1053,Au Beau-Site de Cannes F.-J. Perry et Mme R. Mathieu furent les meilleurs,355,701
4629483,DIV.1071,Publicité,24,39
4629483,DIV.1079,LA COUPE DAVIS : Voici trois des joueurs chinois,67,111
4629483,DIV.1086,LES ETUDIANTS BATTENT LES MEDECINS,389,826
4629483,DIV.1108,Publicité,10,27
4629483,DIV.1111,CHEZ LES CORPORATIFS : CYCLISME,295,560
4629483,DIV.1129,SUR LE RING DU CENTRAL S.C. : Le XVe Challenge de L'Auto (du 2 au 24 mai),158,232
4629483,DIV.1141,"Christoforidis, le boxeur qui fait toujours de bons oombats",186,274
4629483,DIV.1150,Morin-Vuillamy pour la clôture de la saison à Bordeaux,129,197
4629483,DIV.1158,Publicité,65,138
4629483,DIV.1166,Publicité,28,44
4629483,DIV.1169,Visites à l'Auto,202,286
4629483,DIV.1177,"Les Amateurs : 10 combats seront disputés, ce soir au Ring de la Nation",92,182
4629483,DIV.1188,Nouvelles diverses',124,197
4629483,DIV.1197,"Les Organisations : CE SOIR, AU CENTRAL S.C. Jo Parisis contre Padernl Bertrand contre Nioche Rentrée de Hugues",321,542
4629483,DIV.1223,Publicité,38,81
4629483,DIV.1230,"Fred Judson rencontrera le Russe Kwariani, le 6 avril au Palais des Sports",228,375
4629483,DIV.1243,"DEMAIN, SALLE WAGRAM : « Si Perron est trop agressif, je lui ferai entendre raison... » ...dit Louis Loew",235,357
4629483,DIV.1259,Publicité,64,156
4629483,DIV.1265,LE CHAMPIONNAT DE PARIS DE STYLE LIBRE,137,270
4629483,DIV.1279,Le G. S. Amfreville et le Racing au tableau d'honneur du Championnat de France,753,1125
4629483,DIV.1293,Les matches de dimanche,71,132
4629483,DIV.1307,LES RESULTATS : F. G. S. P. F.,46,129
4629483,DIV.1318,LE CHALLENGE RAGUIERE,78,143
4629483,DIV.1323,L'U.S. SUISSE VA DISPARAITRE,70,106
4629483,DIV.1328,A L'A.S. SAINT-HIPPOLYTE LE CHALLENGE DE L'AUBE,68,126
4629483,DIV.1333,NOUVELLES DIVERSES,126,247
4629483,DIV.1344,"L'Angleterre, à Blackpool, ne fit pas oublier la fameuse équipe d'Auteuil",512,809
4629483,DIV.1363,Je me spécialiserai sur 10 kilomètres,258,380
4629483,DIV.1377,Et Rérolle a choisi le 3.000 mètres steeple,84,137
4629483,DIV.1384,Autour du Cross des Nations,107,190
4629483,DIV.1391,Le XXIIV Cross des Ancêtres organisé par l'Auto a lieu dimanche,200,331
4629483,DIV.1400,UN MATCH NORD-EST C. BELGIQUE A L'ARRIVEE DE PARIS-ROUBAIX,71,146
4629483,DIV.1406,GUICHARD EST BIEN CHAMPION DE LA F.G.S.P.F.,66,122
4629483,DIV.1412,ENGAGEZ-VOUS : 5 AVRIL,232,433
4629483,DIV.1424,Les quarts de finale du Championnat de France par équipes,167,274
4629483,DIV.1435,CE QUI A ETE JOUE,206,500
4629483,DIV.1451,Le ski en Norvège : Une course de grand fond sur 56 km. réunit 745 concurrents !,150,327
4629483,DIV.1465,LE CHAMPIONNAT D'ESPAGNE,86,194
4629483,DIV.1474,Publicité,87,182
4629483,DIV.1491,"APRES FRANCE-BELGIQUE : De l'ardeur, c'est bien une tactique, c'est mieux..:",369,521
4629483,DIV.1503,Un cancan,83,121
4629483,DIV.1510,Les matches de dimanche,50,95
4629483,DIV.1522,CHAMPIONNATS REGIONAUX,37,85
4629483,DIV.1536,QUI VEUT ALLER A BRUXELLES ?,57,106
4629483,DIV.1543,LES RESULTATS,77,159
4629483,DIV.1556,HOCKEY SUR GLACE ET PATINAGE,209,379
4629483,DIV.1569,Publicité,50,103
4629483,DIV.1577,L'ARBITRAGE DE LA HOLLANDE : A msterdam nous a fixés sur la valeur de France-Belgique,518,753
4629483,DIV.1594,"LES QUARTS DE FINALE DE LA COUPE : Demain, au Parc des Princes Sochaux-Fives... 3e acte ! La lutte au finish",307,443
4629483,DIV.1605,Sochaux panse ses blessures dans la forêt de Barbizon,120,167
4629483,DIV.1612,Le Red Star à la campagne,78,110
4629483,DIV.1618,Fives a pris à Antibes un repos mérité,93,133
4629483,DIV.1623,La Coupe Cinzano,71,87
4629483,DIV.1628,Voici le prix des places pour la Coupe de France,291,530
4629483,DIV.1641,Après la demande « d'autorisation » de l'A.S. Brestoise,246,372
4629483,DIV.1652,Les incidents de Lyon,218,307
4629483,DIV.1661,Le Lyon Olymp. Villeurbanne a décidé de se dissoudre,269,368
4629483,DIV.1676,LA COUPE DE FRANCE,14,24
4629483,DIV.1681,LE CHAMPIONNAT DE FRANCE,84,174
4629483,DIV.1691,LES RESULTATS : LES MATCHES DU DIMANCHE,338,867
4629483,DIV.1715,"Les faits et les gens, revus et corrigés.",1405,2033
4629483,DIV.1760,Le match des Etoiles : Etoile Sportive du Mont Valérien bat Etoile Sportive du Pecq 10-3 (5-2),941,1436
4629483,DIV.1792,"UNE CONFERENCE DE M. M. JOUBERT CE SOIR, A ANGERS",87,154
4629483,DIV.1801,COUP D'ŒIL D'ENSEMBLE : Hier et demain,1026,1498
4629483,DIV.1834,Les matches de dimanche : CHAMPIONNAT DE FRANCE,200,429
4629483,DIV.1871,LES RESULTATS : MATCH INTERNATIONAL,290,546
4629483,DIV.1896,Plusieurs clubs semblent se disputer Lopez,127,202
4629483,DIV.1905,LE CHAMPIONNAT A VENIR : Ce que donneraient six poules de vingt clubs pour 1937,342,662
4629483,DIV.1932,Villeneuve a gagné avec brio une partie extrêmement importante,507,724
4629483,DIV.1947,Les étudiants parisiens en Grande-Bretagne,87,147
4629483,DIV.1958,Le dimanche qui vient,24,49
4629483,DIV.1973,ATHLETISME : LE CHALLENGE DU NOMBRE UNIVERSITAIRE De peu... les potards l'ont emporté,115,243
4629483,DIV.1982,"JEUDI, A PERSHING : Les finales du Challenge du Nombre Scolaire",439,820
4629483,DIV.2008,CYCLISME : Pierre Caudron triomphe dans la dernière épreuve et au classement général des sorties et courses Terrot,150,291
4629483,DIV.2018,A voiles : La deuxième journée des régates de Nice,482,1022
4629483,DIV.2031,Le calendrier du Cercle de la Voile de Paris,241,445
4629483,DIV.2055,LA REUNION D'OUVERTURE DU CERCLE DE LA VOILE DE PARIS,87,175
4629483,DIV.2063,A moteur : Une modification au règlement international,99,145
4629483,DIV.2076,LES ITALIENS S'ENTRAINENT,65,124
4629483,DIV.2082,"A JUSOT, LE CHALLENGE DE SABRE",66,127
4629483,DIV.2091,LE BORDELAIS AURIAC CHAMPION UNIVERSITAIRE A L'EPEE,104,241
4629483,DIV.2101,LE CHAMPIONNAT DE NORMANDIE,86,201
4629483,DIV.2110,"R. ELBEL, CHAMPION DE LORRAINE",55,114
4629483,DIV.2116,NOUVELLES DIVERSES,427,954
4629483,DIV.2133,DIV.2133,31,53
4629483,DIV.2142,Le 2e Grand Prix du Talon... or,22,41
4629483,DIV.2147,"Le 19 avril, autour de Paris",295,489
4629483,DIV.2166,Un cancan,79,110
4629483,DIV.2174,ENGAGEZ-VOUS,48,91
4629483,DIV.2181,EDUCATION PHYSIQUE,235,432
4629483,DIV.2195,Publicité,154,306
4629483,DIV.2212,ANDRE ROLET A ALGER,48,87
4629483,DIV.2220,LE CHALLENGE LEON BOURDIN (F.S.G.T.),187,498
4629483,DIV.2235,Publicité,20,30
4629483,DIV.2242,EN VUE DU MARATHON OLYMPIQUE,119,243
4629483,DIV.2249,NOUVELLES DIVERSES,16,31
4629483,DIV.2254,ROULETTES : LES FRANÇAIS A STUTTGART,72,122
4629483,DIV.2261,Publicité,86,218
4629483,DIV.2274,Publicité,37,89
4629483,DIV.2279,Publicité,175,353
4629483,DIV.2292,A TRAVERS LES SOCIETES,2189,4175
4629483,DIV.2355,L'EXPOSITION ET LES SPORTIFS : Un vieux projet le Stade de La Courneuve,263,418
4629483,DIV.2372,"HIER, AU CONCOURS HIPPIQUE DE PARIS : La magnifique exhibition des chevaux anglo-arabes",842,1547
4629483,DIV.2408,Le Grand Prix de Paris aura son Sweepstake et recevra un million de francs,455,787
4629483,DIV.2436,DIV.2436,1588,1886
4629483,DIV.2468,Tableau de service : Matinées du mardi 31 mars,359,473
4629483,DIV.2484,Programmes,666,1613
4629483,DIV.2541,Devant l'écran : Programmes,276,671
4629483,DIV.2564,Les grands films passent !,67,176
4629483,DIV.2572,DIV.2572,87,185
4629483,DIV.2592,DIV.2592,45,93
4629483,DIV.2605,ET PATATI.. ET PATATA.,495,712
4629483,DIV.2635,Publicité,490,1109
4629483,DIV.2683,DIV.2683,97,232
4629483,DIV.2698,Officiers Ministériels,33,82
4629483,DIV.2704,Automobiles,6304,16970
4629483,DIV.3064,Achats de Voitures,129,355
4629483,DIV.3076,Location d'Automobiles,29,88
4629483,DIV.3082,Motocyclettes,94,266
4629483,DIV.3092,Capitaux et Divers,18,51
4629483,DIV.3097,Fonds de Commerce,144,345
4629483,DIV.3104,Offres d'Emplois,416,953
4629483,DIV.3137,Demandes d'Emplois,61,138
4629483,DIV.3142,DIV.3142,11,29
4632496,DIV.32,FABLES : Petits noms,240,425
4632496,DIV.73,"Demain, sur le circuit des « Quatre-Pavillons », à Bordeaux Le Grand Prix de l'Union Motocycliste de France : Nos champions motocyclistes auront à lutter contre une redoutable participation belge et anglaise; la Grande-Bretagne nous ayant délégué ses meilleurs spécialistes.",582,890
4632496,DIV.91,DIV.91,13,22
4632496,DIV.107,DIV.107,35,49
4632496,DIV.113,LE CLASSEMENT GENERAL : (Les noms des touristes-routiers sont indiqués en italique),735,1023
4632496,DIV.124,LE CLASSEMENT DE L'ETAPE : (Les noms des tourietes-routiers sont indiqués en italique),477,1231
4632496,DIV.137,LE CLASSEMENT DU CHALLENGE DE REGULARITE,115,214
4632496,DIV.148,LE CHALLENGE DES EQUIPES REGIONALES,205,277
4632496,DIV.157,En suivant la course,2431,3791
4632496,DIV.239,La course des coureurs régionaux...,525,845
4632496,DIV.253,...et celle des touristes-routiers,450,800
4632496,DIV.263,INSTANTANÉS....,1416,2177
4632496,DIV.300,Bonne victoire de Leducq,771,1190
4632496,DIV.324,Le départ de Bagnères-de-Luchon,52,99
4632496,DIV.329,Sur la route,433,899
4632496,DIV.351,L'arrivée à Perpignan,931,1902
4632496,DIV.395,"Demain : LA ONZIEME ETAPE : PERPIGNAN-MARSEILLE (363 kil.). 30 juin 1928 Départ en ligne à 2 heures du matin. Les concurrents prendront, la nuit prochaine, la direction de Marseille. Une étape qui sera très dure si la chaleur est forte.",303,456
4632496,DIV.408,Le départ de Perpignan,53,92
4632496,DIV.414,L'itinéraire,136,350
4632496,DIV.423,L'arrivée à Marseille,76,134
4632496,DIV.431,L'horaire probable,274,345
4632496,DIV.438,Contrôles,15,30
4632496,DIV.444,La fermeture du contrôle d'arrivée,68,111
4632496,DIV.455,Les signaux à l'arrivée,43,58
4632496,DIV.460,Les prix de l'étape,27,84
4632496,DIV.467,Les primes,156,328
4632496,DIV.474,LES QUALIFIES,396,1123
4632496,DIV.571,Lundi : LA DOUZIEME ETAPE : MARSEILLE-NICE-SOSPEL-NICE (330 kil.) 2 juillet 1928 Départ en ligne à 4 h. du matin.,2346,3578
4632496,DIV.665,AUTOUR DU TOUR : Où leur adresser leur courrier,497,842
4632496,DIV.711,Publicité,52,84
4632496,DIV.714,Publicité,44,65
4632496,DIV.722,Le Monde et le Sport,180,326
4632496,DIV.735,DIV.735,30,54
4632496,DIV.739,DIV.739,48,94
4632496,DIV.744,DIV.744,27,45
4632496,DIV.747,DIV.747,32,65
4632496,DIV.756,"L'AVIATION EN DEUIL : FRONVAL S'EST TUÉ Une collision, au sol...",593,983
4632496,DIV.771,DIV.771,19,36
4632496,DIV.776,DIV.776,17,37
4632496,DIV.786,DIMANCHE AU COMMINGES : Une rencontre très serrée opposera 50 concurrents dans le Grand Prix de l'A.C.F. des voitures de Sport,401,610
4632496,DIV.801,LES AILES DANS LA VOLIÈRE : M. Doumergue inaugure ce matin la 11e Exposition Aéronautique AU GRAND PALAIS DES CHAMPS-ÉLYSÉES,782,1208
4632496,DIV.839,Le handicap du Grand Prix de l'A.C.F. des voitures sport,326,514
4632496,DIV.857,LE 2e CHAMPIONNAT DES AVIATEURS,109,200
4632496,DIV.865,Les Résultats : Le concours polonais,69,153
4632496,DIV.874,Nouvelles diverses : Une journée automobile des Cbarentes et du Limousin,57,89
4632496,DIV.885,"Demain, à Bordeaux se dispute le Grand Prix de l'U.M.F. : (Suite de notre article de 1re page.)",390,843
4632496,DIV.907,Clubs et Association,32,59
4632496,DIV.912,Nouvelles diverses,196,381
4632496,DIV.923,DEMAIN A LIEU LA FETE AERIENNE DE VINCENNES,166,291
4632496,DIV.938,LA CONFERENCE DE LA F.A.I.,175,267
4632496,DIV.947,COURTNEY EST REPARTI POUR LES ACORES,48,90
4632496,DIV.953,A LA RECHERCHE DE GUILBAUD,140,225
4632496,DIV.961,GRANDS ET PETITS RAIDS,82,166
4632496,DIV.966,Nouvelles diverses,362,644
4632496,DIV.980,DIV.980,37,76
4632496,DIV.983,DIV.983,24,57
4632496,DIV.988,5 Fête Aérienne de Vincennes,117,210
4632496,DIV.1000,"NOS ORGANISATIONS : Le Concours des "" ? "" Suite du classement",669,1648
4632496,DIV.1079,Publicité,14,48
4632496,DIV.1089,Publicité,25,84
4632496,DIV.1093,Publicité,25,63
4632496,DIV.1101,LES SPORTS ET LE PARLEMENT : Le C. N. S. et le C. 0. F. ont exposé hier aux parlementaires sportifs leurs légitimes revendications Trois désirs ont été formulés par M. Gaston Vidal,277,429
4632496,DIV.1116,"CE SOIR, AU GYMNASE VOLTAIRE : Les athlètes français concourront pour fermer la sélection olympique",154,322
4632496,DIV.1130,Publicité,20,55
4632496,DIV.1134,Publicité,87,156
4632496,DIV.1149,Publicité,108,229
4632496,DIV.1161,Publicité,31,73
4632496,DIV.1169,Publicité,16,45
4632496,DIV.1178,Publicité,30,88
4632496,DIV.1193,Publicité,60,123
4632496,DIV.1205,Publicité,23,60
4632496,DIV.1213,Publicité,11,25
4632496,DIV.1233,Publicité,14,33
4632496,DIV.1238,Publicité,94,176
4632496,DIV.1251,Publicité,50,84
4632496,DIV.1259,"Le Grand Prix Cycliste de Paris : Demain après-midi, deuxième journée du splendide meeting",314,465
4632496,DIV.1274,CIRCUIT DU BYRRH : Tour du Sud-Est 1928,161,266
4632496,DIV.1283,LE 7e CRITERIUM DES TANDEMS SUR PAIRIS-DEAUVILLE,125,268
4632496,DIV.1292,KAUFMANN BAT MICHARD A TOURS,105,212
4632496,DIV.1303,Nouvelles diverses,154,286
4632496,DIV.1314,QUELLES SERONT LES EQUIPES QUI PORTERONT NOS COULEURS A AMSTERDAM ?,273,435
4632496,DIV.1331,Risko a battu Godfrey,35,58
4632496,DIV.1339,LE GALA DES « ANCIENS »,92,137
4632496,DIV.1346,POUR FRANCIS CHARLES,55,113
4632496,DIV.1352,Nouvelles diverses,218,363
4632496,DIV.1363,CHEZ LES CORPORATIFS : CYCLISME,34,72
4632496,DIV.1372,ATHLETISME : La réunion préolympique de Saint-Maur,78,149
4632496,DIV.1379,DANS LES FEDERATIONS,47,90
4632496,DIV.1384,CHEZ LES SCOLAIRES : NATATION,237,542
4632496,DIV.1407,NOUVELLES DIVERSES,12,32
4632496,DIV.1412,CHEZ LES MILITAIRES : CYCLISME Les Championnats de France,115,193
4632496,DIV.1422,L'ASSEMBLEE GENERALE DE LA LIGUE DE PARIS,103,178
4632496,DIV.1433,L'assemblée générale de l'U.F.F.S.A.,99,187
4632496,DIV.1443,LE TOURNOI DE WIMBLEDON : Les Français triomphent toujours,557,1627
4632496,DIV.1460,"LES CRITERIUM, OMNIUM ET ESPERANCE",503,1407
4632496,DIV.1473,LE MATCH STADE-R.C.F. JUNIORS,43,73
4632496,DIV.1478,NOUVELLES DIVERSES,82,199
4632496,DIV.1484,Deux championnats de France,40,76
4632496,DIV.1493,LA SECONDE JOURNEE DES CHAMPIONNATS DE PARIS,266,509
4632496,DIV.1510,DANS LES CLUBS,32,77
4632496,DIV.1519,LÀ TRAVERSEE DE PARIS DE LA S.N.E.N.,52,85
4632496,DIV.1524,ENTRAINEMENT et RENDEZ-VOUS,36,74
4632496,DIV.1530,NOUVELLES DIVERSES,65,128
4632496,DIV.1539,Le Championnat de Paris,121,272
4632496,DIV.1550,Côte Basque,48,84
4632496,DIV.1556,Du yoko-garbia à Baïgorry,61,121
4632496,DIV.1566,AUJOURD'HUI COMMENCE LE GRAND TOURNOI INTERNATIONAL DU TOUQUET-PARIS-PLAGE,223,410
4632496,DIV.1579,UNE FETE A SENS,139,233
4632496,DIV.1592,NOUVELLES DIVERSES,209,429
4632496,DIV.1601,Publicité,50,166
4632496,DIV.1620,Sélection olympique de gréco-romaine,179,390
4632496,DIV.1643,DIV.1643,51,119
4632496,DIV.1650,COURSES A AUTEUIL : Résultats du 28 juin (bon terrain),792,1385
4632496,DIV.1687,BULLETIN FINANCIER,251,679
4632496,DIV.1699,DIV.1699,72,137
4632496,DIV.1706,Publicité,20,46
4632496,DIV.1711,Publicité,72,165
4632496,DIV.1723,Publicité,63,125
4632496,DIV.1739,Publicité,15,26
4632496,DIV.1746,DIV.1746,92,167
4632496,DIV.1756,DIV.1756,9109,23119
4632496,DIV.2294,Publicité,55,128
4632496,DIV.2304,DIV.2304,43,144
4632496,DIV.2327,DIV.2327,39,82
4632496,DIV.2336,Publicité,541,854
4632496,DIV.2372,DIV.2372,783,1664
4632496,DIV.2403,DIV.2403,53,159
4632496,DIV.2413,DIV.2413,535,1185
4632496,DIV.2454,Annonces,93,146
4632496,DIV.2463,DIV.2463,63,98
4632496,DIV.2467,Publicité,74,173
4632496,DIV.2481,Publicité,31,88
4632496,DIV.2490,Publicité,20,40
4632496,DIV.2495,Publicité,98,253
4632496,DIV.2527,Publicité,31,77
4632496,DIV.2534,Publicité,55,136
4632496,DIV.2543,DIV.2543,11,26
4632496,DIV.2547,Publicité,121,229
4633797,DIV.35,LES CONTES DE « L'AUTO » : Les pancartes,744,1189
4633797,DIV.53,LES ENQUETES DE « L'AUTO » : LEURS SOBRIQUETS,90,171
4633797,DIV.72,L'Australien Crawford a éliminé l'Anglais Perry au Tournoi de Wimbledon,293,462
4633797,DIV.93,LES GRANDES EPREUVES D'AUTOMOBILE : L'ALFA ROMEO « MONOPOSTO » QUI COURRA DIMANCHE LE GRAND PRIX DE L'A.C.F.,308,506
4633797,DIV.112,Demi-finale du Championnat du Monde des poids mouche : HUGUENIN contre ANGELMANN : Le poids lourd allemand Neusel contre Moret,626,939
4633797,DIV.149,NOS ORGANISATIONS : Le 13e Critérium de la Presse Sportive commence ce soir,422,789
4633797,DIV.194,C'est aujourd'hui que commence le Tour de Hongrie international des amateurs,78,114
4633797,DIV.201,D'UN JOUR A L'AUTRE : Beware of Photograph !,304,475
4633797,DIV.220,"NOS ORGANISATIONS : Le 7 août sera disputé, à Poissy l'original Championnat des Débrouillards de « l'Auto »",254,379
4633797,DIV.236,Publicité,25,39
4633797,DIV.242,EN VUE DE LA GRANDE EPREUVE : En escaladant le Tourmalet Archambaud s'est révélé excellent grimpeur Speicher et M. Bidot sont en forme,229,353
4633797,DIV.256,DIV.256,101,155
4633797,DIV.260,DIV.260,55,90
4633797,DIV.268,DIV.268,32,54
4633797,DIV.272,DIV.272,64,116
4633797,DIV.277,DIV.277,35,56
4633797,DIV.286,Charles Pélissier ne partira pas...,269,433
4633797,DIV.308,Albert Barthélémy remplacera Ch. Pélissier dans l'équipe de France,558,798
4633797,DIV.323,LES PRIMES : 673.600 + 10.000 = 683.600 Prime de la Ville d'Aix-les-Bains : 10.000 francs,612,878
4633797,DIV.347,NECROLOGIE : Les obsèques de la Marquise de Dion,908,1671
4633797,DIV.381,ATHLETISME : Sur la Côte d'Azur,224,555
4633797,DIV.397,Publicité,33,55
4633797,DIV.403,Le Monde et le Sport,105,175
4633797,DIV.414,Une suggestion pour Reims,288,434
4633797,DIV.428,Le Grand Prix de l'A.C.F. : Circuit de Reims — 3 juillet,437,671
4633797,DIV.461,LE CONCOURS D'ELEGANCE AU PARC BORDELAIS,358,744
4633797,DIV.498,"AUJOURD'HUI, L'A.C.I.F. TIENT SON ASSEMBLEE GENERALE",41,86
4633797,DIV.504,L'INAUGURATION DU SIEGE DE MINERVA FRANCE,154,291
4633797,DIV.511,DE BONNES NOUVELLES DE TEDALDI,114,178
4633797,DIV.517,Epreuves à venir,133,204
4633797,DIV.522,Les Résultats : J. de Maleplane vainqueur au Djebel El Mokra (Tanger),363,857
4633797,DIV.543,Publicité,97,214
4633797,DIV.560,Une course de vélomoteurs ne correspond à rien,296,438
4633797,DIV.570,Les essais pour le Grand Prix de l'U.M.F. commenceront aujourd'hui (Circuit de Reims ),168,271
4633797,DIV.579,MOUCHIROND ET RAPEAU NOUS RENDENT VISITE,206,328
4633797,DIV.588,RICHARD VA MIEUX,56,80
4633797,DIV.594,Epreuves à venir,123,209
4633797,DIV.599,Les Résultats,536,1377
4633797,DIV.622,Clubs et Associations,42,103
4633797,DIV.628,Nouvelles diverses,46,77
4633797,DIV.633,Le Moto-Bail : LES COUPES DE FRANCE DEBUTERONT A PARIS LE 10 JUILLET,343,541
4633797,DIV.652,IL SERA INTERDIT DE SURVOLER LE CIRCUIT DE REIMS PENDANT LE GRAND PRIX AUTOMOBILE,87,134
4633797,DIV.658,LE SERGENT GIRAUD S'EST TUE DE NUIT,131,225
4633797,DIV.665,Nouvelles diverses,507,882
4633797,DIV.685,Publicité,100,189
4633797,DIV.695,EN MARGE : LE 250e ANNIVERSAIRE DE DOM PERIGNON INVENTEUR DU CHAMPAGNE,521,853
4633797,DIV.713,NECROLOGIE : Les obsèques de Philippe Vieux ont eu lieu hier,463,796
4633797,DIV.728,ATHLETISME,228,563
4633797,DIV.757,Turel Vanzeried remplacera Blattmann dans l'équipe suisse,334,692
4633797,DIV.792,En escalant le Tourmalet Archambaud s'est révélé excellent grimpeur,520,796
4633797,DIV.815,Abonnements « Tour de France »,111,172
4633797,DIV.827,Quelques explications sur la préparation pré-olympique des cyclistes,506,823
4633797,DIV.845,"DEMAIN SOIR, A BUFFALO : D'une brûlante actualité la « Finale des Finales » réunira les silx meilleurs stayers français Les « trois », qui ne furent pas du Championnat de France, veulent battre les « trois » vedettes de l'épreuve nationale.",259,375
4633797,DIV.854,LE MEETING DU GRAND PRIX DE PARIS : Les têtes de séries du Prix de l'Espérance sont connues... ... ainsi que celles du Grand Prix amateurs,160,287
4633797,DIV.871,La grande compétîtion provinciale Marseille-Lyon sera disputée pour la 18e fois le 15 août prochain,365,556
4633797,DIV.884,Les Six Jours de Marseille,393,821
4633797,DIV.911,RAMPELBERG VEUT S'ATTAQUER AU RECORD PRE-OLYMPIQUE DU KILOMETRE DEPART ARRETE : Des tentatives de Michard et Gérardin,132,241
4633797,DIV.920,"L'ETAT DU JEUNE MATHIE , RESTE TRES GRAVE",68,113
4633797,DIV.927,ARRIVE HIER A PARIS DI PACO VA RECONNAITRE DEUX ETAPES DU TOUR,154,222
4633797,DIV.934,MARCILLAC ET BRUNIER VONT « TOURNER » EN ALLEMAGNE,86,130
4633797,DIV.940,MARCEL HUOT VIENT NOUS PRESENTER LAROULANDIE,76,154
4633797,DIV.945,LA SELECTION AMERICAINE POUR LES JEUX OLYMPIQUES,111,193
4633797,DIV.951,CONAN A COUVERT 41 KM. 795 DANS L'HEURE,42,79
4633797,DIV.959,SUR PISTE : EN FRANGE,163,363
4633797,DIV.967,SUR ROUTE,778,1835
4633797,DIV.990,Echos des Pistes et de la Route,121,258
4633797,DIV.1000,Nouvelles diverses,373,700
4633797,DIV.1017,NOUVELLES DIVERSES,31,69
4633797,DIV.1025,L'A.B.C. DE LA PEDALE : L'historique des Audax cyclistes,1187,2080
4633797,DIV.1079,"Ce que l'on verra ce soir, au Palais des Sports en plus du combat Angelmann - Huguenin",611,978
4633797,DIV.1125,FANTAISIE : Le boxeur,524,856
4633797,DIV.1145,AU CENTRAL S.C. : Raphaël a battu Thibault aux points,172,272
4633797,DIV.1158,POUR ALLER VOIR LE MATCH MARCEL THIL-LEN HARVEY,121,168
4633797,DIV.1165,YOUNG PEREZ CONTRE ARILLA POUR LE TITRE MONDIAL ?,62,99
4633797,DIV.1171,LES COMBATS POSSIBLES POUR MAX SCHMELING EN EUROPE,89,142
4633797,DIV.1180,YOUNG PEREZ NE SERA PAS OPPOSE A KID FRANCIS,62,88
4633797,DIV.1186,AU CENTRAL S.C. : Réunion de clôture Samedi 2 juillet,61,123
4633797,DIV.1194,Ce qu'on verra à Paris et... ailleurs,118,182
4633797,DIV.1204,Réunions à venir,33,74
4633797,DIV.1211,Les Résultats,94,170
4633797,DIV.1222,Nouvelles diverses,79,106
4633797,DIV.1229,Publicité,14,35
4633797,DIV.1235,La 26e Fête fédérale de la Fédération de Sauvetage,79,135
4633797,DIV.1244,Louis Hostiln peut battre le Danois Svend Olsen,155,259
4633797,DIV.1254,Publicité,24,49
4633797,DIV.1259,Publicité,47,108
4633797,DIV.1278,Crawford contre Vines et Satoh contre Austin joueront les demi-finales du Tournoi de Wimbledon : (Suite de notre article de première page),308,677
4633797,DIV.1290,AU COURS DU TOURNOI INTERNATIONAL DE GENES LA SELECTION MARSEILLAISE A BATTU CELLE DE GENES,252,581
4633797,DIV.1296,"LES CRITERIUM, OMNIUM ET ESPERANCE DE FRANCE",46,91
4633797,DIV.1304,COMMENT LES ROUMAINS ONT RÉALISÉ L'ORGANISATION DE L'EDUCATION PHYSIQUE,993,1503
4633797,DIV.1335,ECOLES EN PLEIN AIR : Les excellents résultats obtenus par l'Ecole de la Motte,627,892
4633797,DIV.1358,B.A.P ET B.P.E.S.M. : De la conception de la préparation au service militaire,776,1090
4633797,DIV.1386,La Fête de la Jeunesse à Rouen,99,171
4633797,DIV.1396,LA FETE INTERNATIONALE DES MOUETTES,129,224
4633797,DIV.1401,UN SAUVETAGE DE L'ANCIEN RECORDMAN GUIGNE BOLOGNE,97,167
4633797,DIV.1406,LA FETE DES PINGOUINS,124,206
4633797,DIV.1411,LA FETE DE L'ONDINE,145,371
4633797,DIV.1416,LES NAGEURS A LA PREPARATION MILITAIRE,64,120
4633797,DIV.1421,LE CHALLENGE OUBIN-BOSCHER,154,346
4633797,DIV.1429,Quelles sont les chances de nos boxeurs amateurs aux Jeux de Los Angeles ? : Ce que valent nos représentants,473,691
4633797,DIV.1441,Que pouvons-nous espérer en athlétisme aux Jeux de Los Angeles ?,378,545
4633797,DIV.1447,L'équipe italienne d'athlétisme,100,206
4633797,DIV.1455,Au bureau fédéral,627,942
4633797,DIV.1466,A PROPOS DE LA MEDAILLE D'OR ET DE NOTRE CLASSEMENT DES ARBITRES,114,183
4633797,DIV.1471,DES INCIDENTS EN ESPAGNE AU COURS DU MATCH TORINO - CATALOGNE,240,383
4633797,DIV.1478,LE CHAMPIONNAT DE L'EUROPE CENTRALE,109,184
4633797,DIV.1485,LA NOUVELLE EDITION DES STATUTS ET REGLEMENTS,89,149
4633797,DIV.1490,LES TOURNOIS DE SIXTE,132,287
4633797,DIV.1495,LA FINALE DU TOURNOI DE SAULNES,15,34
4633797,DIV.1503,Le Conseil de discipline a pris des résolutions énergiques,228,306
4633797,DIV.1508,LE STADE BORDELAIS S'ENGAGERA DANS LE CHAMPIONNAT DE FRANCE,68,115
4633797,DIV.1513,UNE VICTOIRE DU MADRID F.C.,88,142
4633797,DIV.1522,LA CONSTITUTION DE LA FEDERATION FRANÇAISE DE BASKET-BALL,69,105
4633797,DIV.1530,Le Challenge Cesiano à la Salle Cléry,163,309
4633797,DIV.1538,LE PRIX BARUTEL-BEAU (S.F.E.B.) Tournoi professionnel à la partie par la rouge,139,272
4633797,DIV.1543,Belle inauguration billardiste,93,153
4633797,DIV.1551,AU FAISCEAU,40,90
4633797,DIV.1556,BALL-TRAP,33,84
4633797,DIV.1564,JEU DE PAUME,39,83
4633797,DIV.1569,YACHTING,39,76
4633797,DIV.1575,GYMNASTIQUE,38,64
4633797,DIV.1583,DIV.1583,50,75
4633797,DIV.1586,Publicité,19,48
4633797,DIV.1596,L'équipe finlandaise pour les J.O. prochains sera vendredi à Paris,102,146
4633797,DIV.1601,DIV.1601,21,40
4633797,DIV.1608,"UNE GRANDE REUNION DE PROPAGANDE, LE 10 JUILLET",180,354
4633797,DIV.1613,IL N'Y AURA PAS DE PRIX BLANCHET CETTE ANNEE,77,126
4633797,DIV.1618,LE CHALLENGE DE MONFORT-L'AMAURY,176,469
4633797,DIV.1623,LE CHALLENGE R. LOUYOT,187,525
4633797,DIV.1628,LES CHAMPIONNATS DE BOURGOGNE DE 2e CATEGORIE,208,554
4633797,DIV.1635,LA REUNION PREOLYMPIQUE ITALIENNE A FLORENCE,212,462
4633797,DIV.1641,LES CHAMPIONNATS DE L'UNION DROUOT (F.G.S.P.F.),211,572
4633797,DIV.1648,LA REUNION D'ECOMMOY,198,522
4633797,DIV.1653,LE CHALLENGE DE L'A.S.J. CHATEAUDUN,178,492
4633797,DIV.1658,LES GRANDS PRIX DE L'A.S. MACONNAISE,73,174
4633797,DIV.1663,LES CHAMPIONNATS DE CATALOGNE,78,173
4633797,DIV.1668,DEMANDES DE MATCHES,43,121
4633797,DIV.1673,NOUVELLES DIVERSES,61,114
4633797,DIV.1678,"BULLETIN FINANCIER : Paris, 28 juin.",217,515
4633797,DIV.1687,DIV.1687,48,105
4633797,DIV.1690,Circuits automobiles en Belgique,144,229
4633797,DIV.1695,WAGONS-LITS,170,335
4633797,DIV.1706,Les programmes,169,371
4633797,DIV.1711,CHEMINS DE FER DE L'EST,79,119
4633797,DIV.1716,Publicité,26,70
4633797,DIV.1719,Publicité,82,241
4633797,DIV.1722,Publicité,18,64
4633797,DIV.1728,DIV.1728,147,357
4633797,DIV.1735,DIV.1735,76,133
4633797,DIV.1738,DIV.1738,1817,5637
4633797,DIV.1755,Publicité,34,91
4633797,DIV.1758,Publicité,15,42
4633797,DIV.1764,DIV.1764,204,511
4633797,DIV.1770,DIV.1770,421,1023
4633797,DIV.1777,DIV.1777,68,138
4633797,DIV.1783,DIV.1783,234,511
4633797,DIV.1789,DIV.1789,70,161
4633797,DIV.1792,Publicité,23,77
4633797,DIV.1795,Publicité,15,46
4633797,DIV.1798,DIV.1798,13,25
4633797,DIV.1801,Publicité,47,105
4650200,DIV.114,Publicité,89,175
4650200,DIV.127,DIV.127,28,66
4650200,DIV.139,DIV.139,28,92
4650200,DIV.154,Publicité,93,204
4650200,DIV.167,Donnons aux Films une Ame Nationale,840,1233
4650200,DIV.186,OU ALLONS-NOUS ? : Que Vadis... Contre Quo Vadis,281,423
4650200,DIV.201,Un beau Cortège,48,83
4650200,DIV.206,Compagnie Générale du Cinématographe : ( Aubert & Cie,34,62
4650200,DIV.212,Le Royal-Palace,31,53
4650200,DIV.217,Distinction Honorifique,49,83
4650200,DIV.222,Un nouveau chef-d'œuvre d'Asta Nielsen,81,134
4650200,DIV.228,Regrettable Incident,189,274
4650200,DIV.236,Ouverture du Gaumont- Color,326,589
4650200,DIV.264,La Cinématographie en Couleurs,707,1025
4650200,DIV.288,QUELQUES CHIFFRES,79,156
4650200,DIV.299,DIV.299,66,96
4650200,DIV.304,DIV.304,17,27
4650200,DIV.307,DIV.307,28,40
4650200,DIV.310,DIV.310,23,40
4650200,DIV.314,DIV.314,139,326
4650200,DIV.319,La Dernière Minute,161,241
4650200,DIV.325,LES PETITES AFFICHES,151,293
4650200,DIV.338,ÉCHOS D'ITALIE,187,300
4650200,DIV.350,DIV.350,110,148
4650200,DIV.355,DIV.355,65,86
4650200,DIV.358,DIV.358,57,89
4650200,DIV.361,DIV.361,199,276
4650200,DIV.368,DIV.368,173,264
4650200,DIV.374,DIV.374,103,144
4650200,DIV.379,DIV.379,73,106
4650200,DIV.383,Publicité,159,283
4650200,DIV.395,Publicité,213,338
4650200,DIV.408,DIV.408,90,190
4650200,DIV.426,DIV.426,87,224
4650200,DIV.445,DIV.445,106,196
4650200,DIV.463,DIV.463,252,330
4650200,DIV.473,Publicité,103,287
4650200,DIV.503,DIV.503,121,222
4650200,DIV.513,DIV.513,1385,1866
4650200,DIV.567,Publicité,186,359
4650200,DIV.580,Publicité,28,65
4650200,DIV.594,DIV.594,166,254
4650200,DIV.598,DIV.598,152,247
4650200,DIV.602,DIV.602,2759,4149
4650200,DIV.690,Le Préfet du Nord et le Maire de Lille réglementent à nouveau l'ouverture des Salles de Projection Cinématogaphiques. : DISPOSITIONS GÉNÉRALES,1579,2359
4650200,DIV.759,Publicité,24,53
4650200,DIV.765,Publicité,171,397
4650200,DIV.773,Publicité,60,197
4650200,DIV.789,Publicité,42,119
4650200,DIV.797,DIV.797,30,69
4650200,DIV.817,DIV.817,84,196
4650200,DIV.833,II Arrêté du Maire de Lille,578,871
4650200,DIV.854,Publicité,32,78
4650200,DIV.862,Publicité,137,271
4650200,DIV.872,Publicité,120,270
4650200,DIV.884,Publicité,25,60
4650200,DIV.891,Publicité,23,68
4650200,DIV.900,DIV.900,174,433
4650200,DIV.921,DIV.921,46,135
4650200,DIV.943,DIV.943,193,444
4650200,DIV.975,DIV.975,403,667
4650200,DIV.985,Fauves et Dompteurs,861,1373
4650200,DIV.1004,Combats de Fauves,176,254
4650200,DIV.1010,Publicité,86,230
4650200,DIV.1026,Publicité,304,587
4650200,DIV.1042,Publicité,51,127
4650200,DIV.1058,Publicité,14,44
4650200,DIV.1064,Publicité,74,189
4650200,DIV.1085,Publicité,45,142
4650200,DIV.1103,Cinématographie EN couleurs naturelles,134,218
4650200,DIV.1109,Société Royale de Zoologie d'Anvers. : Grande Vente Publique D'ANIMAUX,110,202
4650200,DIV.1118,Publicité,37,108
4650200,DIV.1131,DIV.1131,28,70
4650200,DIV.1139,DIV.1139,27,53
4650200,DIV.1149,Publicité,413,640
4650200,DIV.1165,Publicité,24,50
4650200,DIV.1175,Publicité,427,815
4650200,DIV.1200,Publicité,74,218
4650200,DIV.1213,UN SECRET D'ETAT : Drame politique,363,575
4650200,DIV.1234,LA BAGUE : Comédie,305,473
4650200,DIV.1249,Les Métamorphoses de Patachon,94,168
4650200,DIV.1258,""" NORDISK-FILM "" : UN LEGS POUR LES SOURDS-MUETS Comedie",856,1204
4650200,DIV.1272,HEPWORTH : LA VENGEANCE DU TAILLEUR Comique,329,492
4650200,DIV.1292,SASCHA-FILM : L'ÉPREUVE DU FEU Comédie,473,698
4650200,DIV.1317,Le Lac de Côme et ses environs : Plein air,33,61
4650200,DIV.1324,Publicité,38,84
4650200,DIV.1335,DIV.1335,96,151
4650200,DIV.1338,DIV.1338,95,126
4650200,DIV.1342,DIV.1342,80,132
4650200,DIV.1345,DIV.1345,161,223
4650200,DIV.1349,DIV.1349,34,55
4650200,DIV.1352,DIV.1352,26,44
4650200,DIV.1355,DIV.1355,197,295
4650200,DIV.1361,Publicité,38,85
4650200,DIV.1373,"BELGIQUE Communiqué par Jacques Gavers et C° 70, rue Saint-Jean, à Anvers : Sociétés nouvellement constituées, ayant rapport aux Cinématographes.",286,507
4650200,DIV.1398,Publicité,128,266
4650200,DIV.1409,Publicité,87,211
4650200,DIV.1422,LA MORT DE GUIGNOL,483,708
4650200,DIV.1435,Publicité,48,113
4650200,DIV.1444,Publicité,430,758
4650200,DIV.1462,Publicité,10,25
4650200,DIV.1465,Publicité,17,40
4650200,DIV.1469,Publicité,17,39
4650200,DIV.1473,LE FILM : GAUMONT-ACTUALITÉS Le mieux et le plus rapidement informé des Journaux Cinématographiques LA SEMAINE PARISIENNE,308,637
4650200,DIV.1508,Publicité,15,36
4650200,DIV.1512,PLUS DE PANIQUE ...! : Grâce aux VOLETS DE SÉCURITÉ à FERMETURE AUTOMATIQUE pour regards à projection (Système Gaston CROSTE),459,713
4650200,DIV.1542,Publicité,45,106
4650200,DIV.1561,"Courrier d'Allemagne : Correspondance particulière du ""Ciné-journal""",646,989
4650200,DIV.1579,Publicité,31,75
4650200,DIV.1591,DIV.1591,63,80
4650200,DIV.1594,DIV.1594,98,142
4650200,DIV.1599,DIV.1599,184,345
4650200,DIV.1608,DIV.1608,149,233
4650200,DIV.1616,DIV.1616,33,62
4650200,DIV.1620,Publicité,42,79
4650200,DIV.1633,Annonces,54,118
4650200,DIV.1639,Publicité,146,356
4650200,DIV.1649,Publicité,156,277
4650200,DIV.1669,Publicité,49,95
4650200,DIV.1676,La Cinématographie et la Physiologie,1345,1972
4650200,DIV.1702,Publicité,83,227
4650200,DIV.1716,Publicité,63,127
4650200,DIV.1729,Publicité,177,319
4650200,DIV.1736,Publicité,53,143
4650200,DIV.1756,DIV.1756,5642,6779
4650200,DIV.1880,DIV.1880,1446,2902
4650200,DIV.1975,Publicité,125,264
4650200,DIV.1999,Publicité,123,341
4651700,DIV.29,Paris 30 Décembre.,1173,1796
4651700,DIV.45,DIV.45,317,446
4651700,DIV.56,DIV.56,221,370
4651700,DIV.70,DIV.70,202,279
4651700,DIV.78,DIV.78,318,531
4651700,DIV.85,DIV.85,47,67
4651700,DIV.88,DIV.88,78,115
4651700,DIV.92,DIV.92,134,181
4651700,DIV.97,DIV.97,190,282
4651700,DIV.102,DIV.102,137,189
4651700,DIV.106,DIV.106,356,521
4651700,DIV.113,DIV.113,781,1139
4651700,DIV.130,REVUE DE PARIS.,3658,5359
4651700,DIV.238,DIV.238,346,525
4651700,DIV.251,DIV.251,380,531
4651700,DIV.258,DIV.258,190,284
4651700,DIV.261,DIV.261,372,550
4651700,DIV.269,DIV.269,47,77
4651700,DIV.274,DIV.274,265,383
4651700,DIV.280,Réceptions aux Tuileries : A L'OCCASION DE LA NOUVELLE ANNÉE.,612,911
4651700,DIV.300,Sénat.,2630,4406
4651700,DIV.403,Faits divers.,1473,2224
4651700,DIV.443,Tribunaux.,784,1182
4651700,DIV.468,Bibliothèque Impériale. : (Extrait du Moniteur.),675,1049
4651700,DIV.480,"Variétés. : Conditions nouvelles des progrès de l'agriculture. — Le livre de M. Aug. Jourdier (1). — Manuel du drainage, par M. Vitard (2).",2195,3137
4651700,DIV.523,CHEMIN DE FER DU NORD.,59,143
4651700,DIV.532,CHEMIN DE FER DE PARIS A ROUEN.,55,133
4651700,DIV.539,CHEMIN DE FER DE ROUEN AU HAVRE.,59,133
4651700,DIV.546,CHEMIN DE PARIS A ORLÉANS,65,153
4651700,DIV.554,COMP. DES CHEMINS DE FER DE L'EST.,101,209
4651700,DIV.569,CHEMIN DE FER DE PARIS A LYON (1). : SECTION DE PARIS A CHALON.,69,162
4651700,DIV.577,CHEMIN DE FER DE L'OUEST. : SECTION DE PARIS A CHARTRES.,65,154
4651700,DIV.585,CHEMIN DE FER DE SAINT-GERMAIN.,19,43
4651700,DIV.590,C. DE FER DE LYON A LA MÉDITERRANÉE.,605,715
4651700,DIV.607,CH. DE FER GRAND-CENTRAL DE FRANCE. : SECTION DE LYON A ROANNE.,66,161
4651700,DIV.615,CHEMIN DE FER D'ORSAY.,21,45
4651700,DIV.620,DIV.620,189,333
4651700,DIV.627,Publicité,161,257
4651700,DIV.633,Publicité,72,182
4651700,DIV.641,Publicité,19,42
4651700,DIV.645,Publicité,16,34
4651700,DIV.648,Publicité,94,172
4651700,DIV.661,Publicité,36,75
4651700,DIV.669,Publicité,33,65
4651700,DIV.676,Publicité,26,55
4651700,DIV.680,Publicité,31,73
4651700,DIV.683,Publicité,124,196
4651700,DIV.693,Publicité,48,95
4651700,DIV.696,Publicité,23,44
4651700,DIV.699,Publicité,71,131
4651700,DIV.703,Publicité,13,30
4651700,DIV.706,Publicité,12,39
4651700,DIV.709,Publicité,78,169
4651700,DIV.718,Publicité,35,99
4651700,DIV.725,Publicité,137,287
4651700,DIV.734,Publicité,302,721
4651700,DIV.759,Publicité,315,530
4651700,DIV.769,Publicité,161,456
4651700,DIV.777,Annonces,1346,2228
4651700,DIV.817,Publicité,358,659
4651700,DIV.847,DIV.847,3319,5956
4651700,DIV.911,BOURSES ÉTRANGÈRES.,81,248
4651700,DIV.921,Bulletin commercial.,481,1035
4651700,DIV.956,DÉCLARATIONS DE FAILLITES.,48,136
4651700,DIV.962,ASSEMBLÉES DES CRÉANCIERS.,66,154
4651700,DIV.969,DIV.969,178,442
4651700,DIV.986,Annonces,156,399
4651700,DIV.1004,SPECTACLES DU 31 DÉCEMBRE.,202,481
4651700,DIV.1015,Publicité,12,35
4651968,DIV.24,SOMMAIRE.,132,250
4651968,DIV.36,"Paris, le 29 Septembre",1767,2463
4651968,DIV.63,DIV.63,541,744
4651968,DIV.75,DIV.75,181,255
4651968,DIV.80,DIV.80,79,112
4651968,DIV.84,DIV.84,91,137
4651968,DIV.91,DIV.91,307,445
4651968,DIV.101,DIV.101,216,290
4651968,DIV.109,DIV.109,159,214
4651968,DIV.114,DIV.114,73,110
4651968,DIV.119,DIV.119,3362,5183
4651968,DIV.188,LE BARON LA GAZETTE. PAR A. DE GONDRECOURT. : PREMIERE PARTIE.,3427,5172
4651968,DIV.279,DIV.279,75,113
4651968,DIV.282,DIV.282,82,123
4651968,DIV.286,DIV.286,121,186
4651968,DIV.290,DIV.290,98,140
4651968,DIV.296,DIV.296,228,304
4651968,DIV.302,DIV.302,53,81
4651968,DIV.305,DIV.305,265,371
4651968,DIV.315,DIV.315,172,274
4651968,DIV.327,Etranger.,791,1239
4651968,DIV.347,DIV.347,253,381
4651968,DIV.361,DIV.361,2348,3761
4651968,DIV.421,DETTE PUBLIQUE DE BELGIQUE. : Avis.,133,239
4651968,DIV.431,CHEMIN DE FER GRAND-CENTRAL DE FRANCE.,193,302
4651968,DIV.444,Exposition de New-York. : (7e Article.),2614,3805
4651968,DIV.483,Rapport à l'Empereur : SUR LA SITUATION DE L'INSTRUCTION PUBLIQUE DEPUIS LE 2 DÉCEMBRE 1851. (Suite. - Voir nos numéros du 25 au 28.) VIII.,4723,6859
4651968,DIV.548,Commerce et Industrie.,879,1422
4651968,DIV.581,Annonces,53,110
4651968,DIV.589,Publicité,79,139
4651968,DIV.596,Publicité,61,103
4651968,DIV.600,Publicité,21,51
4651968,DIV.604,Publicité,24,62
4651968,DIV.608,Annonces,33,78
4651968,DIV.613,Publicité,33,81
4651968,DIV.619,Publicité,49,106
4651968,DIV.624,Annonces,50,74
4651968,DIV.627,Publicité,18,46
4651968,DIV.630,Publicité,27,80
4651968,DIV.634,Publicité,44,77
4651968,DIV.637,Publicité,54,100
4651968,DIV.641,Publicité,22,46
4651968,DIV.644,Publicité,50,118
4651968,DIV.650,Publicité,23,53
4651968,DIV.653,Annonces,303,478
4651968,DIV.659,Publicité,64,144
4651968,DIV.662,Publicité,30,64
4651968,DIV.667,Annonces,263,527
4651968,DIV.696,Publicité,121,229
4651968,DIV.700,Publicité,46,107
4651968,DIV.711,Publicité,47,88
4651968,DIV.716,Publicité,41,85
4651968,DIV.722,Publicité,63,122
4651968,DIV.729,Publicité,376,702
4651968,DIV.746,Publicité,41,105
4651968,DIV.755,DIV.755,2738,4519
4651968,DIV.798,Halles et Marchés.,530,1166
4651968,DIV.826,DÉCLARATIONS DE FAILLITES.,93,263
4651968,DIV.833,ASSEMBLÉES DES CRÉANCIERS.,46,100
4651968,DIV.838,Annonces,204,513
4651968,DIV.852,Annonces,107,260
4651968,DIV.864,Spectacles du 30 septembre.,255,545
4653842,DIV.28,"Paris, le 30 Juin.",2132,3113
4653842,DIV.72,DIV.72,72,107
4653842,DIV.75,DIV.75,25,43
4653842,DIV.78,DIV.78,185,295
4653842,DIV.91,DIV.91,221,304
4653842,DIV.96,Des colonies agricoles de bienfaisance du royaume des Pays-Bas.,1694,2660
4653842,DIV.165,LE LIVRE DES MYSTÈRES : LA SŒUR DES FANTOMES Par M. PAUL FÉVAL,4213,6153
4653842,DIV.303,DIV.303,74,95
4653842,DIV.306,DIV.306,177,381
4653842,DIV.315,DIV.315,1830,2654
4653842,DIV.343,DIV.343,64,100
4653842,DIV.347,Sénat.,306,480
4653842,DIV.369,DIV.369,645,924
4653842,DIV.391,Nouvelles diverses.,1658,2540
4653842,DIV.420,Banlieue de Paris.,959,1475
4653842,DIV.440,Statistique parisienne du mois de mal.,1152,2434
4653842,DIV.468,"La Femme et l'Enfant, : PAR M. ALPHONSE JOBEZ (1).",1922,2946
4653842,DIV.496,"De Sa Propriété littéraire et artistique au point de vue international, : PAR ALFRED VILLEFORT, attaché au ministère des affaires étrangères (1).",1597,2262
4653842,DIV.519,Emploi de la journée à Paris.,666,1277
4653842,DIV.548,Bulletin commercial.,700,1486
4653842,DIV.585,Annonces,58,148
4653842,DIV.589,Annonces,31,76
4653842,DIV.593,Annonces,26,59
4653842,DIV.596,Annonces,20,52
4653842,DIV.600,Annonces,18,43
4653842,DIV.604,Publicité,52,93
4653842,DIV.607,Annonces,18,42
4653842,DIV.610,Annonces,20,58
4653842,DIV.614,Annonces,11,24
4653842,DIV.617,Publicité,39,91
4653842,DIV.620,Publicité,21,63
4653842,DIV.625,Publicité,43,80
4653842,DIV.629,Publicité,299,482
4653842,DIV.638,Publicité,83,153
4653842,DIV.645,Publicité,559,1000
4653842,DIV.654,Publicité,1178,1789
4653842,DIV.672,DIV.672,1602,2353
4653842,DIV.698,DIV.698,801,1522
4653842,DIV.732,BOURSES ÉTRANGÈRES.,135,449
4653842,DIV.743,Annonces,123,288
4653842,DIV.753,Annonces,39,97
4653842,DIV.759,Annonces,121,276
4653842,DIV.769,Annonces,165,432
4653842,DIV.783,Spectacles du 1er juillet,192,464
4654798,DIV.30,Annonces,230,367
4654798,DIV.46,"PARIS, 30 DÉCEMBRE.",1345,1945
4654798,DIV.64,DIV.64,899,1299
4654798,DIV.82,DIV.82,812,1130
4654798,DIV.97,REVUE DRAMATIQUE.,2958,4335
4654798,DIV.143,Assistance publique. : Etablissemens charitables. (Voir le Pays du 29 décembre.),1092,1882
4654798,DIV.193,DIV.193,102,175
4654798,DIV.202,DIV.202,60,83
4654798,DIV.205,DIV.205,76,108
4654798,DIV.208,DIV.208,304,504
4654798,DIV.216,DIV.216,344,535
4654798,DIV.233,Italie.,115,224
4654798,DIV.241,Allemagne.,182,262
4654798,DIV.251,Russie.,104,172
4654798,DIV.260,Angleterre.,71,105
4654798,DIV.267,Portugal.,283,391
4654798,DIV.277,FRANCE.,2058,2949
4654798,DIV.314,DIV.314,50,91
4654798,DIV.318,ECHO UNIVERSEL.,2481,3670
4654798,DIV.364,"VARIETÉS. : Les Socialistes depuis février, par M. Jules Breynat.",1743,2631
4654798,DIV.419,DIV.419,67,105
4654798,DIV.423,DIV.423,382,641
4654798,DIV.434,Spectacles du 31 Décembre.,176,412
4654798,DIV.450,Annonces,632,1027
4654798,DIV.464,Annonces,40,82
4654798,DIV.467,Publicité,47,85
4654798,DIV.471,Publicité,72,153
4654798,DIV.474,Publicité,23,59
4654798,DIV.478,Publicité,134,209
4654798,DIV.483,Annonces,54,77
4654798,DIV.486,Publicité,167,269
4654798,DIV.496,Publicité,123,253
4654798,DIV.502,Publicité,188,349
4654798,DIV.511,Publicité,18,46
4654798,DIV.514,Publicité,77,139
4654798,DIV.518,Publicité,23,54
4654798,DIV.521,Publicité,29,58
4654798,DIV.524,Publicité,73,146
4654798,DIV.536,Publicité,60,144
4654798,DIV.539,Publicité,77,160
4654798,DIV.542,Publicité,16,46
4654798,DIV.548,Publicité,46,91
4654798,DIV.551,Publicité,60,120
4654798,DIV.557,Publicité,92,189
4654798,DIV.560,Publicité,511,823
4654798,DIV.597,BULLETIN FINANCIER DU PAYS.,6533,6734
4654798,DIV.645,Bulletin hebdomadaire.,1137,2231
4654800,DIV.29,A NOS LECTEURS.,873,1257
4654800,DIV.43,"PARIS, 31 DÉCEMBRE.",876,1242
4654800,DIV.58,DIV.58,890,1233
4654800,DIV.76,DIV.76,574,867
4654800,DIV.84,DIV.84,830,1213
4654800,DIV.98,NOUVELLES DE PARIS.,3540,5231
4654800,DIV.208,FRANCE.,1132,1602
4654800,DIV.234,DIV.234,30,50
4654800,DIV.240,Italie. : Résumé des événemens.,1544,2241
4654800,DIV.265,Question Allemande.,1361,2017
4654800,DIV.294,DIV.294,130,187
4654800,DIV.300,Espagne.,159,256
4654800,DIV.305,Nouvelles d'Angleterre.,980,1428
4654800,DIV.323,ECHO UNIVERSEL.,2548,3762
4654800,DIV.379,"Nous croyons devoir reproduire ici l'exposé de principes qui a servi le programme à notre journal, et qui a été inséré dans un numéro spécimen tiré à 40,000 exemplaires : : LETTRE CIRCULAIRE.",2678,3804
4654800,DIV.431,SPECTACLES DU 1 JANVIER.,86,215
4654800,DIV.444,Publicité,508,900
4655957,DIV.28,"Paris, le 31 Mars.",22,37
4655957,DIV.33,DIV.33,882,1299
4655957,DIV.55,DIV.55,73,111
4655957,DIV.62,DIV.62,101,145
4655957,DIV.68,DIV.68,51,71
4655957,DIV.71,DIV.71,35,55
4655957,DIV.75,DIV.75,57,77
4655957,DIV.80,DIV.80,21,30
4655957,DIV.83,DIV.83,60,83
4655957,DIV.88,DIV.88,128,187
4655957,DIV.93,DIV.93,69,95
4655957,DIV.100,ITALIE.,49,81
4655957,DIV.105,ALLEMAGNE.,469,708
4655957,DIV.121,"ESPAGNE,",393,585
4655957,DIV.133,ÉCHO UNIVERSEL.,3261,4940
4655957,DIV.213,DIV.213,121,244
4655957,DIV.238,LA RÉVOLTE DES JANISSAIRES.(1) PAR M. DE LAMARTINE. ÉPISODE DU RÈGNE DE SÉLIM.,3744,5935
4655957,DIV.339,Séance du 31 mars.,3121,4864
4655957,DIV.461,Ordre du jour du mardi 1er avril 1851.,141,223
4655957,DIV.470,LA SEMAINE SCIENTIFIQUE.,3434,5326
4655957,DIV.536,BULLETIN COMMERCIAL.,1198,2591
4655957,DIV.606,Publicité,13,34
4655957,DIV.611,DIV.611,370,578
4655957,DIV.622,DÉCLARATIONS DE FAILLITES.,39,90
4655957,DIV.629,Assemblées de Créanciers.,57,158
4655957,DIV.647,Publicité,791,1381
4655957,DIV.661,Annonces,35,58
4655957,DIV.664,Publicité,33,80
4655957,DIV.668,Annonces,17,44
4655957,DIV.671,Annonces,13,45
4655957,DIV.675,Publicité,32,61
4655957,DIV.678,Annonces,34,62
4655957,DIV.682,Publicité,56,93
4655957,DIV.685,Publicité,15,34
4655957,DIV.688,Annonces,24,49
4655957,DIV.691,Annonces,53,92
4655957,DIV.694,Annonces,41,97
4655957,DIV.698,Publicité,21,54
4655957,DIV.701,Annonces,27,53
4655957,DIV.704,Annonces,53,118
4655957,DIV.708,Publicité,97,212
4655957,DIV.714,Annonces,24,56
4655957,DIV.717,Publicité,32,71
4655957,DIV.720,Annonces,66,153
4655957,DIV.723,Annonces,18,41
4655957,DIV.726,Publicité,118,202
4655957,DIV.732,Annonces,41,97
4655957,DIV.736,Publicité,13,31
4655957,DIV.739,Annonces,10,35
4655957,DIV.743,Annonces,22,42
4655957,DIV.746,Annonces,10,32
4655957,DIV.749,Annonces,10,27
4655957,DIV.752,Annonces,52,101
4655957,DIV.755,Publicité,55,150
4655957,DIV.762,Publicité,54,124
4655957,DIV.772,Publicité,56,120
4655957,DIV.776,Publicité,419,743
4655957,DIV.790,DIV.790,2691,4320
4655957,DIV.838,BOURSES ÉTRANGÈRES.,177,609
4655957,DIV.850,DIV.850,191,290
4655957,DIV.855,Annonces,198,499
4655957,DIV.871,Spectacles du 1er Avril.,84,283
4683376,DIV.25,AUX PAYS MINIERS,460,686
4683376,DIV.37,DIV.37,232,351
4683376,DIV.46,MILITARISME,453,666
4683376,DIV.58,DIV.58,128,191
4683376,DIV.63,PROVOCATIONS,528,758
4683376,DIV.76,ALLIANCES,725,1122
4683376,DIV.89,DIV.89,205,306
4683376,DIV.97,NOS LIVRES,472,712
4683376,DIV.114,AUX DÉPUTÉS SOCIALISTES,271,444
4683376,DIV.124,UNE RÉPONSE,527,786
4683376,DIV.137,DIV.137,102,175
4683376,DIV.141,A ZURICH,424,629
4683376,DIV.158,DIV.158,139,202
4683376,DIV.162,DIV.162,212,328
4683376,DIV.169,DIV.169,501,733
4683376,DIV.187,DIV.187,330,450
4683376,DIV.199,DIV.199,357,601
4683376,DIV.207,DIV.207,325,506
4683376,DIV.214,DIV.214,312,458
4683376,DIV.225,DIV.225,214,312
4683376,DIV.230,DANS LES GROUPES,659,928
4683376,DIV.248,Échos et Nouvelles,627,913
4683376,DIV.279,DIV.279,77,118
4683376,DIV.284,DES MOTS,753,1048
4683376,DIV.302,Au Pied du Mur,648,886
4683376,DIV.319,DIV.319,135,181
4683376,DIV.325,Organisation Nécessaire,708,1052
4683376,DIV.354,DIV.354,99,164
4683376,DIV.361,UN LIVRE NÉCESSAIRE,235,369
4683376,DIV.371,Publicité,29,74
4683376,DIV.378,Publicité,53,168
4683376,DIV.391,DIV.391,881,957
4683376,DIV.404,DIV.404,102,146
4683376,DIV.408,DIV.408,124,255
4683376,DIV.421,DIV.421,329,502
4683376,DIV.438,DIV.438,35,59
4683376,DIV.443,DIV.443,55,99
4683376,DIV.450,DIV.450,64,111
4683376,DIV.454,DIV.454,100,149
4683376,DIV.459,DIV.459,77,119
4683376,DIV.463,DIV.463,163,228
4683376,DIV.474,DIV.474,200,300
4683376,DIV.482,DIV.482,143,219
4683376,DIV.489,Publicité,25,61
4683376,DIV.492,Publicité,31,72
4683376,DIV.501,"BIBLIOTHÈQUE SOCIALISTE : 51, rue Saint-Sauveur, 51",1962,2506
4683376,DIV.541,CHEMINS DE FER DE L'OUEST : Billets d'excursions délivrés toute l'année. (1e classe 65 francs; — 2e classe 50 francs.),293,568
4683376,DIV.555,CHEMINS DE FER D'ORLÉANS : BAINS DE MER DE L'OCÉAN,266,527
4683376,DIV.570,Publicité,30,73
4683376,DIV.581,Publicité,261,528
4683376,DIV.601,Publicité,109,252
4683734,DIV.24,PARIS VENDU,1366,2081
4683734,DIV.81,DIV.81,42,64
4683734,DIV.84,DIV.84,27,42
4683734,DIV.87,DIV.87,19,31
4683734,DIV.91,DIV.91,40,69
4683734,DIV.97,DIV.97,10,16
4683734,DIV.100,DIV.100,15,18
4683734,DIV.103,DIV.103,56,81
4683734,DIV.106,DIV.106,59,84
4683734,DIV.111,DIV.111,124,174
4683734,DIV.116,DIV.116,52,77
4683734,DIV.120,DIV.120,49,79
4683734,DIV.125,M. THIERS,89,137
4683734,DIV.132,DISCOURS DE M. THIERS,1488,2241
4683734,DIV.163,Un cadeau de bienvenue,240,367
4683734,DIV.176,Echange de prisonniers de guerre,146,201
4683734,DIV.183,ASSEMBLÉE NATIONALE,578,944
4683734,DIV.220,LES LOYERS,451,643
4683734,DIV.243,L'ALLOCATION DES GARDES NATIONAUX,335,493
4683734,DIV.258,DÉMISSION DE LEDRU-ROLLIN : Au président de l'Assemblée nationale :,225,360
4683734,DIV.272,LES HOMMES DU 4 SEPTEMBRE : JUGÉS PAR LA PRESSE BOURGEOISE,316,448
4683734,DIV.286,PLON-PLON,215,328
4683734,DIV.298,RENSEIGNEMENTS,423,653
4683734,DIV.316,Annonces,56,120
4683734,DIV.323,Publicité,10,28
4683752,DIV.31,AU PEUPLE DE PARIS,911,1334
4683752,DIV.65,DIV.65,134,202
4683752,DIV.74,DIV.74,105,169
4683752,DIV.79,DIV.79,234,334
4683752,DIV.87,DIV.87,252,381
4683752,DIV.95,DIV.95,67,87
4683752,DIV.100,DIV.100,83,119
4683752,DIV.104,DIV.104,141,234
4683752,DIV.110,DIV.110,135,193
4683752,DIV.115,DIV.115,61,86
4683752,DIV.118,LA RÉSURRECTION,732,1123
4683752,DIV.139,DIV.139,953,1492
4683752,DIV.172,TRIBUNAL,341,515
4683752,DIV.191,RÉPUBLIQUE FRANÇAISE : Au Peuple.,176,300
4683752,DIV.207,A LA GARDE NATIONALE,115,168
4683752,DIV.218,"RÉPUBLIQUE FRANÇAISE : Liberté, Egalité, Fraternité.",141,221
4683752,DIV.234,LA TRIBUNE DES LOCATAIRES,276,422
4683752,DIV.250,DIV.250,123,183
4683752,DIV.262,DIV.262,181,298
4683752,DIV.271,DIV.271,29,38
4683752,DIV.274,DIV.274,43,68
4683752,DIV.279,DIV.279,218,316
4683752,DIV.291,DIV.291,27,45
4683752,DIV.295,DIV.295,51,79
4683752,DIV.299,DIV.299,42,62
4683752,DIV.302,DIV.302,25,39
4683752,DIV.307,DIV.307,49,77
4683752,DIV.310,DIV.310,238,362
4683752,DIV.328,DIV.328,82,131
4683752,DIV.333,Publicité,10,24
4683771,DIV.29,DERNIÈRE HEURE,182,278
4683771,DIV.42,PARIS : VILLE LIBRE,1792,2736
4683771,DIV.109,LES MORTS,451,698
4683771,DIV.133,DIV.133,40,57
4683771,DIV.137,LA BATAILLE,1875,2910
4683771,DIV.221,DIV.221,93,153
4683771,DIV.228,DIV.228,38,57
4683771,DIV.232,DIV.232,23,45
4683771,DIV.235,DIV.235,35,52
4683771,DIV.239,DIV.239,37,53
4683771,DIV.243,DIV.243,60,98
4683771,DIV.247,DIV.247,43,66
4683771,DIV.252,DIV.252,44,57
4683771,DIV.255,DIV.255,54,81
4683771,DIV.261,DIV.261,15,20
4683771,DIV.265,DIV.265,140,191
4683771,DIV.278,DIV.278,100,161
4683771,DIV.286,DIV.286,71,103
4683771,DIV.292,DIV.292,268,375
4683771,DIV.305,LE RENDEZ-VOUS DE LA BOURSE,289,426
4683771,DIV.321,DIV.321,146,217
4683771,DIV.331,ACTES OFFICIELS,254,365
4683771,DIV.346,QUI PILLE-T-ON ?,382,562
4683771,DIV.370,DIV.370,119,172
4683771,DIV.375,Publicité,26,55
4683771,DIV.381,Publicité,22,43
4683793,DIV.36,DERNIÈRES NOUVELLES,124,198
4683793,DIV.49,DIV.49,50,80
4683793,DIV.52,AUTRES LARMES DE M. THIERS,705,1077
4683793,DIV.78,DIV.78,66,90
4683793,DIV.87,DIV.87,301,471
4683793,DIV.111,Fort de Vanves.,62,91
4683793,DIV.119,Fort d'Issy.,56,82
4683793,DIV.127,Fort de Montrouge.,498,773
4683793,DIV.158,DIV.158,46,72
4683793,DIV.162,DIV.162,41,63
4683793,DIV.166,DIV.166,492,717
4683793,DIV.181,DIV.181,158,242
4683793,DIV.188,LA RÉVOLUTION COSMOPOLITE,730,1091
4683793,DIV.210,DIV.210,172,246
4683793,DIV.220,ORDRE OU JOUR : Au général Eudes.,471,733
4683793,DIV.249,DIV.249,45,79
4683793,DIV.253,DIV.253,88,120
4683793,DIV.257,DIV.257,106,134
4683793,DIV.263,DIV.263,17,25
4683793,DIV.266,DIV.266,51,68
4683793,DIV.270,DIV.270,96,141
4683793,DIV.278,DIV.278,36,54
4683793,DIV.282,DIV.282,113,167
4683793,DIV.288,DIV.288,38,61
4683793,DIV.295,DIV.295,67,149
4683793,DIV.303,Projets de décrets.,145,217
4683793,DIV.317,Ordres,124,200
4683793,DIV.327,LE MOUVEMENT DÉPARTEMENTAL,614,887
4683793,DIV.360,LES MITRONS,144,221
4683793,DIV.370,AVIS DIVERS,940,1539
4683816,DIV.37,DERNIÈRES NOUVELLES,163,271
4683816,DIV.53,LE 21 MAI 1871,693,1113
4683816,DIV.80,Porte Maillot,135,219
4683816,DIV.87,Bicètre.,60,105
4683816,DIV.93,Montrouge,990,1574
4683816,DIV.133,ORDRE DU JOUR,130,206
4683816,DIV.145,LA PROVINCE,735,1157
4683816,DIV.177,"Menu du dîner servi au général Ducrot et à son état-major, : Chez le restaurateur GILLET, à la porte de Neuilly.",177,296
4683816,DIV.197,LYON,124,182
4683816,DIV.206,LA GARDE DE PARIS,584,788
4683816,DIV.237,ENCORE LES CONCILIATEURS,536,806
4683816,DIV.254,Le Congrès de Lyon,407,542
4683816,DIV.275,Une lettre curieuse de M. Crémieux.,196,315
4683816,DIV.292,LES BOURREAUX,340,527
4683816,DIV.313,DIV.313,38,52
4683816,DIV.318,DIV.318,49,67
4683816,DIV.322,DIV.322,76,103
4683816,DIV.326,DIV.326,53,79
4683816,DIV.331,DIV.331,92,146
4683816,DIV.336,DIV.336,11,16
4683816,DIV.339,DIV.339,188,278
4683816,DIV.345,DIV.345,86,128
4683816,DIV.349,DIV.349,81,111
4683816,DIV.354,DIV.354,55,80
4683816,DIV.357,DIV.357,39,54
4683816,DIV.360,DIV.360,27,42
4683816,DIV.363,DIV.363,64,94
4683816,DIV.370,NOUVELLE AFFAIRE PICPUS,337,537
4683816,DIV.389,COMMUNE DE PARIS,149,241
4683816,DIV.401,2e PROCLAMATION DU MARÉCHAL MAC-MAHON,143,221
4683816,DIV.413,ANARCHIE A VERSAILLES,60,92
4683816,DIV.418,PETITES INFAMIES,496,774
4683816,DIV.447,DIV.447,33,61
4683816,DIV.450,DIV.450,89,163
4683816,DIV.455,"Fédération républicaine du Rhône : LIBERTÉ, ÉGALITÉ, FRATERNITÉ, SOLIDARITÉ",359,585
4683816,DIV.489,Association internationale des travailleurs.,172,269
4683816,DIV.502,Convocations du dimanche 21 mai.,67,119
4683816,DIV.511,Fédération des Associations départementales.,96,152
4683816,DIV.522,Petit-Vanves.,20,41
4683816,DIV.527,Asnières.,49,85
4683816,DIV.534,Neuilly.,46,79
4683816,DIV.543,Montrouge,43,90
4683816,DIV.551,Bicêtre.,26,42
4683816,DIV.556,Montmartre.— Saint-Ouen.,27,45
4683816,DIV.564,DIV.564,91,146
4683816,DIV.571,AVIS IMPORTANT,68,116
4683816,DIV.578,Chasseurs fédérés.,87,128
4683816,DIV.585,DIV.585,155,246
4683816,DIV.601,Publicité,27,57
4683816,DIV.607,Publicité,11,29
4687352,DIV.27,THÉATRE FRANÇAIS.,86,214
4687352,DIV.41,OPÉRA-COMIQUE.,62,169
4687352,DIV.55,THÉaTRE TALIEN.,45,113
4687352,DIV.64,TH. ROYAL DE L'ODÉON.,51,116
4687352,DIV.70,TH. DE S. A. R. MADAME.,59,152
4687352,DIV.78,THEATRE DU VAUDEVILLE,51,130
4687352,DIV.85,TH. DES NOUVEAUTÉS.,37,101
4687352,DIV.91,THEATRE DES VARIETES,62,158
4687352,DIV.98,THÉATRE DE LA GAITÉ,14,27
4687352,DIV.103,AMBIGU-COMIQUE,11,22
4687352,DIV.108,TH. ST.-MARTIN.,13,27
4687352,DIV.113,CIRQUE-OLYMPIQUE. : Première représentation de la reprise,17,40
4687352,DIV.119,THEATRE DE M. COMTE.,18,34
4687352,DIV.126,THÉATRE DE JOLY.,31,63
4687352,DIV.144,TH. DU LUXEMBOURG.,14,29
4687352,DIV.150,"DIORAMA, : Boulevard St.-Martin, derrière le Château d'eau.",22,45
4687352,DIV.157,GÉORAMA.,25,41
4687352,DIV.162,Publicité,54,117
4687352,DIV.172,AVIS.,33,52
4687352,DIV.179,THÉATRE ROYAL DE L'ODÉON. : Une Fête de Néron.,1001,1527
4687352,DIV.191,"ÉPHÉMÉRIDES UNIVERSELLES, : Publiées par M. Édouard Monnais. 4 Juin 1666. Première représentation du Misanthrope, comédie de Molière.",623,975
4687352,DIV.202,ASSASSINAT DE PAUL-LOUIS COURRIER. (TOURS.),707,1051
4687352,DIV.216,LE DERNIER JOUR DE L'ANNÉE.,359,574
4687352,DIV.222,BUTIN.,397,620
4687352,DIV.234,LOGOGRIPHE.,31,50
4687352,DIV.245,COURS DE LA RENTE DU 30 NOVEMBRE 1829.,37,91
4687352,DIV.253,DIV.253,95,173
4687352,DIV.262,DIV.262,421,728
4687352,DIV.277,Publicité,10,30
4687486,DIV.28,ACADÉMIE ROYALE DE MUSIQUE.,85,230
4687486,DIV.40,THÉATRE FRANÇAIS.,89,276
4687486,DIV.53,THÉATRE DE L'OPERA- COMIQUE.,67,186
4687486,DIV.65,THÉATRE ROYAL DE L'ODÉON.,52,131
4687486,DIV.80,THÉATRE DE S. A. R. MADAME.,35,116
4687486,DIV.88,THÉATRE DU VAUDEVILLE.,53,149
4687486,DIV.95,THÈATRE DES NOUVEAUTÉS.,39,98
4687486,DIV.101,THÉATRE DES VARIÉTÉS.,39,94
4687486,DIV.113,THÉATRE DE L'AMBIGU-COMIQUE.,20,50
4687486,DIV.120,THÉATRE DE LA PORTE S-MARTIN.,14,30
4687486,DIV.125,CIRQUE OLYMPIQUE.,24,44
4687486,DIV.131,THÉATRE DE M. COMTE.,17,29
4687486,DIV.137,THÉATRE D'ÉLÈVES.,15,37
4687486,DIV.143,DIORAMA.,38,77
4687486,DIV.148,"THÉATRE DE MADAME. : Première représentation de Perkins de Varbec, vaudeville en deux actes.",518,746
4687486,DIV.158,POÉSIES : DE JEAN-POLONIUS (*).,1061,1606
4687486,DIV.215,RECRIMINATIONS D'UN BONHOMME.,674,976
4687486,DIV.225,CORRESPONDANCE.,237,351
4687486,DIV.240,BUTIN.,578,856
4687486,DIV.253,Annonces,139,230
4687486,DIV.257,LOGOGRIPHE.,58,96
4687486,DIV.271,LOTERIE ROYALE DE FRANCE : DERNIER TIRAGE DE PARIS.,17,38
4687486,DIV.277,EFFETS PUBLICS. - BOURSE DU 15 MAI.,876,1039
4687486,DIV.294,Publicité,10,29
4688245,DIV.25,ACADÉMIE ROYALE DE MUSIQUE,134,370
4688245,DIV.57,THEATRE FRANÇAIS.,65,173
4688245,DIV.77,OPÉRA-COMIQUE.,79,195
4688245,DIV.101,SECOND THÉATRE FRANÇAIS.,61,163
4688245,DIV.112,THÉATRE DU VAUDEVILLE.,60,161
4688245,DIV.121,GYMNASE DRAMATIQUE.,59,147
4688245,DIV.130,THÉATRE DES VARIÉTÉS.,43,124
4688245,DIV.136,THÉATRE DE LA GAITÉ.,20,35
4688245,DIV.141,AMBIGU COMIQUE.,19,44
4688245,DIV.147,THÉATRE DE LA PORTE ST-MARTIN.,49,108
4688245,DIV.154,"SECOND THEATRE FRANÇAIS. : Première représentation du Tambour nocturne , comédie de Destouches, arrangée en 3 actes.",286,436
4688245,DIV.162,"LITTERATURE. : Musée des Protestans célèbres, ou portraits et notices biographiques et littéraires des personnages les plus éminens dans l'histoire de la réformation et du protestantisme ; rédigé par une société de gens de lettres, et publié par M. G. T. Doin (1).",496,772
4688245,DIV.172,"BEAUX- ARTS. : Méthode de Dessin, par Ch. Alberti, ouvrage utile surtout aux personnes privées de la facilité d'avoir des professeurs. (1)",198,305
4688245,DIV.179,DE LA POMME DE TERRE.,645,1011
4688245,DIV.190,ON NE PEUT PAS TOUT FAIRE.,316,451
4688245,DIV.203,BUTIN.,1127,1700
4688245,DIV.231,LIBRAIRIE.,54,106
4688245,DIV.236,LOTERIE ROYALE DE FRANCE. : dernier tirage de Bordeaux.,17,36
4688245,DIV.242,CHARADE.,30,46
4688245,DIV.249,BOURSE DE PARIS. : Cours de la rente le 22 juillet 1823.,30,61
4688245,DIV.256,Publicité,122,197
4688245,DIV.260,Publicité,11,33
4688397,DIV.27,RELACHE A TOUS LES THEATRES.,13,23
4688397,DIV.32,THÉATRE ROYAL DE L'OPÉRA-COMIQUE. : La Dame blanche. — Les Dettes. — Les acteurs.,561,847
4688397,DIV.42,BIBLIOTHÈQUE DRAMATIQUE : DE Mme DABO. (1),955,1444
4688397,DIV.58,ENVIRONS DE PARIS. : (5me année.) VINGTIÈME-TROISIÈME PROMENADE. — Sannois.,523,785
4688397,DIV.73,ÉCLAIRAGE.,331,486
4688397,DIV.82,LES RESTRICTIONS MENTALES.,366,521
4688397,DIV.90,BUTIN.,841,1244
4688397,DIV.112,"DIORAMA, : Boul.St.-Martin , derrière le Château d'eau.",51,86
4688397,DIV.118,"EUROPORAMA, passage de l'Opéra.",92,155
4688397,DIV.123,"GALERIE D'ANTIQUITES EGYPTIENNES. : Rue des Filles Saint-Thomas, n. 12.",23,52
4688397,DIV.129,Annonces,96,160
4688397,DIV.135,LOGOGRIPHE.,126,199
4688397,DIV.156,COURS DE LA RENTE DU 20 JANVIER 1826,32,71
4688397,DIV.161,Publicité,139,229
4688397,DIV.165,Publicité,11,33
4688682,DIV.26,ACADÉMIE ROYALE DE MUSIQUE. : (On commencera à 7 heures et demie.),77,200
4688682,DIV.42,THÉATRE FRANÇAIS.,78,210
4688682,DIV.56,OPERA-COMIQUE,115,301
4688682,DIV.80,THÉATRE ROYAL DE L'ODÉON.,75,192
4688682,DIV.90,THÉATRE DE S. A. R. MADAME.,55,138
4688682,DIV.98,THÉATRE DU VAUDEVILLE.,42,100
4688682,DIV.105,THÉATRE DES VARIÉTÉS,39,95
4688682,DIV.114,THÉATRE DE LA GAITÉ.,28,69
4688682,DIV.126,THÉATRE DE LA PORTE ST-MARTIN.,13,31
4688682,DIV.136,"THÉATRE DE M. COMTE,",21,43
4688682,DIV.148,THÉATRE D'ÉLÈVES (barrRochechouard),10,29
4688682,DIV.153,"TIVOLI,",12,22
4688682,DIV.158,"BEAUJON,",12,24
4688682,DIV.163,"PARC DU PORT A L'ANGLAIS,",25,45
4688682,DIV.168,ACADÉMIE ROYALE DE MUSIQUE. : Œdipe. — Mlle Noël. Dérivis. — Cendrillon.,566,841
4688682,DIV.185,THÉATRE DU VAUDEVILLE.,12,28
4688682,DIV.190,CHANT FRANÇAIS : SUR LES DESASTRES D'IPSARA ; Par X. B. Saintine (I).,644,1006
4688682,DIV.235,ANTIQUITES. : ( 2me Année. ) SIXIÈME LETTRE. — Vêtemens. — Eloge des candidats. — Intrigues de ces derniers.,698,1015
4688682,DIV.251,LE PETIT PRISONNIER. : ( Deuxième article. ),686,1062
4688682,DIV.265,BUTIN.,361,537
4688682,DIV.285,"Cours de la rente, le 28 septembre 1824.",21,47
4688682,DIV.293,DIV.293,32,43
4688682,DIV.299,LOTERIE ROYALE DE FRANCE. : Dernier tirage de Strasbourg.,17,37
4688682,DIV.305,Publicité,162,275
4688682,DIV.309,Publicité,10,31
4688750,DIV.31,THÉATRE FRANÇAIS,69,208
4688750,DIV.43,OPÉRA-COMIQUE,87,229
4688750,DIV.63,TH. DE S. A. R. MADAME : Spectacle demandé.,43,117
4688750,DIV.71,THÉATRE DU VAUDEVILLE,77,202
4688750,DIV.79,TH. DES NOUVEAUTÉS,33,83
4688750,DIV.90,DIV.90,47,114
4688750,DIV.96,DIV.96,31,77
4688750,DIV.102,THÉATRE DE LA GAITÉ,13,32
4688750,DIV.107,AMBIGU-COMIQUE,10,28
4688750,DIV.118,CIRQUE OLYMPIQUE.,28,59
4688750,DIV.126,THÉATRE DE M. COMTE.,14,27
4688750,DIV.137,THÉATRE D'ÉLÈVES.,13,29
4688750,DIV.142,TIVOLI,32,57
4688750,DIV.148,MONTAGNES FRANÇAISES,12,29
4688750,DIV.153,VAUXHALL,24,51
4688750,DIV.160,"DIORAMA, : Boulevard St.-Martin , derrière le Château d'Eau.",25,54
4688750,DIV.166,NÉORAMA,16,31
4688750,DIV.171,MANUEL DE L'HOMME DU MONDE : Guide complet de la toilette et du bon ton. Par A. Martin.,708,976
4688750,DIV.183,LA BIBLIOTHÉQUE ROYALE EN VACANCES.,562,857
4688750,DIV.192,SOUVENIRS D'ITALIE. : LE PRINCE GODOY.,878,1331
4688750,DIV.205,MODES.,253,370
4688750,DIV.217,DIV.217,533,788
4688750,DIV.226,DIV.226,172,276
4688750,DIV.239,DIV.239,22,35
4688750,DIV.252,DIV.252,122,219
4688750,DIV.260,DIV.260,241,434
4688750,DIV.275,COURS DE LA RENTE DU 6 SEPTEMBRE.,36,82
4701183,DIV.42,Publicité,248,439
4701183,DIV.54,Sommaire,976,1269
4701183,DIV.80,Publicité,62,150
4701183,DIV.85,LES CONSEILS DU VÉTÉRAN,423,627
4701183,DIV.107,Publicité,171,308
4701183,DIV.125,Publicité,346,648
4701183,DIV.151,La Nuit NE DURERA PAS TOUJOURS PAR LOUIS GILLET DE L'ACADÉMIE FRANÇAISE,801,1215
4701183,DIV.163,TOUCHONS DU BOIS,1258,1855
4701183,DIV.211,"Emmène-moi... : NOUVELLE INÉDITE PAR SILVAIN REINER L'ANNEE VA FINIR. BOIBU, SIX ANS, RECEVRA-T-IL LE CADEAU QU'IL ESPERE : QUELQUES HEURES DE REVE MERVEILLEUX ET DE VISIONS MAGIQUES ? LILETTE, SA GRANDE SŒUR, L'A LAISSE SEUL.. MAIS UN MIRACLE, PARFOIS, EST POSSIBLE...",2957,4493
4701183,DIV.328,"Merci, chères lectrices... : ...MERCI, POUR TOUTES CES RECETTES ET CES CONSEILS. CAR CEST DANS VOS INNOMBRABLES LETTRES QUE NOUS AVONS RECUEILLI CES PETITS SECRETS, QUI SERONT UTILES A TOUTES NOS AMIES POUR L'ANNÉE QUI VIENT.",1227,1860
4701183,DIV.398,Horoscope DU 27 DECEMBRE AU 2 JANVIER,409,691
4701183,DIV.411,CONNAISSEZ-VOUS L'HISTOIRE DE FRANCE : REPONSES,68,121
4701183,DIV.417,QUESTIONS BAROQUES : REPONSES,175,281
4701183,DIV.430,Connaissez-vous l'histoire de France ?,56,85
4701183,DIV.441,POUR EUX RESTONS FEMININES,583,940
4701183,DIV.476,VARIATIONS SUR UNE BLOUSE CLASSIQUE,125,219
4701183,DIV.507,J'AI UNE ROBE VRAIMENT PRATIQUE,32,98
4701183,DIV.518,"ET VOUS SAVEZ ! c'est moi qui les fais... : LES BONBONS ? AVOUEZ-LE, VOUS LES AIMEZ ! PROFITEZ DE LA FIN DE L'ANNÉE POUR EN FABRIQUER QUELQUES-UNS A LA MAISON. LES OFFRIR SERA UNE FAÇON SIMPLE ET GENTILLE DE MARQUER LES FÊTES DU NOUVEL AN.",1443,2483
4701183,DIV.563,DIV.563,49,80
4701183,DIV.567,COTELETTES DE PORC AUX MARRONS,59,104
4701183,DIV.573,CANARD A L'ORANGE,91,157
4701183,DIV.578,BŒUF A LA SAUCE AUX DATTES,151,263
4701183,DIV.584,POULET AUX NOIX,151,264
4701183,DIV.589,BŒUF MIROTON AUX PRUNEAUX,64,121
4701183,DIV.594,RAGOUT D'OIE AUX POMMES,121,236
4701183,DIV.600,MEDAILLONS AUX CITRONS,138,250
4701183,DIV.605,PORC AUX RAISINS,131,219
4701183,DIV.611,SELLE DE MOUTON A LA GELEE DE GROSEILLES,210,344
4701183,DIV.621,SELLE DE MOUTON A LA GELEE DE GROSEILLE,84,146
4701183,DIV.627,Connais-toi TOI-MÊME,209,375
4701183,DIV.652,DIV.652,2631,4885
4701183,DIV.719,"IL N'AVAIT PLUS BESOIN D'ELLE NOUVELLE INEDITE PAR G. MARTINEZ : AVANT DE PARTIR, SON FILS AVAIT VOULU LA VOIR... IL AVAIT AUSSI ECRIT A MARY, SI BELLE ET SI TOUCHANTE EN SON DESARROI... MAIS UN CŒUR MATERNEL NE SAIT PAS S'ARRETER DE BATTRE ET...",2854,4228
4701183,DIV.815,nos tricots,1701,3003
4701183,DIV.889,La Folle Equipée DE Marie-Caroline : DUCHESSE DE BERRY GRAND RÉCIT HISTORIQUE INÉDIT PAR LUCILE DECAUX,2427,3770
4701183,DIV.1017,★ TRENTE MINUTES DE VIE APRES LA MORT...,98,139
4701183,DIV.1022,Publicité,64,145
4701183,DIV.1025,★ CONFECTIONNEZ DES ENTREMETS AU CHOCOLAT.,66,113
4701183,DIV.1033,★ ENVOYEZ DU SOLEIL AUX ARMEES,28,60
4701183,DIV.1038,★ VOUS N'AVEZ PAS IDEE...,57,107
4701183,DIV.1046,"★ SERIE DES VIEUX PROVERBES COUCHE-TOI SANS SOUPER, TU TE LEVERAS SANS DETTE",103,162
4701183,DIV.1052,★ LE PLUS VIEUX JOURNAL DU MONDE,61,98
4701183,DIV.1057,★ SOURIEZ « JEUNE »...,30,68
4701183,DIV.1062,★ PREPAREZ VOUS-MEME CE SI ROP CONTRE TOUX. RHUMES ET GRIPPE.,127,233
4701183,DIV.1071,★ MADAME. MONSIEUR,75,133
4701183,DIV.1077,★ AVIS AU PUBLIC,92,152
4701183,DIV.1082,★ TOILES ET DRAPS DE LITS,37,71
4701183,DIV.1090,DIV.1090,163,225
4701183,DIV.1093,★ Quelle teinte dois-je choisir pour un pull-over devant être porté avec un tailleur bleu marine ?,104,148
4701183,DIV.1100,★ Puis-je préparer chez moi une licence d' anglais ?,185,262
4701183,DIV.1110,★ Y a-t-il un procédé pour rendre aux lainages leur souplesse ?,325,453
4701183,DIV.1121,★ J'ai un très beau renard bleu et ne sais quel parti en tirer...,210,300
4701183,DIV.1130,★ Que faire avec des restes de laine ?,19,25
4701183,DIV.1135,★ Les situations sont changées... Vous pouvez probablement me venir en aide.,32,44
4701183,DIV.1141,Publicité,141,225
4701183,DIV.1151,Départ matinal,152,251
4701183,DIV.1178,Publicité,112,213
4701183,DIV.1192,Ecoles-leçons : COURS COMMERCIAUX,97,277
4701183,DIV.1203,Publicité,56,122
4701183,DIV.1218,Publicité,16,53
4701183,DIV.1227,Publicité,93,171
4701183,DIV.1246,Publicité,164,277
4701183,DIV.1257,Publicité,26,51
4701183,DIV.1273,Publicité,73,182
4701183,DIV.1285,Publicité,54,112
4701183,DIV.1295,Publicité,38,76
4701183,DIV.1301,Publicité,1897,2360
4701183,DIV.1335,DIV.1335,132,238
4701183,DIV.1350,Publicité,79,143
4701183,DIV.1363,Publicité,158,265
4701183,DIV.1376,Publicité,17,52
4701367,DIV.21,EXTÉRIEUR.,2009,2975
4701367,DIV.57,INTERIEUR.,1580,2216
4701367,DIV.74,"Ordonnance du Roi, portant convocation des deux Chambres, en date du 14 octobre 1819.",1614,2557
4701367,DIV.118,DIV.118,1551,2312
4701367,DIV.129,NOUVELLES DES THÉATRES.,851,1328
4701367,DIV.143,LOTERIE ROYALE DE FRANCE.,26,53
4701367,DIV.149,SPECTACLES DU 17 OCTOBRE.,81,208
4701367,DIV.155,Publicité,14,32
4701440,DIV.21,CHAMBRE DES DÉPUTÉS. : Présidence de M. RAVEZ.,2343,3610
4701440,DIV.86,AMERIQUE.,92,137
4701440,DIV.92,ANGLETERRE.,534,758
4701440,DIV.107,SUÈDE.,118,180
4701440,DIV.113,ALLEMAGNE.,156,240
4701440,DIV.122,INTERIEUR.,975,1483
4701440,DIV.137,MINISTÈRE DE LA GUERRE.,416,614
4701440,DIV.152,DIV.152,1903,2939
4701440,DIV.193,DIV.193,213,359
4701440,DIV.203,TRIBUNAUX. : Cour d'assisee.,108,169
4701440,DIV.209,ANNONCE.,66,130
4701440,DIV.215,SPECTACLES DU 31 DECEMBRE.,132,330
4701440,DIV.225,COURS DE LA BOURSE.,160,402
4701440,DIV.237,Publicité,14,32
4701441,DIV.22,Annonces,44,72
4701441,DIV.26,EXTÉRIEUR.,1027,1581
4701441,DIV.39,INTERIEUR.,836,1184
4701441,DIV.54,DIV.54,1509,2269
4701441,DIV.85,CHAMBRE DES DÉPUTÉS. : Séance du 30 juin.,2735,4259
4701441,DIV.176,Commission des pétitions.,37,92
4701441,DIV.182,De l'Economie.,1355,1981
4701441,DIV.200,MODES.,172,241
4701441,DIV.206,ANNONCE.,21,44
4701441,DIV.211,"LOTERIE ROYALE DE FRANCE, : Tirage de Lyon, du 20 juin.",19,41
4701441,DIV.217,SPECTACLES DU 1er JUILLET.,98,263
4701441,DIV.227,COURS DE LA BOURSE.,122,306
4701441,DIV.237,Publicité,14,32
4701494,DIV.22,DIV.22,33,55
4701494,DIV.26,EXTÉRIEUR.,1430,2143
4701494,DIV.57,DÉPARTEMENS.,269,423
4701494,DIV.66,"PARIS , 23 AOUT. Revue électorale.",1871,2691
4701494,DIV.85,DIV.85,1933,2950
4701494,DIV.127,Exposition des Produits de l'Industrie française.,220,324
4701494,DIV.139,SPECTACLES.,1062,1584
4701494,DIV.158,ANNONCE.,151,268
4701494,DIV.168,SPECTACLES GRATIS DU 24 AOUT.,89,204
4701494,DIV.178,COURS DE LA BOURSE.,93,233
4701494,DIV.186,Publicité,14,32
4701825,DIV.21,CHAMBRE DES DÉPUTÉS.,6795,10074
4701825,DIV.163,EXTÉRIEUR. : ROYAUME DES DEUX SICILES.,869,1279
4701825,DIV.186,INTÉRIEUR.,436,659
4701825,DIV.197,DIV.197,729,1175
4701825,DIV.219,Publicité,11,26
4702250,DIV.26,ANGLETERRE.,346,516
4702250,DIV.37,AFFAIRES D'ORIENT.,2245,3202
4702250,DIV.67,INTÉRIEUR.,1115,1617
4702250,DIV.78,ÉLECTIONS DE PARIS.,451,788
4702250,DIV.113,DIV.113,129,225
4702250,DIV.119,DIV.119,1830,2782
4702250,DIV.153,Portrait des électeurs payant 300 fr.,766,1146
4702250,DIV.174,Au rédacteur du Courrier Français.,463,664
4702250,DIV.186,COURS DE LA BOURSE. ( 15 mai 1822. ),183,391
4702250,DIV.199,"SPECTACLES, du 16 mai.",171,374
4702250,DIV.208,Publicité,10,26
4715618,DIV.24,Annonces,71,121
4715618,DIV.35,LE DISCOURS DU MARÉCHAL DE MOLTKE,1278,1783
4715618,DIV.61,LA DÉCLARATION DE GUERRE,232,400
4715618,DIV.75,RÉPONSE DE LA TURQUE A LA DÉCLARATION DE GUERRE,474,680
4715618,DIV.90,En Russie,250,379
4715618,DIV.109,L'invasion de la Roumanie,577,817
4715618,DIV.133,Immobilité des Turcs,203,294
4715618,DIV.147,"Montenegro, Albanie, Serbie",53,112
4715618,DIV.155,DERNIÈRE HEURE (Du correspondant russe de la Petite Presse.),52,90
4715618,DIV.163,(De notre correspondant du Caucase),36,58
4715618,DIV.170,(De l'AGENCE HAVAS),27,55
4715618,DIV.177,Inondations en Russie,78,113
4715618,DIV.185,LA RAISON DE NOS ARMEMENTS MARITIMES,101,145
4715618,DIV.195,DIV.195,37,46
4715618,DIV.198,DIV.198,65,94
4715618,DIV.206,DIV.206,29,43
4715618,DIV.209,DIV.209,40,61
4715618,DIV.212,DIV.212,27,40
4715618,DIV.215,DIV.215,34,65
4715618,DIV.218,Petite Bourse du Boulevard : 25 Avril. — 10 heures du soir,41,132
4715618,DIV.226,LA STATUE DE GEORGE SAND,304,489
4715618,DIV.241,EXÉCUTION DE BILLOIR,55,80
4715618,DIV.250,Un cœur illustre à vendre,239,362
4715618,DIV.259,Triste suicide,203,295
4715618,DIV.268,Un soldat par la fenêtre,184,276
4715618,DIV.276,Le tableau où la mort !...,331,498
4715618,DIV.294,Le mystère de Charonne,73,99
4715618,DIV.300,DIV.300,28,65
4715618,DIV.303,Poignée d'Informations,594,996
4715618,DIV.335,UNE HEUREUSE TROUVAILLE,120,177
4715618,DIV.341,Publicité,59,135
4715618,DIV.347,Publicité,33,88
4715618,DIV.351,Annonces,37,64
4715618,DIV.357,M. de Cassagnac en appel.— Confusion des deux condamnations,452,645
4715618,DIV.371,"MUSIQUES MILITAIRES : Jeudi 26 avril, de 4 h. 3/4 à 5 h. 3/4",945,1074
4715618,DIV.390,Une pensée par jour,23,37
4715618,DIV.396,DÉCLARATIONS DE FAILLITES DU 23 AVRIL,65,182
4715618,DIV.412,Nouveaux exploits DE ROCAMBOLE : TROISIÈME PARTIE LES REPRÉSAILLES,1561,2334
4715618,DIV.468,EN TURQUIE : CARNET DE VOYAGE D'UN PARISIEN,919,1421
4715618,DIV.496,Publicité,15,38
4715618,DIV.499,Annonces,21,55
4715618,DIV.503,Publicité,91,190
4715618,DIV.513,Publicité,69,147
4715618,DIV.523,Publicité,83,204
4715618,DIV.530,Publicité,67,125
4715618,DIV.533,Publicité,35,63
4715618,DIV.537,Publicité,26,61
4715618,DIV.540,Publicité,16,33
4715618,DIV.543,Publicité,27,65
4715618,DIV.546,Publicité,14,34
4715618,DIV.552,Publicité,168,301
4715618,DIV.564,Publicité,125,317
4715618,DIV.571,BULLETIN FINANCIER Du 25 avril 1877.,265,414
4715618,DIV.582,DIV.582,2237,3918
4715618,DIV.610,DIV.610,37,58
4715618,DIV.616,DIV.616,30,50
4715618,DIV.619,DIV.619,37,66
4715618,DIV.623,SPECTACLES DU JEUDI 26 AVRIL,139,328
4717145,DIV.32,DIV.32,252,387
4717145,DIV.45,DIV.45,56,98
4717145,DIV.49,DIV.49,109,172
4717145,DIV.53,DIV.53,97,156
4717145,DIV.60,DIV.60,54,81
4717145,DIV.63,DIV.63,121,161
4717145,DIV.67,DIV.67,88,138
4717145,DIV.71,DIV.71,85,140
4717145,DIV.75,DIV.75,83,143
4717145,DIV.84,DIV.84,31,39
4717145,DIV.88,DIV.88,128,183
4717145,DIV.94,DIV.94,70,99
4717145,DIV.97,DIV.97,79,125
4717145,DIV.103,DIV.103,65,100
4717145,DIV.108,DIV.108,60,106
4717145,DIV.112,LA GUERRE AVEC LA CHINE,179,282
4717145,DIV.125,M. POUYER-QUERTIER A GISORS,467,720
4717145,DIV.138,Les tremblements de terre,340,524
4717145,DIV.155,L'ASSASSINAT DE LA VILLETTE : Obsèques de Mme Parlange,125,206
4717145,DIV.167,DIV.167,42,77
4717145,DIV.172,DIV.172,137,199
4717145,DIV.179,DIV.179,80,137
4717145,DIV.183,DIV.183,84,145
4717145,DIV.186,DIV.186,195,314
4717145,DIV.192,DIV.192,36,50
4717145,DIV.195,Le chauffage de l'Hôtel-de-Ville,195,347
4717145,DIV.204,TRIBUNAL DE COMMERCE,140,215
4717145,DIV.211,Le scandale de Beaucaire,211,312
4717145,DIV.220,Les diamants de la couronne,134,263
4717145,DIV.228,Les morts de l'Institut,73,140
4717145,DIV.239,La commission des logements insalubres,193,298
4717145,DIV.246,Le mot pour rire,38,56
4717145,DIV.253,LE PRINCE DE MORIA : DEUXIÈME PARTIE,3404,5071
4717145,DIV.361,Récit navrant,429,656
4717145,DIV.378,Horrible pari,211,317
4717145,DIV.396,SAM-LE-ROUGE : PREMIÈRE PARTIE,1710,2581
4717145,DIV.495,"Paris, 29 décembre 1884",317,815
4717145,DIV.512,Marché aux bestiaux de la Villette Du 29 décembre,379,723
4717145,DIV.525,Spectacles du mardi 30 décembre,250,510
4717145,DIV.539,RENSEIGNEMENTS,143,249
4717145,DIV.548,Publicité,24,74
4717145,DIV.557,Publicité,363,491
4717145,DIV.577,Publicité,58,125
4717145,DIV.587,Publicité,54,150
4717145,DIV.596,DIV.596,304,860
4717145,DIV.605,BULLETIN FINANCIER 29 décembre 1884,330,588
4717809,DIV.33,DIV.33,136,191
4717809,DIV.38,DIV.38,567,797
4717809,DIV.55,DIV.55,553,825
4717809,DIV.72,DIV.72,110,177
4717809,DIV.82,DIV.82,231,365
4717809,DIV.89,DIV.89,162,248
4717809,DIV.97,DIV.97,98,140
4717809,DIV.103,DIV.103,170,279
4717809,DIV.110,DIV.110,168,255
4717809,DIV.116,DIV.116,130,178
4717809,DIV.121,DIV.121,165,231
4717809,DIV.127,DIV.127,36,66
4717809,DIV.132,"TEMPS PROBABLE Samedi, 4 juillet.",46,72
4717809,DIV.142,PARIS,1039,1573
4717809,DIV.186,DÉPARTEMENTS ET COLONIES,1371,1974
4717809,DIV.227,ÉTRANGER,803,1179
4717809,DIV.257,LA VIE A BON MARCHÉ : LE MIROTON,109,192
4717809,DIV.267,LES NOCES DE GAMACHE A VIENNE,392,634
4717809,DIV.280,LA GUERRE DE L'AVENIR : IX LES CAMPS ET LE CAMPEMENT.,1189,1806
4717809,DIV.351,LE DROIT A LA MOUSTACHE,469,697
4717809,DIV.367,UN CONSEIL PAR JOUR,52,88
4717809,DIV.376,LA FEMME IMMORTELLE PAR PONSON DU TERRAIL : PROLOGUE LA MAISON ENCHANTÉE,1200,1806
4717809,DIV.439,UNE BONNE MÈRE,265,399
4717809,DIV.449,M. MÉDARD,1457,2209
4717809,DIV.509,DIV.509,97,233
4717809,DIV.518,BULLETIN DES THÉATRES,285,443
4718354,DIV.25,DIV.25,28,53
4718354,DIV.37,DIV.37,181,244
4718354,DIV.47,DIV.47,169,243
4718354,DIV.58,DIV.58,308,440
4718354,DIV.77,DIV.77,211,315
4718354,DIV.85,DIV.85,221,293
4718354,DIV.94,DIV.94,178,247
4718354,DIV.110,DIV.110,381,555
4718354,DIV.131,DIV.131,367,537
4718354,DIV.149,DIV.149,164,236
4718354,DIV.157,DIV.157,97,151
4718354,DIV.169,DIV.169,93,134
4718354,DIV.176,DIV.176,25,42
4718354,DIV.179,A LA PORTE DE LA COUR D'ASSISES,401,603
4718354,DIV.199,"COUR D'ASSISES DE LA SEINE : Présidence de M. Thévenin, conseiller à la Cour impériale de Paris. Audience du 29 décembre. AFFAIRE TROPPMANN",9867,14896
4718354,DIV.541,DIV.541,40,53
4718354,DIV.544,LES MYSTÈRES DES BOIS : DEUXIÈME ÉPISODE LES ARDENTES,1241,1781
4718354,DIV.639,DIV.639,339,695
4723470,DIV.26,DIV.26,23,43
4723470,DIV.36,NOTRE GRAVURE,464,676
4723470,DIV.64,Un colonel allemand arrêté comme espion,227,330
4723470,DIV.76,DIV.76,85,118
4723470,DIV.85,Le prince Alexandre à Sofia,22,26
4723470,DIV.90,Soumission des troupes rebelles,30,50
4723470,DIV.97,Le Représentant anglais,22,43
4723470,DIV.103,En Serbie,89,129
4723470,DIV.112,En Autriche,78,119
4723470,DIV.120,MORT DE M. PLESSIER,30,63
4723470,DIV.125,PAUVRES RÉSERVISTES,48,79
4723470,DIV.130,NOUVELLE RÉGLEMENTATION DES CERCLES,422,662
4723470,DIV.146,Épouvantable explosion : On nous télégraphie de Barcelone :,271,379
4723470,DIV.162,LE JEUNE DE M. SUCCI,675,1061
4723470,DIV.181,DÉGRADATION MILITAIRE,246,365
4723470,DIV.192,UNE ANECDOTE SUR KARAMOKO,154,238
4723470,DIV.204,TOUJOURS LES SUITES DE L'ORAGE,208,348
4723470,DIV.215,FAUTE DE JEUNESSE PAR ALEXANDRE BOUTIQUE,1857,2946
4723470,DIV.281,Le Crime de Saint-Denis : NOUVEAUX DÉTAILS,316,457
4723470,DIV.297,ÉPOUVANTABLE FORFAIT,642,944
4723470,DIV.310,UN GARDIEN ASSASSINÉ PAR UN DÉTENU,38,67
4723470,DIV.315,HORRIBLE MORT,98,148
4723470,DIV.321,VINGT-SIX PERSONNES EMPOISONNÉES,88,139
4723470,DIV.326,Publicité,16,38
4723470,DIV.330,DIV.330,33,55
4723470,DIV.334,UN CADAVRE FLOTTANT,312,484
4723470,DIV.346,LA RECONSTRUCTION DES GOBELINS,544,819
4723470,DIV.359,UN JOYEUX FAIRE-PART,74,129
4723470,DIV.370,CHEMINS DE FER DE PARIS A LYON ET A LA MÉDITERRANÉE,127,245
4723470,DIV.383,PROGRAMNE DES THEATRES ET DES CAFES-CONCERTS Du Dimanche 5 septembre 1886.,229,508
4723470,DIV.403,Publicité,1565,2592
4723470,DIV.433,Publicité,16,37
4723470,DIV.436,Publicité,63,113
4723470,DIV.439,Publicité,72,131
4723470,DIV.446,Publicité,85,187
4723470,DIV.453,Annonces,58,114
4723470,DIV.463,Publicité,84,181
4723470,DIV.472,Publicité,116,204
4723470,DIV.480,Publicité,30,64
4723470,DIV.487,DIV.487,561,1342
4723470,DIV.499,BULLETIN FINANCIER Du 1 septembre 1886,245,460
4742203,DIV.32,BULLETIN,792,1235
4742203,DIV.53,France.,14,29
4742203,DIV.59,Angleterre.,171,299
4742203,DIV.72,Espagne.,24,36
4742203,DIV.78,Autriche.,53,85
4742203,DIV.84,Prusse.,103,150
4742203,DIV.92,Amérique.,63,120
4742203,DIV.100,DIV.100,680,976
4742203,DIV.116,LES ÉLECTIONS COMMUNALES.,989,1346
4742203,DIV.148,DIV.148,239,347
4742203,DIV.167,DIV.167,709,1078
4742203,DIV.184,DIV.184,433,602
4742203,DIV.199,Angleterre.,174,258
4742203,DIV.208,Belgique.,149,206
4742203,DIV.215,Espagne.,628,852
4742203,DIV.233,Italie.,81,123
4742203,DIV.239,Allemagne.,283,395
4742203,DIV.246,DIV.246,399,575
4742203,DIV.256,DIV.256,174,259
4742203,DIV.266,DIV.266,132,209
4742203,DIV.275,DIV.275,61,86
4742203,DIV.278,DIV.278,95,138
4742203,DIV.281,DIV.281,205,330
4742203,DIV.285,DIV.285,54,98
4742203,DIV.289,DIV.289,91,141
4742203,DIV.292,DIV.292,34,52
4742203,DIV.295,DIV.295,10,14
4742203,DIV.298,DIV.298,71,105
4742203,DIV.301,DIV.301,61,90
4742203,DIV.304,DIV.304,16,26
4742203,DIV.307,DIV.307,679,992
4742203,DIV.322,FAITS DIVERS,1056,1593
4742203,DIV.354,"Tribunaux, étrangers : COUR LE CASSATION DU ROYAUME DE BELGIQUE (Bruxelles). Présidence de M. de Gerlade, premier président. Audience du 2 juillet.",1177,1747
4742203,DIV.388,[titre_illisible] : PROIGUE.,2766,4013
4742203,DIV.548,Dernières nouvelles.,344,549
4742203,DIV.569,DIV.569,379,589
4742203,DIV.582,"TIRAGE : DIMANCHE PROCHAIN, 23 JUILLET",192,437
4742203,DIV.595,SOUSCRIPTION PUBLIQUE EMPRUNT DES Villes de Roubaix et de Tourcoing (Nord),151,294
4742203,DIV.609,SPECTACLE DU DIMANCHE 16 JUILLET.,201,503
4742203,DIV.638,BULLETIN COMPARATIF DES RECETTES DES CHEMINS DE FER.,458,1500
4742203,DIV.654,Publicité,525,1068
4742203,DIV.667,Publicité,298,637
4742203,DIV.699,Publicité,71,147
4742203,DIV.713,Publicité,610,627
4742203,DIV.721,Publicité,503,834
4742203,DIV.730,Publicité,82,152
4742203,DIV.734,Publicité,11,25
4742203,DIV.737,DIV.737,2394,6125
4742203,DIV.768,BOURSE DU 15 JUILLET 1865,475,822
4742203,DIV.787,Publicité,21,47
4743498,DIV.28,Annonces,46,75
4743498,DIV.32,Annonces,14,21
4743498,DIV.35,BOURSE DE PARIS DU 31 DECEMBRE,99,254
4743498,DIV.49,DIV.49,170,251
4743498,DIV.58,Dépêches reçues par pigeons voyageurs,276,448
4743498,DIV.76,DIV.76,718,1086
4743498,DIV.89,DIV.89,112,183
4743498,DIV.95,DIV.95,52,88
4743498,DIV.99,DIV.99,66,96
4743498,DIV.103,DIV.103,241,376
4743498,DIV.119,DIV.119,102,151
4743498,DIV.123,DIV.123,98,142
4743498,DIV.129,DIV.129,61,82
4743498,DIV.133,L'ANNÉE 1873,1131,1695
4743498,DIV.155,DIV.155,127,192
4743498,DIV.162,La contribution personnelle et mobilière A PARIS,282,492
4743498,DIV.178,ECHOS DE VERSAILLES,926,1413
4743498,DIV.209,DIV.209,152,248
4743498,DIV.214,DIV.214,318,486
4743498,DIV.224,DIV.224,199,300
4743498,DIV.231,DIV.231,471,661
4743498,DIV.245,DIV.245,138,206
4743498,DIV.251,DIV.251,168,258
4743498,DIV.258,DIV.258,63,109
4743498,DIV.262,DIV.262,44,76
4743498,DIV.269,DIV.269,113,187
4743498,DIV.278,DIV.278,79,114
4743498,DIV.281,DIV.281,45,63
4743498,DIV.285,DIV.285,65,87
4743498,DIV.288,DIV.288,237,355
4743498,DIV.300,DIV.300,117,183
4743498,DIV.307,DIV.307,25,43
4743498,DIV.310,DIV.310,29,56
4743498,DIV.313,DIV.313,202,280
4743498,DIV.320,DIV.320,217,321
4743498,DIV.326,DIV.326,48,79
4743498,DIV.329,DIV.329,140,214
4743498,DIV.334,JOURNAL OFFICIEL,397,699
4743498,DIV.357,PROMOTIONS MILITAIRES,371,635
4743498,DIV.378,Conseil supérieur de l'instruction publique,1017,1432
4743498,DIV.405,CAISSE D'ÉPARGNE DE PARIS,712,1087
4743498,DIV.431,CHRONIQUE,849,1354
4743498,DIV.463,Premières représentations,219,331
4743498,DIV.477,Présidence de M. Buffet.,4376,6777
4743498,DIV.627,DEPÈCHES TÉLÉGRAPHIQUES,638,976
4743498,DIV.673,ESPAGNE,480,683
4743498,DIV.692,23 APPARTEMENT A LOUER (1),1673,2536
4743498,DIV.758,REVUE SCIENTIFIQUE,1193,1755
4743498,DIV.783,FAITS DIVERS,1087,1606
4743498,DIV.831,Bulletin agricole.,176,355
4743498,DIV.845,Publicité,22,51
4743498,DIV.848,Publicité,57,106
4743498,DIV.852,Publicité,21,52
4743498,DIV.855,Publicité,35,82
4743498,DIV.858,DECLARATIONS DE FAILLITES,30,67
4743498,DIV.866,DIV.866,86,155
4743498,DIV.872,Annonces,33,56
4743498,DIV.878,DIV.878,357,808
4743498,DIV.910,DIV.910,198,414
4743498,DIV.922,Publicité,41,103
4743498,DIV.928,DIV.928,22,39
4743498,DIV.933,DIV.933,30,70
4743498,DIV.941,Publicité,167,365
4743498,DIV.950,DIV.950,67,125
4743498,DIV.957,DIV.957,36,86
4743498,DIV.966,Publicité,351,753
4743498,DIV.973,Programme,2276,6609
4743498,DIV.1008,3 0/0,16,48
4743498,DIV.1014,5 0/0 (1872),16,59
4743498,DIV.1019,5 0/0 (LIBÉRÉ),16,60
4743498,DIV.1024,DIV.1024,349,604
4743498,DIV.1045,DIV.1045,181,436
4743498,DIV.1062,DU 1er JANVIER 1874,190,480
4743498,DIV.1077,Publicité,97,167
4743533,DIV.31,BOURSE DE PARIS DU 5 FEVRIER,95,248
4743533,DIV.47,DIV.47,265,393
4743533,DIV.59,DIV.59,30,55
4743533,DIV.64,DIV.64,29,43
4743533,DIV.68,DIV.68,62,106
4743533,DIV.74,DIV.74,1056,1483
4743533,DIV.95,DIV.95,63,89
4743533,DIV.98,DIV.98,32,37
4743533,DIV.101,DIV.101,78,121
4743533,DIV.106,DIV.106,116,157
4743533,DIV.110,DIV.110,122,178
4743533,DIV.118,DIV.118,178,246
4743533,DIV.125,DIV.125,34,58
4743533,DIV.131,DIV.131,765,1086
4743533,DIV.145,DIV.145,1543,2204
4743533,DIV.187,LETTRES D'ANGLETERRE : (Correspondance particulière de la FRANCE.),1362,2006
4743533,DIV.216,ECHOS DES VERSAILLES,913,1394
4743533,DIV.238,COMMISSION CONSTITUTIONNELLE : Séance du 4 février.,736,1068
4743533,DIV.271,DIV.271,330,482
4743533,DIV.282,DIV.282,189,259
4743533,DIV.288,DIV.288,138,196
4743533,DIV.297,DIV.297,152,250
4743533,DIV.305,DIV.305,160,209
4743533,DIV.310,DIV.310,36,56
4743533,DIV.313,DIV.313,19,32
4743533,DIV.316,DIV.316,100,149
4743533,DIV.321,DIV.321,40,64
4743533,DIV.325,DIV.325,19,33
4743533,DIV.328,DIV.328,62,97
4743533,DIV.332,DIV.332,148,194
4743533,DIV.337,DIV.337,208,288
4743533,DIV.346,DIV.346,29,39
4743533,DIV.349,DIV.349,133,185
4743533,DIV.358,DIV.358,115,181
4743533,DIV.363,DIV.363,18,23
4743533,DIV.366,DIV.366,112,173
4743533,DIV.370,DIV.370,72,100
4743533,DIV.373,JOURNAL OFFICIEL,238,397
4743533,DIV.387,NOMINATION DES MAIRES,750,1689
4743533,DIV.410,Société des Agriculteurs de France,416,642
4743533,DIV.421,CHRONIQUE,1044,1691
4743533,DIV.465,Compte rendu analytique de la séance du mercredi 4 février 1874.,4046,5982
4743533,DIV.597,BUREAUX ET COMMISSIONS,198,284
4743533,DIV.607,DÉPÊCHES TÉLÉGRAPHIQUES,720,1209
4743533,DIV.656,ESPAGNE,893,1277
4743533,DIV.681,LIVRES NOUVEAUX,1547,2191
4743533,DIV.721,DIV.721,2297,3481
4743533,DIV.800,Publicité,12,43
4743533,DIV.806,Bulletin agricole.,206,407
4743533,DIV.822,Publicité,94,205
4743533,DIV.834,DECLARATIONS DE FAILLITES,245,532
4743533,DIV.849,DIV.849,197,481
4743533,DIV.863,Annonces,24,78
4743533,DIV.872,DIV.872,57,130
4743533,DIV.877,Annonces,31,82
4743533,DIV.884,DIV.884,50,135
4743533,DIV.896,DIV.896,537,1141
4743533,DIV.922,DIV.922,3315,9850
4743533,DIV.979,3 0/0,23,71
4743533,DIV.985,5 0/0 (1872),21,62
4743533,DIV.990,5 0/0 (LIBÉRÉ),397,669
4743533,DIV.1003,DIV.1003,299,704
4743533,DIV.1028,DIV.1028,57,108
4743533,DIV.1032,DIV.1032,43,73
4743572,DIV.31,BOURSE DE PARIS DU 16 MARS,94,222
4743572,DIV.45,DIV.45,472,676
4743572,DIV.60,DIV.60,92,130
4743572,DIV.66,DIV.66,113,191
4743572,DIV.75,DIV.75,786,1161
4743572,DIV.88,DIV.88,107,154
4743572,DIV.94,DIV.94,134,184
4743572,DIV.99,DIV.99,52,82
4743572,DIV.104,DIV.104,47,68
4743572,DIV.109,DIV.109,150,220
4743572,DIV.114,UN RAPPROCHEMENT INEXACT,853,1246
4743572,DIV.128,LE 16 MARS A CHISLEHURST,691,1109
4743572,DIV.156,DIV.156,190,252
4743572,DIV.163,DIV.163,2124,3769
4743572,DIV.210,LA SANTÉ PUBLIQUE,1522,2294
4743572,DIV.247,DIV.247,45,69
4743572,DIV.251,DIV.251,81,106
4743572,DIV.256,DIV.256,88,116
4743572,DIV.260,DIV.260,18,24
4743572,DIV.263,DIV.263,107,156
4743572,DIV.268,DIV.268,146,231
4743572,DIV.273,DIV.273,321,463
4743572,DIV.286,DIV.286,76,104
4743572,DIV.291,DIV.291,53,77
4743572,DIV.294,DIV.294,96,130
4743572,DIV.302,DIV.302,61,103
4743572,DIV.306,DIV.306,70,105
4743572,DIV.311,DIV.311,86,133
4743572,DIV.314,DIV.314,238,432
4743572,DIV.328,CHRONIQUE ÉLECTORALE,546,834
4743572,DIV.369,4e conseil de guerre.,148,221
4743572,DIV.378,3e conseil de guerre.,208,327
4743572,DIV.388,Obligations de la ville de Paris. : EMPRUNT 1865. — 35e TIRAGE,138,450
4743572,DIV.398,CHRONIQUE,871,1357
4743572,DIV.436,COURSES D 'AUTEUIL,531,895
4743572,DIV.450,DEPÈCHES TÉLÉGRAPHIQUES,304,515
4743572,DIV.471,ESPAGNE,593,896
4743572,DIV.492,43 LE CRIME DU CAPITAINE : ROMAN PAR M. LOUIS REYNAUD,1502,2231
4743572,DIV.558,RAVITAILLEMENT DE PARIS. — ESCROQUERIES.,281,457
4743572,DIV.571,"BULLETIN BIBLIOGRAPHIQUE : Souvenirs du règne de Louis XIV, par le comte DE COSNAC (Gabriel-Jules). — Renouard, éditeur, 6, rue de Tournon.",731,1070
4743572,DIV.582,FAITS DIVERS,1582,2670
4743572,DIV.628,DIV.628,45,94
4743572,DIV.634,DIV.634,1945,3194
4743572,DIV.685,DIV.685,217,382
4743572,DIV.700,Publicité,59,118
4743572,DIV.712,Publicité,23,39
4743572,DIV.718,Publicité,111,264
4743572,DIV.723,DECLARATIONS DE FAILLITES,150,359
4743572,DIV.734,VENTES ET ADJUDICATIONS,198,446
4743572,DIV.746,Annonces,18,41
4743572,DIV.750,AVIS DIVERS,152,348
4743572,DIV.761,Publicité,42,89
4743572,DIV.765,INDUSTRIES DIVERSES,125,288
4743572,DIV.775,MÉDECINE ET PHARMACIE,770,1375
4743572,DIV.802,Publicité,56,128
4743572,DIV.808,Publicité,83,195
4743572,DIV.815,Publicité,27,72
4743572,DIV.823,DIV.823,85,207
4743572,DIV.842,DIV.842,17,39
4743572,DIV.848,DIV.848,26,58
4743572,DIV.855,Publicité,31,61
4743572,DIV.859,Publicité,30,72
4743572,DIV.866,Publicité,1338,2705
4743572,DIV.883,DIV.883,3905,8939
4743572,DIV.957,3 0/0,16,52
4743572,DIV.962,5 0/0 (1872),16,58
4743572,DIV.967,5 0/0 (LIBÉRÉ),16,55
4743572,DIV.972,DIV.972,324,541
4743572,DIV.992,DIV.992,299,712
4743572,DIV.1016,DIV.1016,45,75
4743714,DIV.34,DIV.34,92,124
4743714,DIV.38,DIV.38,35,58
4743714,DIV.42,DIV.42,51,75
4743714,DIV.46,DIV.46,52,95
4743714,DIV.53,DIV.53,1039,1548
4743714,DIV.71,DIV.71,41,59
4743714,DIV.76,DIV.76,80,110
4743714,DIV.80,DIV.80,146,224
4743714,DIV.85,DIV.85,236,332
4743714,DIV.92,DIV.92,377,515
4743714,DIV.104,DIV.104,110,156
4743714,DIV.111,DIV.111,231,345
4743714,DIV.118,Les Sociétés coopératives en Allemagne,1211,2091
4743714,DIV.151,DIV.151,90,137
4743714,DIV.155,DIV.155,35,48
4743714,DIV.158,DIV.158,104,178
4743714,DIV.165,DIV.165,38,53
4743714,DIV.168,DIV.168,41,64
4743714,DIV.171,DIV.171,116,166
4743714,DIV.176,DIV.176,265,385
4743714,DIV.184,DIV.184,116,173
4743714,DIV.189,DIV.189,215,318
4743714,DIV.196,DIV.196,180,260
4743714,DIV.202,DIV.202,32,42
4743714,DIV.205,DIV.205,142,206
4743714,DIV.211,DIV.211,855,1268
4743714,DIV.232,JOURNAL OFFICIEL,489,805
4743714,DIV.261,Séance du samedi 8 août 1874.,1260,1918
4743714,DIV.294,CHRONIQUE,2172,3427
4743714,DIV.354,DÉPÊCHES TÉLÉGRAPHIQUES,348,605
4743714,DIV.386,ESPAGNE,353,493
4743714,DIV.396,La démission de M. Hyacinthe Loyson.,430,592
4743714,DIV.407,LE MOUVEMENT Dramatique et Littéraire : THÉATRE-FRANÇAIS. — Zaire.,1995,3016
4743714,DIV.461,Résumé du lundi 3 au samedi 8 août.,2541,4367
4743714,DIV.531,L'ENQUÊTE SUR L'AMERIQUE,979,1406
4743714,DIV.558,DIV.558,900,1389
4743714,DIV.572,DIV.572,292,459
4743714,DIV.578,DIV.578,545,774
4743714,DIV.594,DIV.594,2303,3420
4743714,DIV.672,Publicité,53,97
4743714,DIV.675,DIV.675,44,73
4743714,DIV.678,Publicité,10,27
4743714,DIV.685,Publicité,83,200
4743714,DIV.698,Publicité,18,46
4743714,DIV.701,THÉATRES DU 9 AOUT,246,600
4743714,DIV.729,DIV.729,198,451
4743714,DIV.752,Annonces,22,50
4743714,DIV.758,Annonces,18,56
4743714,DIV.765,DIV.765,60,151
4743714,DIV.773,DIV.773,286,482
4743714,DIV.793,DIV.793,277,615
4743714,DIV.803,DIV.803,82,177
4743714,DIV.813,DIV.813,85,194
4743714,DIV.825,Publicité,339,840
4743714,DIV.855,Annonces,749,1390
4743714,DIV.876,Publicité,10,27
4743818,DIV.24,(SERVICE DE NUIT),311,529
4743818,DIV.51,DIV.51,548,846
4743818,DIV.72,DIV.72,41,62
4743818,DIV.75,DIV.75,105,152
4743818,DIV.79,DIV.79,217,303
4743818,DIV.84,Le vote IMMÉDIAT des lois constitutionnelles,271,373
4743818,DIV.95,LA CONVENTION DE 1787,353,498
4743818,DIV.105,DIV.105,178,265
4743818,DIV.115,DIV.115,180,283
4743818,DIV.122,DIV.122,22,30
4743818,DIV.126,DIV.126,61,99
4743818,DIV.132,DIV.132,40,58
4743818,DIV.136,DIV.136,77,114
4743818,DIV.142,DIV.142,78,103
4743818,DIV.147,LES ÉLECTIONS MUNICIPALES,723,1087
4743818,DIV.166,A TRAVERS LA PRESSE,471,759
4743818,DIV.183,LE SCRUTIN DU 22 NOVEMBRE,959,2910
4743818,DIV.301,"Séance du 23 novembre. : PRÉSIDENCE DE M. HÉROLD, VICE-PRÉSIDENT",338,493
4743818,DIV.319,DIV.319,580,808
4743818,DIV.330,DIV.330,163,235
4743818,DIV.337,OUVERTURE DU PARLEMENT ITALIEN,397,534
4743818,DIV.356,LE PRÉTENDU NANA-SAHIB,373,566
4743818,DIV.369,DIV.369,365,560
4743818,DIV.384,DANS LE MONDE,212,325
4743818,DIV.392,A L'ÉTRANGER,111,187
4743818,DIV.402,UN PEU PARTOUT,372,587
4743818,DIV.417,LE SPORT,522,697
4743818,DIV.433,AU THÉATRE,335,581
4743818,DIV.450,DIV.450,34,51
4743818,DIV.454,LA MESSE DE SAINTE-CÉCILE,603,919
4743818,DIV.474,FORTUNY,1163,1820
4743818,DIV.498,LE MOUVEMENT ARTISTIQUE ET LITTÉRAIRE : LES LIVRES,1799,2694
4743818,DIV.527,FAITS DIVERS,1713,2714
4743818,DIV.588,9 HISTOIRE D'UN DÉCLASSÉ : PREMIERE PARTIE LES PREMIERES PAGES DE LA VIE,2497,3824
4743818,DIV.669,Publicité,40,100
4743818,DIV.675,Publicité,66,129
4743818,DIV.679,Annonces,68,182
4743818,DIV.688,DIV.688,73,141
4743818,DIV.698,DIV.698,224,481
4743818,DIV.715,DIV.715,58,171
4743818,DIV.728,DIV.728,299,649
4743818,DIV.745,DIV.745,83,169
4743818,DIV.765,DIV.765,99,171
4743818,DIV.772,DIV.772,25,43
4743818,DIV.777,DIV.777,88,188
4743818,DIV.784,DIV.784,45,87
4743818,DIV.789,DIV.789,106,259
4743818,DIV.801,BOURSE DE PARIS DU 23 NOVEMBRE,1195,1896
4743818,DIV.838,DIV.838,24,56
4743818,DIV.841,BOURSES ÉTRANGÈRES : Cours de clôture du 23 novembre.,2915,3613
4743818,DIV.900,"DÉPÔT AU GREFFE : Formations, modifications, dissolutions de sociétés",251,597
4743818,DIV.916,DÉCLAMATIONS DE FAILLITES,341,860
4743818,DIV.942,DIV.942,1297,1866
4743818,DIV.996,Marchés français.,1143,2157
4743818,DIV.1044,Marchés étrangers,121,223
4743818,DIV.1054,BOURSE DE PARIS DU 23 NOVEMBRE,4618,13622
4743818,DIV.1132,TH.-FRANÇAIS — 8 h. 0/0,51,147
4743818,DIV.1139,OPÉRA-COMIQUE — 8 h. 0/0,33,98
4743818,DIV.1145,"THÉATRE VENTADOUR, 8 h. : (ANCIEN THÉATRE ITALIEN)",32,84
4743818,DIV.1153,ODÉON — 8 h. 0/0,67,171
4743818,DIV.1158,OPÉRA POPULAIRE — 7h.1/2,40,110
4743818,DIV.1164,PORTE-ST-MARTIN — 7h.0/0,46,133
4743818,DIV.1171,VAUDEVILLE — 8 0/0,70,170
4743818,DIV.1178,GYMNASE — 8 0/0,89,236
4743818,DIV.1187,VARIÉTÉS — 7 h. 1/2,44,139
4743818,DIV.1193,PALAIS-ROYAL — 7 h. 1/4,11,28
4743818,DIV.1199,LYRIQUE-DRAMATIQUE 7h.1/2,55,131
4743818,DIV.1210,RENAISSANCE — 7 h. 1/2,13,39
4743818,DIV.1215,AMBIGU — 7 h. 1/2,39,89
4743818,DIV.1227,CHATEAU-D'EAU — 7 h. 1/2,18,45
4743818,DIV.1233,CLUNY — 7 h. 1/2,14,32
4743818,DIV.1238,FOLIES-DRAMATIQUES 7 3/4,14,37
4743818,DIV.1243,THÉATRE DES ARTS. 7 h. 1/2,12,38
4743818,DIV.1253,"THÉATRE DÉJAZET, 8 h. 0/0",18,44
4743818,DIV.1259,CIRQUE D'HIVER — 8 h.,13,27
4743818,DIV.1284,THÉATRE DES FAMILLES,14,34
4743854,DIV.22,ÉLECTION DU 3 JANVIER 1875 : Hautes-Pyrénées CANDIDAT DES COMITÉS RÉPUBLICAINS,25,63
4743854,DIV.32,Allemagne.,256,389
4743854,DIV.45,Italie.,91,146
4743854,DIV.57,LA LOI DU 13 MARS 1873,1636,2486
4743854,DIV.104,DIV.104,238,331
4743854,DIV.110,DIV.110,42,55
4743854,DIV.114,DIV.114,156,241
4743854,DIV.128,DIV.128,269,409
4743854,DIV.137,A TRAVERS LA PRESSE,1291,1827
4743854,DIV.164,Les affaires vont-elles ou ne vont-elles pas? : MOUVEMENT GÉNÉRAL D'importations et d'exportations 1869-1872 XII,1538,2406
4743854,DIV.211,ACTES OFFICIELS,259,387
4743854,DIV.223,EXPOSITION DE VIENNE : Distribution des médailles et diplômes,173,250
4743854,DIV.234,DÉPARTEMENTS,353,573
4743854,DIV.254,ALLEMAGNE.,166,240
4743854,DIV.262,RUSSIE.,82,116
4743854,DIV.268,TURQUIE.,104,144
4743854,DIV.278,DIV.278,220,299
4743854,DIV.288,DIV.288,212,333
4743854,DIV.295,DIV.295,67,113
4743854,DIV.301,DIV.301,16,20
4743854,DIV.307,DIV.307,400,671
4743854,DIV.322,DIV.322,49,81
4743854,DIV.327,DIV.327,59,92
4743854,DIV.331,DIV.331,138,213
4743854,DIV.334,DIV.334,49,82
4743854,DIV.338,DIV.338,59,102
4743854,DIV.342,DIV.342,36,52
4743854,DIV.345,DIV.345,85,115
4743854,DIV.350,DIV.350,35,52
4743854,DIV.353,DIV.353,125,184
4743854,DIV.363,DIV.363,406,624
4743854,DIV.370,DIV.370,124,189
4743854,DIV.376,DIV.376,113,180
4743854,DIV.381,DIV.381,44,62
4743854,DIV.386,DIV.386,32,44
4743854,DIV.391,DIV.391,20,37
4743854,DIV.394,DIV.394,41,64
4743854,DIV.399,DIV.399,19,28
4743854,DIV.402,DIV.402,20,34
4743854,DIV.405,DIV.405,25,40
4743854,DIV.408,DIV.408,83,129
4743854,DIV.414,LA QUESTION DE L'OPÉRA : III LES ARTISTES — LES CHŒURS — L'ORCHESTRE,979,1466
4743854,DIV.457,COUR D'ASSISES DE LA SEINE : Audience du 29. LA BANDE LÉVY (suite). — JUGEMENT.,496,764
4743854,DIV.479,Publicité,25,35
4743854,DIV.482,FAITS DIVERS,1815,2793
4743854,DIV.527,DIV.527,80,124
4743854,DIV.532,DIV.532,37,63
4743854,DIV.536,DIV.536,31,61
4743854,DIV.541,COMMUNICATIONS ET AVIS DIVERS,17,35
4743854,DIV.546,DIV.546,161,257
4743854,DIV.549,ÉTRENNES 1875 MERVEILLES ET SURPRISES DE LA CONFISERIE SEUGNOT,149,256
4743854,DIV.556,DIV.556,303,512
4743854,DIV.559,Publicité,13,27
4743854,DIV.565,Publicité,61,109
4743854,DIV.571,LA POIRE D'ANGOISSE,2540,3803
4743854,DIV.682,Publicité,26,54
4743854,DIV.687,Publicité,14,27
4743854,DIV.690,Publicité,18,32
4743854,DIV.693,Publicité,28,46
4743854,DIV.696,Publicité,516,1156
4743854,DIV.714,DIV.714,139,336
4743854,DIV.720,Publicité,46,112
4743854,DIV.725,Annonces,31,65
4743854,DIV.729,Annonces,65,119
4743854,DIV.739,DIV.739,308,602
4743854,DIV.766,DIV.766,21,52
4743854,DIV.771,DIV.771,17,39
4743854,DIV.777,DIV.777,25,55
4743854,DIV.780,DIV.780,24,60
4743854,DIV.787,DIV.787,35,72
4743854,DIV.790,DIV.790,39,120
4743854,DIV.797,DIV.797,38,82
4743854,DIV.801,DIV.801,60,117
4743854,DIV.807,Publicité,109,247
4743854,DIV.830,DIV.830,936,1474
4743854,DIV.850,DIV.850,592,1815
4743854,DIV.878,BOURSES ÉTRANGÈRES : Cours de clôture du 29 décembre.,185,440
4743854,DIV.893,RENSEIGNEMENTS FINANCIERS,168,328
4743854,DIV.915,"TRIBUNAL DE COMMERCE DE LA SEINE : DÉPÔT AU GREFFE Formations, modifications, dissolutions de sociétés",223,528
4743854,DIV.935,DIV.935,1965,2485
4743854,DIV.1006,Marchés français.,1190,2586
4743854,DIV.1101,Halle de Paris.,100,161
4743854,DIV.1111,Beurres.,257,327
4743854,DIV.1120,Œufs.,42,78
4743854,DIV.1131,Pommes de terre,324,512
4743854,DIV.1142,BOURSE DE PARIS DU 29 DÉCEMBRE,3766,11411
4743854,DIV.1205,OPÉRA — 7 h. 3/4,55,151
4743854,DIV.1212,TH.-FRANÇAIS — 8 h. 0/0,40,100
4743854,DIV.1217,OPÉRA-COMIQUE — 8 h. 0/0,43,115
4743854,DIV.1224,ODÉON — 8 h. 0/0,45,128
4743854,DIV.1234,CHATELET — 8 h. 0/0,54,145
4743854,DIV.1241,GYMNASE — 8 h. 0/0,84,219
4743854,DIV.1248,VAUDEVILLE — 7 h. 3/4,66,149
4743854,DIV.1256,VARIÉTÉS — 7 h. 1/2,41,130
4743854,DIV.1262,PORTE-ST-MARTIN—7h.1/4,38,103
4743854,DIV.1268,DIV.1268,13,35
4743854,DIV.1272,PALAIS-ROYAL— 7 h. 3/4,52,156
4743854,DIV.1280,LYRIQUE-DRAMATIQUE 7h.1/2,55,144
4743854,DIV.1286,RENAISSANCE — 7 h. 1/2,47,134
4743854,DIV.1292,BOUFFES-PARISIENS—7h.3/4,50,144
4743854,DIV.1300,AMBIGU — 7 h. 1/2,13,39
4743854,DIV.1305,FOLIES-DRAMATIQUES 7 1/2,18,49
4743854,DIV.1310,CHATEAU-D'EAU — 7 h. 1/4,18,40
4743854,DIV.1316,DIV.1316,65,166
4745347,DIV.26,23 SEPTEMBRE 1938... par Jean-Paul SARTRE,4095,5880
4745347,DIV.198,LA CHASSE des gones : Choses vues par Jean BALENSI,5809,9137
4745347,DIV.314,TOUT EST POSSIBLE,509,708
4745347,DIV.331,Ce que parler veut dire par Michel LEIRIS,1145,1706
4745347,DIV.347,LE DERNIER ACTE par François MAURIAC de l'Académie française,735,1125
4745347,DIV.370,J'AI TORT... et m 'en excuse par Pierre BÉNARD,679,1002
4745347,DIV.418,EN PLEIN TRAVAIL,14,22
4745347,DIV.430,Suarez devant ses juges,961,1465
4745347,DIV.471,La reconnaissance si longtemps attendue,799,1199
4745347,DIV.497,Publicité,27,63
4745347,DIV.503,Publicité,20,54
4745347,DIV.507,Publicité,51,116
4745347,DIV.520,Publicité,38,93
4745347,DIV.524,Publicité,23,50
4745347,DIV.529,Publicité,54,121
4745347,DIV.535,Annonces,29,42
4745347,DIV.538,Annonces,35,79
4745347,DIV.544,« Winston » et « Liberty »,129,205
4745347,DIV.556,Renaissance de Cherbourg,125,211
4745347,DIV.566,Le démarcheur inconnu,162,244
4745347,DIV.572,Chacun son tour,145,228
4745347,DIV.586,Rééducation,94,143
4745347,DIV.595,Faire suivre...,52,78
4745347,DIV.602,Les loups entre eux,58,76
4745347,DIV.609,Un métier dangereux,132,190
4745347,DIV.623,Les amateurs d'art,140,220
4745347,DIV.631,La France partout,123,179
4745347,DIV.640,L'exemple belge,60,96
4745347,DIV.652,Réponse à un « munichois »,111,158
4745347,DIV.661,Branly médecin,115,174
4745347,DIV.672,Scepticisme,76,122
4745347,DIV.682,Annonces,82,135
4745347,DIV.689,Nécrologie,60,107
4745347,DIV.694,BOURSES D'ETUDES A L'E.S.D.,48,104
4745347,DIV.699,LES CADETTES DE L'E.N.S.,63,117
4745347,DIV.704,Publicité,23,74
4745347,DIV.709,Publicité,21,60
4745347,DIV.717,Publicité,22,61
4745347,DIV.726,LOIN DE RUEIL : Roman inédit par Raymond QUENEAU Illustration de DESBARBIEUX,4219,6311
4745347,DIV.940,COURS ET LEÇONS,433,931
4745347,DIV.968,Jacques Rivière et l'Allemand d'après nature,1135,1648
4745347,DIV.999,Publicité,23,75
4745347,DIV.1005,Publicité,48,102
4745347,DIV.1020,CENTENAIRE,366,581
4745347,DIV.1030,Souvenirs de l'occupation (suite),63,101
4745347,DIV.1036,Ce qui se prépare cher Albin Michel,86,137
4745347,DIV.1041,Publicité,55,167
4745347,DIV.1051,14 Juillet 1944 à Saint-Céré,236,376
4745347,DIV.1071,Ici et là...,120,177
4745347,DIV.1078,BIENTOT... : Aux « Editions de Minuit »,96,142
4745347,DIV.1084,Annonces,58,108
4745347,DIV.1089,Annonces,60,115
4745347,DIV.1094,DES REVUES reparaissent,409,635
4745347,DIV.1104,Sous la Coupole,207,330
4745347,DIV.1116,Littérature et Presse clandestines,109,172
4745347,DIV.1124,DIV.1124,32,51
4745347,DIV.1127,Publicité,18,63
4745347,DIV.1133,Publicité,15,39
4745347,DIV.1136,Publicité,21,69
4745347,DIV.1143,Publicité,15,31
4745347,DIV.1148,DE LA SORBONNE à. l'Institut français de New-York : L'ŒUVRE de quelques Français EN EXIL,918,1350
4745347,DIV.1182,Annonces,170,378
4745347,DIV.1195,Annonces,95,253
4745347,DIV.1213,COURS DE DESSIN PAR CORRESPONDANCE,163,263
4745347,DIV.1228,PÉTAIN JUGÉ,1187,1755
4745347,DIV.1257,Deux expositions DESNOYER et DUBUFFET,857,1254
4745347,DIV.1279,DIV.1279,103,184
4745347,DIV.1287,CALENDRIER DES VENTES,74,164
4745347,DIV.1295,Annonces,65,182
4745347,DIV.1307,Annonces,21,39
4745347,DIV.1315,Annonces,190,566
4745347,DIV.1343,GALERIES D'ART,165,485
4745347,DIV.1366,On garde les mêmes,148,212
4745347,DIV.1374,Sacha le compatissant,113,159
4745347,DIV.1381,Entorse au règlement,62,87
4745347,DIV.1388,Il y a clerc et Clerc,96,146
4745347,DIV.1396,DIV.1396,143,219
4745347,DIV.1401,DIV.1401,40,58
4745347,DIV.1404,LA MUSIQUE SERGE PROKOFIEFF par Georges AURIC,599,964
4745347,DIV.1418,Publicité,24,65
4745347,DIV.1423,Publicité,54,141
4745347,DIV.1430,Dans les salles de Paris,191,499
4745347,DIV.1448,Publicité,25,50
4745347,DIV.1455,REALISATIONS ET PROMESSES DU THEATRE PARISIEN,545,797
4745347,DIV.1470,UN ETERNEL MALENTENDU,1393,2145
4745347,DIV.1496,DIV.1496,27,67
4745347,DIV.1500,Publicité,328,830
4745347,DIV.1536,Des studios de Paris.. ...à ceux d'Hollywood,1164,1691
4745347,DIV.1564,EVE A COMMENCÉ : UN FILM où l'on retrouve l'ONCLE SAM lui-même,1079,1602
4745347,DIV.1588,MOTS CROISÉS,278,591
4745347,DIV.1600,Conseils de Fite : Pudding de récupération,152,253
4745347,DIV.1607,Petites Annonces,221,603
4745347,DIV.1635,MON CŒUR DANS UN BOUTON,548,869
4745347,DIV.1657,Publicité,30,81
4745347,DIV.1662,A travers les collections de grande couture,538,899
4745347,DIV.1687,MYTHOLOGIE,321,453
4745347,DIV.1699,Calendrier des collections,146,352
4745347,DIV.1720,SOLUTION DU PROBLEME N° 8 P. MONREAL,230,379
4745347,DIV.1728,PROBLEME N° 7 F. MICHEL : (Inédit),10,22
4745347,DIV.1736,PROBLEME N° 8,30,60
4745347,DIV.1742,NOUVELLES DES CERCLES,135,248
4745483,DIV.27,D'UN TRAPÈZE A L'AUTRE : Naissance d' une vocation PAR ZEMGANNO,1231,1836
4745483,DIV.82,DIV.82,41,62
4745483,DIV.95,"LES ""BELLES AMES"" sont impuissantes PAR CLAUDE MORGAN",491,705
4745483,DIV.111,BRUXELLES quand on ne va pas au cinéma PAR Louis CHÉRONNET,2610,3887
4745483,DIV.152,AVEC RAOUL DUFY A PERPIGNAN PAR LEON DEGAND,2178,3197
4745483,DIV.224,Le président souriant,124,178
4745483,DIV.232,Drames intimes,174,258
4745483,DIV.244,Querelles idéologiques,205,307
4745483,DIV.256,Tripe républicaine,101,161
4745483,DIV.267,Au bord du gouffre,152,237
4745483,DIV.277,PRIX DE CONSOLATION,755,1125
4745483,DIV.298,Les armes et la toge,66,91
4745483,DIV.304,Où il y a de la gêne...,102,133
4745483,DIV.310,Ce que l'on raconte à Washington,102,154
4745483,DIV.318,La manière,89,130
4745483,DIV.327,Une provocation,335,515
4745483,DIV.338,Pitié pour Steinbeck,201,308
4745483,DIV.350,Un comble !,52,83
4745483,DIV.356,Américanisme,87,121
4745483,DIV.363,DIV.363,32,60
4745483,DIV.368,Ne tirez pas sur la pianiste,87,145
4745483,DIV.377,L'art français au secours des enfants roumains,103,168
4745483,DIV.389,Deus ex machina,136,200
4745483,DIV.399,A propos des étonnantes possibilités de la mémoire,154,224
4745483,DIV.405,Publicité,52,110
4745483,DIV.414,DIV.414,12,17
4745483,DIV.418,COUP D'ŒIL SUR LE MONDE : LA DERNIÈRE CHANCE POUR QUI ?,875,1248
4745483,DIV.434,Sans commentaires : BAC EN FANTAISIE,442,698
4745483,DIV.451,Tournée européenne,309,491
4745483,DIV.465,DIV.465,302,546
4745483,DIV.481,SOLUTION DU PROBLEME PRECEDENT,117,269
4745483,DIV.489,Une intéressante expérience,217,311
4745483,DIV.498,L'Ecole d'Athènes en péril PAR JEAN -MARIE GERBAULT,891,1429
4745483,DIV.512,DIV.512,86,150
4745483,DIV.518,LES GRANDS PROCÈS : L'OMBRE D'UN DICTATEUR EN COUR D'ASSISES PAR ROBERT GOFFIN,3256,4765
4745483,DIV.600,Vanite... vanitas,102,153
4745483,DIV.610,Choix,71,104
4745483,DIV.618,Publicité,12,23
4745483,DIV.621,Publicité,68,118
4745483,DIV.625,Publicité,15,30
4745483,DIV.628,Publicité,25,61
4745483,DIV.633,Publicité,114,330
4745483,DIV.649,Une vraie Jeanne d'Arc,606,893
4745483,DIV.662,RÉHABILITATION du roman policier,338,512
4745483,DIV.674,LA VIE DES LETTRES,1264,1945
4745483,DIV.704,DIV.704,27,46
4745483,DIV.715,ESSAIS,483,773
4745483,DIV.734,ROMANS,675,1017
4745483,DIV.754,DOCUMENTAIRES,167,263
4745483,DIV.766,"HISTOIRE : GROMWELL, par Léon Lemonnier (Tallandier, éd.).",140,218
4745483,DIV.773,Publicité,39,88
4745483,DIV.781,Publicité,31,72
4745483,DIV.793,"D'UNE PRISON, JE NE PUIS FAIRE DAVANTAGE : PAR THEMOS KORNAROS",924,1338
4745483,DIV.844,Publicité,224,540
4745483,DIV.886,La Mémoire de Max Jacob,46,66
4745483,DIV.892,"LE ""COUMBAROS"" écrivain grec",860,1281
4745483,DIV.923,TROIS ROMANS,1929,2827
4745483,DIV.950,Un rénovateur du roman historique en Angleterre : JACK LINDSAY PAR I. GRUNBERG,697,1014
4745483,DIV.965,Le Congrès de l'Education artistique,76,112
4745483,DIV.971,Les Samedis du C.N.E.,63,99
4745483,DIV.977,Publicité,422,713
4745483,DIV.1026,LES FANTÔMES ARMÉS : Grand roman inédit. d'Elsa TRIOLET Illustré par FOUGERON,5253,7587
4745483,DIV.1185,Publicité,46,121
4745483,DIV.1196,TRAVAIL ET CULTURE : INITIATION MUSICALE,542,808
4745483,DIV.1215,JEAN-JOSEPH RABEARIVELO poète malgache PAR ROBERT BOUDRY,1353,2148
4745483,DIV.1248,Publicité,167,314
4745483,DIV.1267,Ce qui se passe EN ESPAGNE PAR ALVAREZ DEL VAYO,1004,1446
4745483,DIV.1297,Le protecteur de Académie a applaudi le maire de Lyon,705,1100
4745483,DIV.1331,BILAN bruxellois,1143,1787
4745483,DIV.1357,DIV.1357,104,151
4745483,DIV.1368,Publicité à la hauteur,86,132
4745483,DIV.1375,Le million,131,188
4745483,DIV.1384,Le rire de Jouvet,80,117
4745483,DIV.1393,Identités,115,179
4745483,DIV.1402,Rosserie,92,136
4745483,DIV.1409,Divin,79,115
4745483,DIV.1417,LE PALMARÈS DE BRUXELLES,146,311
4745483,DIV.1431,DIV.1431,82,121
4745483,DIV.1435,EN TOUTE LIBERTE (de notre envoyé spécial à Bruxelles),414,584
4745483,DIV.1458,Le mariage de Rachel et une fantaisie en 3 tableaux au Théâtre La Bruyère,243,378
4745483,DIV.1476,La farce du poulailler au Théâtre de la Renaissance,239,406
4745483,DIV.1492,LES FILMS NOUVEAUX : Le Charcutier de Machonville,116,178
4745483,DIV.1499,Nous avons aimé...,64,125
4745483,DIV.1508,Publicité,84,170
4745483,DIV.1514,Publicité,23,65
4745483,DIV.1519,Publicité,26,86
4745483,DIV.1524,LA VIOLETTE DU PRATER : GRAND ROMAN INÉDIT PAR Christopher ISHERWOOD,1473,2199
4745483,DIV.1611,LES CONCOURS DRAMATIQUES DU CONSERVATOIRE : Restriction sur le nombre et la qualité,858,1353
4745483,DIV.1640,Rétrospective du funambulisme,626,941
4745483,DIV.1650,LES LETTRES Françaises,669,1048
4745483,DIV.1689,DIV.1689,238,354
4745483,DIV.1696,Charles Vildrac :,260,379
4745483,DIV.1707,Gaston Baty :,197,288
4745483,DIV.1718,Marie-Hélène Dasté :,159,237
4745483,DIV.1727,Jean Vilar :,187,275
4745483,DIV.1742,Tenues de voyage,468,737
4745483,DIV.1760,Bagages d'hier et d'aujourd'hui,339,559
4745483,DIV.1774,UNE INNOVATION LA POUDRE DE SOIE,304,457
4745483,DIV.1781,LA DANSE : L'amour sorcier à l'Opéra-Comique,277,411
4745483,DIV.1791,Publicité,16,46
4745483,DIV.1798,RAMPES ET PROJECTEURS,160,265
4745483,DIV.1805,Publicité,105,188
4745483,DIV.1819,PLUS D'ONGLES CASSÉS,45,100
4745483,DIV.1825,DEMANDES D'EMPLOI 35 fr.,64,122
4745483,DIV.1831,PENSIONS D'ENFANTS,45,108
4745483,DIV.1838,COURS ET LEÇONS 85 fr.,12,31
4745483,DIV.1843,MARIAGES 95 fr.,98,218
4745483,DIV.1850,CORRESPONDANCE 95 fr.,244,567
4745483,DIV.1856,L'AUDIENCE EST OUVERTE : LES ENFANTS PERDUS par FERNAND POUEY,624,1007
4745483,DIV.1889,PALAIS DISPARUS,606,965
4745483,DIV.1918,LE MARCHAND D'ACCENTS : Nouvelle inédite par SANDOR GARAY SANDOR GARAY,2647,4081
4745664,DIV.20,Vaincre !,10,18
4745664,DIV.33,Communiqué de la Préfecture de la Seine,152,200
4745664,DIV.41,Un appel de Radio-Brazzaville,104,158
4745664,DIV.49,"Paris vit des heures de bataille : Des chars allemands ont ouvert le feu, samedi et dimanche, sur l'île de la Cité mais sans reprendre la Préfecture de Police",1257,1922
4745664,DIV.104,LA LIBERTE RECONQUISE,364,524
4745664,DIV.118,Dans les rues de Paris cyclistes et piétons souriaient face aux canons braqués,566,859
4745664,DIV.134,Ils partent...,29,52
4745664,DIV.142,N'oublions pas,361,555
4745664,DIV.171,"LONDRES ET NEW-YORK ANNONCENT: : Les Alliés aux abords de Corbeil, Melun et Fontainebleau et aux portes de Versailles LES ÉLÉMENTS AVANCÉS A 6 KILOMÈTRES DE PARIS PRISE D'AIX-EN-PROVENCE",758,1194
4745664,DIV.198,"Le général de Gaulle est arrivé en France : « Nous reconstruirons Cherbourg d'une manière plus grandiose et plus belle, exactement comme nous reconstruirons la France. » a déclaré le Chef du Gouvernement provisoire de la République",274,374
4745664,DIV.213,Les tickets-lettres de pain sont validés,67,109
4745664,DIV.221,Toutes les salles de spectacle de Paris sont occupées,47,63
4745664,DIV.226,Défense de la France paraît déjà depuis 15 Jours à Rennes,84,113
4745664,DIV.234,M. Marcel Willard secrétaire général à la Justice s'est installé place Vendôme,88,135
4745664,DIV.242,DIV.242,27,48
4745664,DIV.248,"L'OFFENSIVE DE L'ARMÉE ROUGE en direction de l'Allemagne AVANCE VERS SES TROIS OBJECTIFS : la Prusse Orientale, Varsovie et la Silésie",250,374
4745664,DIV.262,Les Allemands bombardent Florence,43,69
4745664,DIV.267,Mussolini révèle les clauses de l'armistice entre Badoglio et les Alliés,114,163
4745664,DIV.275,Des troupes belges opèrent en France,34,49
4745664,DIV.281,"Ce qu'est ""Défense de la France""",673,948
4745664,DIV.298,""" La résistance et la police ont eu une attitude masnifique "" nous dit M. Charles LUIZET, Préfet de Police",600,836
4745664,DIV.330,"En Italie, la VIIIe armée occupe Pergola",221,341
4745664,DIV.343,"Le Gouvernement de Vichy est venu s'effondrer à Paris : La plupart des ministres sont emmenés par les Allemands, les autres se cachent Les SS arrêtent M. Herriot qui proteste solennellement",1051,1552
4745664,DIV.375,""" PUNIR LES COUPABLES supprimer les comités d'organisation et dépanner notre industrie seront les trois questions principales que nous aurons à régler "" nous déclare le Secrétaire général provisoire à la production industrielle",558,767
4745664,DIV.409,Versailles se prépare à recevoir les Alliés,67,97
4745664,DIV.415,Une conférence de Gaulle-Eisenhower et Kœnig,35,56
4745664,DIV.420,Chartres honore ses morts,75,111
4745664,DIV.425,Le colonel Beaupuis occupe le C. G. S.,40,64
4745664,DIV.430,Les Russes ont percé au sud de l'Estonie,31,50
4745664,DIV.435,Quatre bateaux ennemis détruits en Méditerranée,97,141
4745664,DIV.442,"Déjà des combines.., et dans le cinéma les Allemands essaient de sauver les meubles",124,182
4745664,DIV.449,JEAN MARIN Directeur Russes- Bretagne,45,65
4746895,DIV.33,Publicité,41,65
4746895,DIV.38,Publicité,46,93
4746895,DIV.46,TEMPERAMENTS ET DOCTRINES,620,931
4746895,DIV.66,Le Président Loubet.,791,1241
4746895,DIV.115,L'offensive manquée,198,314
4746895,DIV.134,M. Léon Blum,217,350
4746895,DIV.154,Le coup du Père François,141,213
4746895,DIV.165,Un étrange parlementaire !,350,558
4746895,DIV.178,Le souvenir de Robert de Flers.,248,379
4746895,DIV.188,Le banquet François Pietri.,136,191
4746895,DIV.199,Annonces,24,37
4746895,DIV.213,DIV.213,35,66
4746895,DIV.220,La femme de chambre et sa comtesse par Anna KACHINA,2497,3664
4746895,DIV.334,Un voyage en Amérique du Sud Par Georges PORTMANN,3543,5443
4746895,DIV.444,DIV.444,126,194
4746895,DIV.479,Pierre Louys et Aphrodite par R. CARDINNE -PETIT,1456,2361
4746895,DIV.530,Le cabinet secret (suite).,1108,1572
4746895,DIV.546,La justice du peuple.,741,1074
4746895,DIV.565,JANE MARNAC par Paul REBOUX,1454,2200
4746895,DIV.620,DIV.620,225,489
4746895,DIV.665,CHEMINS DE FER DE L'ETAT Le Havre-Southampton,129,208
4746895,DIV.674,DIV.674,533,875
4746895,DIV.725,"AMOUR NUPTIAL de Jacques de Lacretelle par Abel HERMANT, de l'Académie Française",1565,2324
4746895,DIV.753,LES TROIS ARTS DE Mme ANDRÉE SIKORSKA,783,1120
4746895,DIV.774,"Eloge d'un mari, par MAX FISCHER (Le- marget).",88,121
4746895,DIV.779,"Où va la Syrie, par ROBERT DE BEAUPLAN (Tallandier).",70,100
4746895,DIV.784,"Océan et Brésil, par ABEL BONNARD (Flammarion).",100,141
4746895,DIV.789,"L'Initiatrice aux mains vides, par JEANNE GALZY (Rieder).",82,131
4746895,DIV.794,"Psychologie de l'immortalité, par BERNARD GRASSET (Nouvelle Revue française).",78,129
4746895,DIV.800,"Les faux poids de la balance, par L.-G. GUERDAN (Argo).",91,147
4746895,DIV.805,"Le mystère du chevalier d'Eon, par JEAN MOURA et PAUL LOUVET (Nouvelle Revue Française).",115,176
4746895,DIV.810,"Dans les houles d'Islande, par EMILE CONDROYER (Nouvelle Revue Critique).",111,169
4746895,DIV.815,Publicité,44,83
4746895,DIV.824,Publicité,106,209
4746895,DIV.833,Publicité,39,77
4746895,DIV.842,DIV.842,25,44
4746895,DIV.851,"VOICI TON MAITRE : Roman, par MARCEL, PRÉVOST, de l'Académie Française",3831,5887
4746895,DIV.914,Publicité,42,89
4746895,DIV.923,Publicité,87,190
4746895,DIV.933,Publicité,27,55
4746895,DIV.941,Annonces,27,61
4746895,DIV.950,"FORTUNÉ Comédie en un acte de Robert DELAMARE : Pièce créée au Théâtre du Grand Guignol, le 14 Octobre 1929",5821,9616
4746895,DIV.1309,Publicité,102,185
4746895,DIV.1315,Publicité,32,70
4746895,DIV.1323,Marseille à l'étranger,546,773
4746895,DIV.1351,LEÇONS D'ANGLAIS,641,933
4746895,DIV.1368,"Suivez-moi, Madame... Par Pierre WOLFF",698,1017
4746895,DIV.1421,RÊVES DE NOËL,594,925
4746895,DIV.1447,Paris -1900,513,830
4746895,DIV.1476,EN VOUDRIEZ-VOUS CHEZ VOUS ?,537,826
4746895,DIV.1494,DIV.1494,16,25
4746895,DIV.1501,NOËL ! NOËL !,21,28
4746895,DIV.1509,DIV.1509,16,23
4746895,DIV.1516,Publicité,54,105
4746895,DIV.1522,Adjugé!,561,914
4746895,DIV.1531,Annonces,36,51
4746895,DIV.1535,Publicité,18,49
4746895,DIV.1543,DIV.1543,49,163
4746895,DIV.1553,DIV.1553,24,84
4746895,DIV.1564,DIV.1564,137,361
4746895,DIV.1599,DIV.1599,22,50
4746895,DIV.1607,DIV.1607,38,82
4746895,DIV.1614,DIV.1614,156,254
4746895,DIV.1624,DIV.1624,55,124
4746895,DIV.1638,LA SANTE : PATES ET PURÉES,312,485
4746895,DIV.1653,LA TABLE : Réveillon,466,724
4746895,DIV.1669,LA COIFFURE,242,363
4746895,DIV.1680,LA MODE,198,293
4746895,DIV.1699,DIV.1699,266,380
4746895,DIV.1712,Conseils pour Zoé,393,639
4746895,DIV.1726,Les soins du visage...,127,210
4746895,DIV.1737,Quand la femme est moderne...,192,309
4746895,DIV.1746,BALS D'AUTREFOIS,224,351
4746895,DIV.1761,LE NOUVEAU SAVOIR-VIVRE : CARTES DE DAMES,325,472
4746895,DIV.1780,DIV.1780,102,185
4746895,DIV.1785,Le musée du Louvre chez la marquise de Sévigné,125,198
4746895,DIV.1794,Une adresse à retenir,24,42
4746895,DIV.1799,Il y aura toujours des blondes.,79,163
4746895,DIV.1818,Publicité,235,368
4746895,DIV.1831,Publicité,25,44
4746895,DIV.1838,Publicité,16,27
4746895,DIV.1847,AU CHATELET : ROBERT-LE-PIRATE,501,754
4746895,DIV.1862,LA MUSIQUE : Wanda Landowska,658,935
4746895,DIV.1873,LES DISQUES : Chants étrangers,339,528
4746895,DIV.1883,MARCHE AUX HOMMES par J. KESSEL,806,1207
4746895,DIV.1914,SHANGAI,582,860
4746895,DIV.1932,DANSES : Pomiès et Nikitina,480,712
4746895,DIV.1949,DEVANT LE HAUT-PARLEUR : Comme chez Nicollet,449,656
4746895,DIV.1959,AU CINEMA : Prisonniers de la montagne,438,655
4746895,DIV.1977,Publicité,42,88
4746895,DIV.1985,Publicité,70,124
4746895,DIV.1991,Une étoile nouvelle.,53,91
4746895,DIV.1997,Un nouveau cigare,98,140
4746895,DIV.2004,Phonographes.,53,107
4746895,DIV.2009,Hasard et cinéma.,55,76
4746895,DIV.2019,Il faut choisir,107,148
4746895,DIV.2024,Publicité,12,44
4746895,DIV.2029,L'école de la jeunesse,188,296
4746895,DIV.2044,DIV.2044,202,399
4746895,DIV.2068,DIV.2068,433,882
4746895,DIV.2094,DIV.2094,548,1231
4746895,DIV.2146,DIV.2146,83,190
4746895,DIV.2155,DIV.2155,72,218
4746895,DIV.2167,DIV.2167,254,483
4746895,DIV.2191,DIV.2191,97,233
4746895,DIV.2199,DIV.2199,22,76
4746895,DIV.2206,DIV.2206,135,263
4746895,DIV.2225,DIV.2225,45,145
4746895,DIV.2229,Annonces,170,406
4746895,DIV.2249,L'ABBÉ GOTTELAND,745,1188
4746895,DIV.2263,Les nuits du Yang-Tsé par André BERNIS,2998,4727
4746895,DIV.2389,SOURIRES,72,103
4746895,DIV.2408,Publicité,261,333
4746895,DIV.2414,Annonces,36,71
4746895,DIV.2418,Publicité,298,784
4746895,DIV.2441,-PETITES ANNONCES : 7 francs la ligne (Minimum trois lignes),2017,4597
4746895,DIV.2553,Publicité,151,258
4748676,DIV.15,COMBAT,776,1076
4748676,DIV.58,DIV.58,469,710
4748676,DIV.85,Les traitements de base s'échelonneront de 36.000 fr. à 450.000 fr. par an suivant les catégories de fonctionnaires,473,775
4748676,DIV.113,1945,221,305
4748676,DIV.119,Une instance en dissolution est introduite contre deux groupements antisémites : Une information est ouverte contre leurs dirigeants,158,229
4748676,DIV.129,JEAN-CHARLES LEGRAND protégé de Pétain restera exclu du barreau,152,259
4748676,DIV.136,SELON LA RADIO DE BRUXELLES : A LA POINTE DU SAILLANT LES ALLIES auraient repris Rochefort L'ennemi s'efforce de refermer le couloir de Bastogne,887,1322
4748676,DIV.169,Des parlementaires russes assassinés par les Allemands à Budapest,92,127
4748676,DIV.175,Le Gouvernement hongrois de Debreczen déclare la guerre à l'Allemagne,33,52
4748676,DIV.180,Annonces,12,23
4748676,DIV.183,LE TREIZIEME CÉSAR,318,468
4748676,DIV.194,LA GRÈCE a pour régent Mgr. DAMASKINOS : Le métropolite d'Athènes prêtera serment aujourd'hui,361,547
4748676,DIV.211,Le général de Gaulle parlera ce soir à la radio,25,38
4748676,DIV.216,M. Mikolajczyk me parle de la Pologne : De notre envoyé spécial à Londres Pierre KAUFMANN,815,1213
4748676,DIV.260,GOERING PROMET UN « AVENIR MEILLEUR AU PEUPLE ALLEMAND,56,87
4748676,DIV.266,LES AMERICAINS DEVANT l'offensive de von Rundstedt : De notre envoyé spécial sur le front beige : Paul BODIN,862,1281
4748676,DIV.290,"Pour la Semaine de l'Absent, lundi.., : LES RUGBYMEN DE FRANCE reçoivent l'Army au Parc des Princes THIERRY - FAMECHON COMBAT VEDETTE du Gala omnisports du Vel' d'Hiv'",336,524
4748676,DIV.304,LE TAUX DE LA CONTRIBUTION pour les assurances sociales est porté de 8 à 12 0/0,173,261
4748676,DIV.314,Le taux des pensions militaires est relevé à partir du 1er janvier,331,561
4748676,DIV.335,Les aménagements fiscaux pour 1945 comportent une augmentation de la taxe sur les cinémas : Les droits dont l'alcool est frappé sont doublés,197,320
4748676,DIV.349,Condamnations à mort et aux travaux forcés,69,120
4748676,DIV.358,NOUVELLES BRÈVES,213,335
4748676,DIV.370,M. Marcel Millet reçoit le prix de Poésie populiste,69,107
4748676,DIV.376,LES PRIX TROP ELEVES DU VIN seraient dus aux exigences inadmissibles des grossistes : Les services du Contrôle économique enquêtent sur les agissements des négociants en vins,292,428
4748676,DIV.391,L'ENTR'AIDE,137,226
4748676,DIV.397,LES EXPOSITIONS,51,83
4748676,DIV.403,RECHERCHES,35,71
4748676,DIV.408,LE RAVITAILLEMENT,134,205
4748676,DIV.415,Les allocations aux familles des F.F.I.,143,210
4748676,DIV.422,L'émission des messages par radio pour les prisonniers est suspendue,73,103
4748676,DIV.428,Revision et établissement des listes électorales,62,94
4748676,DIV.434,Radiodiffusion française,311,720
4748676,DIV.450,Publicité,25,66
4748676,DIV.454,Publicité,12,34
4748676,DIV.460,DIV.460,32,46
4748676,DIV.467,Publicité,28,63
4748676,DIV.478,Actualité de Kafka,1047,1539
4748676,DIV.496,REVUE DES REVUES,439,648
4748676,DIV.511,Les programmes,700,2091
4748676,DIV.545,Publicité,34,88
4748676,DIV.551,LA PRINCIPAUTE DE MONACO FONDE LE RAND PRIX INTERNATIONAL DU CINEMA,59,103
4748676,DIV.557,Publicité,206,475
4748676,DIV.578,Partants et montes probables,337,1118
4748676,DIV.604,DEMAIN à ENGHIEN,177,468
4748676,DIV.626,Je désigne:,67,168
4748676,DIV.640,Je désigne:,61,151
4748676,DIV.654,RÉSULTATS D'HIER A ENGHIEN,1303,1592
4748676,DIV.689,"LES AVANTS atouts majeurs de l'""Army"" contre le ""15"" français",143,216
4748676,DIV.698,Premier forfait en championnat de football,211,317
4748676,DIV.709,FAMECHON peut briser la remontée de THIERRY,197,313
4748676,DIV.717,DIV.717,26,62
4748676,DIV.721,"Sportif, où irez-vous ?",199,521
4748676,DIV.741,L'HORAIRE DE LA REUNION,62,163
4748676,DIV.751,Le match Carrara-Blanchet,44,83
4748676,DIV.757,Toutes les équipes reines sur 100 km.,58,97
4748676,DIV.763,Capel favori en cross à Vincennes,72,127
4749066,DIV.30,"LA LOI ELECTORALE proposée par les ""trois grands"" EST VIVEMENT COMBATTUE PAR LES AUTRES PARTIS : Compte rendu de séance par Georges ALTSCHULER",1405,2047
4749066,DIV.80,COMBAT,639,998
4749066,DIV.97,L'Armée rouge évacuerait la capitale de l'Azerbaïdjan,115,194
4749066,DIV.105,QUATRE CENT MILLE mineurs américains se mettant en grève,93,133
4749066,DIV.113,M. LONGCHAMBON part pour Londres où il réclamera du blé à nos Alliés,248,389
4749066,DIV.123,L'ancien ministre BAUDOIN et son fils ESSAYAIENT de fuir EN ESPAGNE : Ils sont arrêtés à la frontière,350,548
4749066,DIV.143,Le parti socialiste veut aller à la bataille avec ses propres armes,866,1265
4749066,DIV.168,"LES MONARCHISTES L'EMPORTENT AUX ÉLECTIONS GRECQUES : Mais, obéissant au mot d'ordre de la gauche, plus de 30 % des inscrite se seraient abstenus",727,1098
4749066,DIV.190,Le nouveau cabinet bulgare ne sera pas reconnu par les Anglo-Saxons,96,152
4749066,DIV.197,Wiithington et Londres s'opposent à tout ajournement de la Conférence de la Paix,68,104
4749066,DIV.202,M. Henry BERNSTEIN va revenir des États-Unis,99,141
4749066,DIV.209,Un fonctionnaire américain du Bureau de la bombe atomique tue les siens et se tue ensuite,87,131
4749066,DIV.216,DIV.216,22,32
4749066,DIV.223,LORD GORT EST MORT,161,280
4749066,DIV.235,PLUSIEURS ORGANISATIONS NAZIES comploteraient encore en Allemagne contre les Alliés,174,256
4749066,DIV.244,"UN ""WERWOLF"" slovaque est découvert",146,235
4749066,DIV.253,Maurice de WALEFFE succombe une crise cardiaque,116,177
4749066,DIV.261,Les libéraux belges qui ne sont que dix-sept à la Chambre ont six ministres dans le cabinet Van Acker : De notre envoyé spécial Mario CARASSO,1323,1883
4749066,DIV.298,LA MAJORITE DES ANGLAIS estiment que le gouvernement travailliste a fait ce qu'on attendait de lui ou a fait mieux,214,303
4749066,DIV.308,Les derniers débats de Montrouge,294,412
4749066,DIV.323,MARIAGE,48,79
4749066,DIV.333,RAVITAILLEMENT,157,275
4749066,DIV.342,Annonces,27,64
4749066,DIV.348,Publicité,12,29
4749066,DIV.352,Plusieurs témoins font l'éloge de Petiot comme médecin comme maire et comme patriote : Compte rendu d'audience par Albert PALLE,1052,1523
4749066,DIV.388,Publicité,13,35
4749066,DIV.392,45 pour cent d'abstentions à une élection cantonale,106,219
4749066,DIV.403,Publicité,77,162
4749066,DIV.409,Publicité,62,180
4749066,DIV.414,"Société Anonyme des Manufactures des Glaces et Produits Chimiques de Saint-Gobain, Chauny et Cirey",183,366
4749066,DIV.424,"Aux prises avec l'accusation Ribbentrop s'embarrasse conteste, nie et perd la mémoire",755,1161
4749066,DIV.451,En quelques lignes,135,216
4749066,DIV.459,Publicité,12,38
4749066,DIV.464,Publicité,17,35
4749066,DIV.467,LES FEMMES FRANÇAISES sont-elles plus heureuses que LES FEMMES AMERICAINES ?,72,134
4749066,DIV.475,Ce n'est certainement pas grâce à la sollicitude des dirigeants qui les accompagnaient que les Français ont gagné à Ayr,573,842
4749066,DIV.492,MONIQUE BERLIOUX A FAIT DE SON MIEUX,80,153
4749066,DIV.497,Peu d'hommes en forme au « Grand Prix Sports » Où Caffi se retrouve,188,284
4749066,DIV.506,LES KIWIS FINISSENT BIEN,87,154
4749066,DIV.514,POUR MATCHER LA TCHECOSLOVAQUIE,73,137
4749066,DIV.522,"Le Racing pouvait aussi bien se qualifier, déclare Bihel",417,581
4749066,DIV.537,L'EPOUSE INFIDELE avait simulé une agression,156,258
4749066,DIV.545,YVONNE DE LIGNE ancienne championne de patinage est condamnée à mort,380,609
4749066,DIV.559,Publicité,22,59
4749066,DIV.566,THEATRES,143,374
4749066,DIV.583,Publicité,13,38
4749066,DIV.588,DIV.588,445,1038
4749066,DIV.632,Publicité,29,100
4749066,DIV.639,Les CONFERENCES de l'UNIVERSITE des ANNALES,26,70
4749066,DIV.648,Dimanche à AUTEUIL,131,199
4749066,DIV.653,Hier à SAINT-CLOUD,88,143
4749066,DIV.658,Aujourd'hui à ENGHIEN,147,379
4749066,DIV.670,Publicité,17,51
4749066,DIV.674,Publicité,29,84
4749066,DIV.682,Publicité,12,36
4749066,DIV.686,Publicité,27,42
4749066,DIV.689,Publicité,30,80
4749066,DIV.694,Publicité,12,26
4749066,DIV.698,Publicité,58,127
4749066,DIV.702,Publicité,13,23
4749066,DIV.706,Publicité,10,28
4749066,DIV.715,LUNDI 1er AVRIL,421,444
4749066,DIV.725,DEMANDES d'EMPLOI 35,51,127
4749066,DIV.730,TRAVAUX A FAÇON 100,35,118
4749066,DIV.737,REPRESENTATIONS 100,729,1946
4749066,DIV.781,OCCASIONS DIVERS. 150,173,464
4749066,DIV.794,LOCAT. MEUBLES 150,15,42
4749066,DIV.799,LOCAT. NON MEUBL. 150,17,47
4749066,DIV.804,LOCAUX COMMERC. 150,22,51
4749066,DIV.811,"PROPRO., TERRAINS 150",244,680
4749066,DIV.822,IMMEUBLES 150,58,173
4749066,DIV.830,FONDS de COMMERC. 150,545,1257
4749066,DIV.847,TRANSPORTS 150,44,161
4749066,DIV.853,"AUTOS,MOTOS,VELOS 150",21,60
4753294,DIV.37,Le camp du Larzac,960,1459
4753294,DIV.58,Echos de Partout,242,376
4753294,DIV.73,LA FÊTE FÉDÉRALE DES MUSIQUES A BOULOGNE-SUR-MER,11,41
4753294,DIV.84,A BEZIERS : Les élections municipales.—Pas de listes.,572,856
4753294,DIV.105,A PARIS,149,229
4753294,DIV.117,LES ENVOIS DE ROME : LES ŒUVRES DE NOS COMPATRIOTES,151,280
4753294,DIV.130,Un officier de réserve en Conseil d'enquête,141,207
4753294,DIV.141,Inauguration de l'abattoir hippophagique DE VAUGIRARD : LE MONUMENT EST ORNÉ PAR UN STATUAIRE LILLOIS,171,304
4753294,DIV.156,LA REVOLTE DU MIDI,488,712
4753294,DIV.180,Un discours de M. Sarrien : CONTRE L'ÉMEUTE. — POUR L'IMPOT SUR LE REVENU. —UN APPEL A L'ENTENTE DES RÉPUBLICAINS.,320,489
4753294,DIV.193,PAS D'ABORDAGE en MÉDITERRANÉE : Un démenti officiel,74,131
4753294,DIV.200,LE MONUMENT JULES FERRY : POSE DE LA PREMIÈRE PIERRE. — LA CÉRÉMONIE,196,300
4753294,DIV.211,EN RUSSIE : SOLDATS FUSILLÉS A KIEF,62,99
4753294,DIV.217,LES CONSEILS DE GUERRE : LE PROJET GOUVERNEMENTAL SERAIT MODIFIÉ,175,262
4753294,DIV.224,L'ORAGE : EN ANGLETERRE,41,74
4753294,DIV.230,LES VACANCES SCOLAIRES,73,106
4753294,DIV.236,L'AFFAIRE DREYFUS : LA MEDAILLE D'OR DU GENERAL MERCIER,122,215
4753294,DIV.245,LA SEPARATION EN SUISSE,34,58
4753294,DIV.250,LE CIRCUlT DE DIEPPE : AVANT LE DÉPART. - LES FÊTES.,81,133
4753294,DIV.257,TOURCOING : Le Congés des Jardins ouvriers Séance solennelle de clôture,604,923
4753294,DIV.278,Nouvelle légilation sur le Mariage,2030,2921
4753294,DIV.347,Une nouvelle proposition de loi sur le mouillage,483,683
4753294,DIV.361,LES DIRIGEABLES MILITAIRES : L'ALLEMAGNE CONNAITRAIT LE SECRET DU « PATRIE »,217,316
4753294,DIV.371,NOS VAISSEAUX DE GUERRE,195,320
4753294,DIV.383,EN RUSSIE : Un attentat à Batoum,50,81
4753294,DIV.390,LES ORANGES,183,317
4753294,DIV.401,LES GRÈVES : CHEZ LES CAMIONNEURS DE BELFAST,49,79
4753294,DIV.415,DIV.415,77,118
4753294,DIV.422,BULLETIN METEOROLOGIQUE,81,189
4753294,DIV.431,LE TEMPS EN JUILLET,86,149
4753294,DIV.437,Le Hall de l'« Echo du Nord » A PARIS,172,237
4753294,DIV.444,Les Fêtes de Calais,1389,2755
4753294,DIV.505,LA FÊTE FÉDÉRALE de Boulogne : LA JOURNÉE DE DIMANCHE,1340,2080
4753294,DIV.551,Les Fêtes de Dunkerque : Le Congrès des sapeurs-pompiers,292,483
4753294,DIV.568,LA FÊTE DES ÉCOLES,785,1221
4753294,DIV.596,Nos Sociétés aux concours,153,281
4753294,DIV.609,"LA TOMBOLA "" LA FAVORITE""",436,803
4753294,DIV.621,UNE AGENCE CLANDESTINE D'ÉMIGRATION : A ROUBAIX,365,585
4753294,DIV.634,DIV.634,206,355
4753294,DIV.650,"LES FETES de Wazemmes : Du soleil, de la musique, de jolis étalages. — Les commerçants sont dans la joie.",963,1551
4753294,DIV.676,"Le Concours de Bébés : Des joues roses, des chairs joufflues. des sourires, des petits cris et des mères heureuses.",637,966
4753294,DIV.692,Télégraphie sans fil « Marconi »,51,89
4753294,DIV.697,Concours du Comice agricole DE LILLE : LA DERNIÈRE JOURNÉE,250,407
4753294,DIV.706,Annonces,23,43
4753294,DIV.711,DIV.711,56,83
4753294,DIV.714,Une terrible chevauchée : DE LA RUE DE FIVES A LA RUE SAINT-NICAISE. — DEUX PERSONNES BLES- SÉES. — UNE VOITURE DÉMOLIE.,512,785
4753294,DIV.736,DIV.736,79,137
4753294,DIV.741,La mort mystérieuse de Dourlers : NOUVELLE ARRESTATION,194,327
4753294,DIV.751,Douai,61,94
4753294,DIV.757,"Dunkerque : LE BALLON "" LE FLORÉAL "" est retrouvé en Hollande ON IGNORE LE SORT DES AÉRONAUTES",63,97
4753294,DIV.767,Concours départemental d'Enseignement agricole,34,57
4753294,DIV.772,Arras,108,163
4753294,DIV.784,LE CONCOURS CANTONAL AGRICOLE : LES RÉCOMPENSES,896,1698
4753294,DIV.811,Congrès des cantonniers du Pas-de-Calais,1009,1603
4753294,DIV.841,Montreuil,160,259
4753294,DIV.853,Saint-Omer : Eucore les grèves CHEZ LES CRISTALLIERS D'ARQUES,158,250
4753294,DIV.863,Saint-Pol : CONCOURS d'enseignement agricole,1139,2492
4753294,DIV.899,N° 58 Pâlotte : PREMIERE PARTIE,2693,3778
4753294,DIV.1042,Billets d'Ostende,278,436
4753294,DIV.1050,ACCIDENT D'AUTOMOBILE UN CHAUFFEUR TUÉ,133,209
4753294,DIV.1059,LE DRAME DE BRUXELLES : L'AUDIENCE DE SAMEDI,139,232
4753294,DIV.1068,[illsible]RANAVOLO EN FRANCE,48,84
4753294,DIV.1080,POIVRES,47,99
4753294,DIV.1086,Industrie linière,145,261
4753294,DIV.1097,HOUBLONS,73,166
4753294,DIV.1103,PORT DE DUNKERQUE,69,176
4753294,DIV.1111,Nouvelles maritimes,60,152
4753294,DIV.1117,CLOTURE D'AMERIQUE du 29 juin,3477,3596
4753294,DIV.1161,BOURSE DE BRUXELLES,501,991
4753294,DIV.1181,DIV.1181,431,901
4753294,DIV.1192,DERNIERS COURS DE LA SEMAINE CHARBONNAGES (Actions),3613,4483
4753294,DIV.1239,BOURSE DE PARIS,558,915
4753294,DIV.1259,DIV.1259,2371,3850
4753294,DIV.1315,AUTOMOBILISME : LE GRAND PRIX DE L'A. C. F. (Circuit de la Seine-Inférieure),101,171
4753294,DIV.1327,COLOMBOPHILIE,604,1302
4753294,DIV.1343,CHIENS RATIERS,222,380
4753294,DIV.1357,CYCLISME,233,460
4753294,DIV.1377,"Adresser les demandes à Louis BRUN, à l'Echo.",1084,1845
4753294,DIV.1427,"Petite Poste Militaire : (Adresser les demandes à LA HIRE, à l'Echo)",476,834
4753294,DIV.1445,Annonces,305,498
4753294,DIV.1458,Annonces,41,111
4753294,DIV.1464,Annonces,67,135
4753294,DIV.1468,Annonces,305,491
4753294,DIV.1478,Annonces,267,500
4753294,DIV.1498,DIV.1498,62,132
4753294,DIV.1504,Programme des Spectacles,212,398
4753294,DIV.1515,DIV.1515,72,127
4753294,DIV.1522,DIV.1522,104,233
4753294,DIV.1525,Annonces,11,27
4753294,DIV.1529,DIV.1529,111,258
4753294,DIV.1535,Publicité,10,42
4753294,DIV.1540,DIV.1540,84,200
4753294,DIV.1543,Publicité,18,57
4753294,DIV.1548,DIV.1548,202,440
4753294,DIV.1551,Publicité,27,59
4753294,DIV.1555,DIV.1555,166,359
4753294,DIV.1560,Annonces,185,334
4753294,DIV.1565,Annonces,55,176
4753294,DIV.1571,Annonces,91,151
4753294,DIV.1580,N° 30 LA BATARDE : PREMIERE PARTIE LA MAITRESSE DU MAITRE,1242,1868
4753294,DIV.1653,Annonces,1203,1407
4753294,DIV.1665,Annonces,406,720
4753294,DIV.1680,Annonces,40,84
4753294,DIV.1684,PUBLICATIONS LÉGALES,113,232
4753294,DIV.1696,IMMEUBLES à vendre,255,583
4753294,DIV.1714,DIV.1714,70,145
4753294,DIV.1722,Publicité,94,175
4753294,DIV.1731,DIV.1731,590,1295
4753294,DIV.1787,IMMEUBLES à louer,149,341
4753294,DIV.1800,DEMANDES DE LOCATION et d'Achat,60,130
4753294,DIV.1808,DEMANDES ET Offres D'EMPLOIS,1048,2294
4753294,DIV.1876,Cessions de COMMERCES,686,1382
4753294,DIV.1912,DIV.1912,1220,2707
4753294,DIV.1978,DIV.1978,31,65
4753294,DIV.1988,"Formations, Dissolutions et modifications de Societés",520,1006
4753294,DIV.2001,FAILLITES ET LIQUIDATIONS JUDICIAIRES,204,456
4753294,DIV.2012,Publicité,31,49
4756274,DIV.34,NOS PORTRAITS,171,261
4756274,DIV.49,Un théâtre de marionnettes,1220,1825
4756274,DIV.81,DIV.81,81,120
4756274,DIV.87,DIV.87,73,117
4756274,DIV.92,DIV.92,70,119
4756274,DIV.98,DIV.98,99,156
4756274,DIV.109,DIV.109,129,185
4756274,DIV.118,DIV.118,46,77
4756274,DIV.122,CONSEIL DES MINISTRES,218,352
4756274,DIV.136,LES CHEMINS DE FER DU SUD : Une enquête,83,111
4756274,DIV.148,DIV.148,1895,2989
4756274,DIV.208,DIV.208,56,101
4756274,DIV.215,LA RÉVOCATION DE M. de LANESSAN,492,727
4756274,DIV.244,LE MARECHAL CANROBERT,36,63
4756274,DIV.249,A PROPOS des radiations de la Légion d'honneur,117,169
4756274,DIV.255,LES AFFAIRES DE CHANTAGE : Une fausse nouvelle. — M. Lalou.,104,164
4756274,DIV.262,M. ALEXANDRE DUMAS,120,178
4756274,DIV.269,TERRIBLE DRAME A BRUXELLES : Chez un agent de change.—Audacieux voleur. — Deux victimes.,124,199
4756274,DIV.281,Classe 1894,39,60
4756274,DIV.286,NORD,505,1227
4756274,DIV.313,PAS-DE-CALAIS,291,784
4756274,DIV.340,Les hommes de la classe 1892,228,359
4756274,DIV.355,LA TEMPETE SUR NOS COTES,203,305
4756274,DIV.376,LES VOLS D'HÉNIN-LIÉTARD : Importante capture,126,211
4756274,DIV.385,BRULÉE VIVE,35,60
4756274,DIV.390,Accident mortel aux mines de Lens,38,57
4756274,DIV.395,Secours départementaux aux inondés,79,120
4756274,DIV.402,LES INCENDIES DE COUPELLE-VIEILLE,55,90
4756274,DIV.409,LE TRAITRE DREYFUS,483,703
4756274,DIV.437,ANARCHISTES Ef ASSASSINS,187,284
4756274,DIV.444,Le Mérite industriel et commercial,77,106
4756274,DIV.454,Tribunal correctionnel de Lille : L'attentat au vitriol de la place des Buisses à Lille,424,659
4756274,DIV.470,L'INDUSTRIE D'AMIENS,238,335
4756274,DIV.481,LE MARCHÉ A TERME de Roubaix-Tourcoing,1080,1555
4756274,DIV.539,Revue météorologique annuelle,592,1074
4756274,DIV.567,CE QU'IL FAUT DONNER comme cadeaux d'étrennes,267,479
4756274,DIV.583,DIV.583,42,66
4756274,DIV.587,DIV.587,262,448
4756274,DIV.597,DIV.597,33,68
4756274,DIV.603,LE DIMANCHE A LILLE,80,155
4756274,DIV.611,DIV.611,102,148
4756274,DIV.618,DIV.618,85,134
4756274,DIV.625,DIV.625,116,187
4756274,DIV.631,DIV.631,44,64
4756274,DIV.634,DIV.634,22,53
4756274,DIV.637,DIV.637,36,68
4756274,DIV.640,DIV.640,58,84
4756274,DIV.644,DIV.644,74,114
4756274,DIV.647,DIV.647,32,61
4756274,DIV.650,DIV.650,72,110
4756274,DIV.654,DIV.654,92,156
4756274,DIV.663,DIV.663,190,260
4756274,DIV.671,DIV.671,52,81
4756274,DIV.674,DIV.674,168,271
4756274,DIV.683,DIV.683,43,64
4756274,DIV.686,Pas-de-Calais,75,149
4756274,DIV.694,CALAIS,310,540
4756274,DIV.713,N° 24 SANS FAMILLE : (Ouvrage couronné par l'Académie française) PREMIÈRE PARTIE,1782,2499
4756274,DIV.808,Promotions,137,249
4756274,DIV.820,BULLETIN AGRICOLE et Commercial,657,1151
4756274,DIV.847,DIV.847,75,101
4756274,DIV.850,DIV.850,59,90
4756274,DIV.853,DIV.853,69,104
4756274,DIV.857,DIV.857,33,55
4756274,DIV.860,DIV.860,69,100
4756274,DIV.863,DIV.863,71,118
4756274,DIV.866,DIV.866,61,94
4756274,DIV.869,DIV.869,45,77
4756274,DIV.872,DIV.872,55,81
4756274,DIV.881,DIV.881,283,472
4756274,DIV.916,DIV.916,60,93
4756274,DIV.925,SOLUTIONS,25,49
4756274,DIV.931,LOGOGRIPHE,16,24
4756274,DIV.936,COURS ET CONFERENCES,56,93
4756274,DIV.941,Communications et Convocations,70,118
4756274,DIV.947,PETITE CORRESPONDANCE,25,53
4756274,DIV.955,LE RECORD DES ÉTRENNES,39,72
4756274,DIV.961,Terrible accident,76,114
4756274,DIV.967,Un toréador tué,60,88
4756274,DIV.976,DIV.976,74,136
4756274,DIV.980,DIV.980,87,118
4756274,DIV.983,DIV.983,34,50
4756274,DIV.989,DIV.989,113,258
4756274,DIV.998,DIV.998,14,26
4756274,DIV.1001,État-Civil de Lille,151,367
4756274,DIV.1018,Marchés de Lille du 29 décembre,49,102
4756274,DIV.1024,DIV.1024,312,451
4756274,DIV.1037,MARCHÉS DU NORD : Marché d'Arras du 29 décembre,540,1070
4756274,DIV.1055,MARCHÉS DE PARIS 28 décembre.,1005,1651
4756274,DIV.1100,Bourse commerciale du 29 décembre : DÉPÊCHE DE 1 HEURE 15,240,663
4756274,DIV.1111,Cours de clôture du 29 décembre,167,481
4756274,DIV.1120,MARCHÉS DIVERS : LE HAVRE. 29 décembre. Cote de la Clearing-House,1416,2146
4756274,DIV.1180,MARCHÉ D'AMÉRIQUE,212,229
4756274,DIV.1189,PORT DE DUNKERQUE,171,398
4756274,DIV.1204,Bourse de Paris du 29 décembre,213,420
4756274,DIV.1218,Bourse de Paris du 29 décembre,330,603
4756274,DIV.1227,Bourse de Lille du 29 décembre,1427,1851
4756274,DIV.1246,BOURSE DE LILLE DU 29 DECEMBRE 1894,83,242
4756274,DIV.1262,N° 37 MARGOT LA BALAFRÉE,1757,2552
4756274,DIV.1325,Annonces,129,273
4756274,DIV.1338,Annonces,37,54
4756274,DIV.1344,IMMEUBLES à vendre,314,696
4756274,DIV.1371,IMMEUBLES à louer,146,391
4756274,DIV.1388,DEMANDES DE LOCATION et d'Achat,69,135
4756274,DIV.1397,DEMANDES ET Offres D'EMPLOIS,1471,2994
4756274,DIV.1493,DIV.1493,1156,2571
4756274,DIV.1584,DIV.1584,50,112
4756274,DIV.1592,DIV.1592,203,441
4756274,DIV.1600,DIV.1600,63,123
4756274,DIV.1613,DIV.1613,45,111
4756274,DIV.1620,DIV.1620,54,131
4756274,DIV.1631,DIV.1631,417,948
4756274,DIV.1667,DIV.1667,76,178
4756274,DIV.1678,DIV.1678,23,50
4756274,DIV.1684,DIV.1684,279,372
4756274,DIV.1698,DIV.1698,131,204
4756274,DIV.1703,DIV.1703,132,317
4756274,DIV.1716,DIV.1716,148,371
4756274,DIV.1727,DIV.1727,46,126
4756274,DIV.1736,DIV.1736,926,1742
4756274,DIV.1753,Publicité,21,32
4757163,DIV.26,LA CONCURRENCE,1018,1510
4757163,DIV.53,DIV.53,209,310
4757163,DIV.61,DIV.61,187,290
4757163,DIV.67,DIV.67,106,172
4757163,DIV.81,DIV.81,99,160
4757163,DIV.91,CONSEIL DES MINISTRES,66,116
4757163,DIV.100,LE DEMI-SOU : La réfection de nos monnaies. — Aurons-nous le demi-sou ? — Le système décimal menacé. — Partisans et adversaires.,871,1311
4757163,DIV.134,ARGUMENT LIBRE-ÉCHANGISTE,377,612
4757163,DIV.149,LA VACHALCADE : Une interpellation de M. Bérenger,193,297
4757163,DIV.159,La signification des acte d'huissier : Une proposition de M. Gamard,304,453
4757163,DIV.172,INFORMATIONS PARLEMENTAIRES,153,236
4757163,DIV.185,Les voyages de M. Félix Faure,64,102
4757163,DIV.193,M. JAURÈS ET M. RESSÉGUIER : Condamnation du leader socialiste,140,226
4757163,DIV.201,L'AUTOMOBILE AUX MANŒUVRES,86,141
4757163,DIV.208,LE GOUVERNEUR DE LA GRETE,206,336
4757163,DIV.221,Élection du bâtonnier des avocats de Paris,151,260
4757163,DIV.231,UNE GREVE MONSTRE A LYON,121,179
4757163,DIV.239,Grand incendie à Reims,34,70
4757163,DIV.247,DIV.247,162,238
4757163,DIV.253,DIV.253,308,601
4757163,DIV.267,La succession de M. Chapuy à l'Institut,218,313
4757163,DIV.280,ENFANTS MARTYRS A ANZIN,255,391
4757163,DIV.293,DIV.293,72,115
4757163,DIV.299,DIV.299,84,141
4757163,DIV.304,DIV.304,307,468
4757163,DIV.318,Béthune,161,243
4757163,DIV.326,Saint-Omer,482,803
4757163,DIV.346,DIV.346,69,121
4757163,DIV.356,Séance du mardi 29 juin,735,1210
4757163,DIV.403,Séance du 29 juin,437,653
4757163,DIV.432,Guillaume II et l'Armée française,107,156
4757163,DIV.440,TURCS ET GRECS : L'état des négociations en vue de la paix. — Les demandes de la Porte,110,163
4757163,DIV.449,VOYAGES IMAGINAIRES DU PRINCE HENRI D'ORLÉANS,243,383
4757163,DIV.464,DIV.464,741,1170
4757163,DIV.476,DIV.476,54,75
4757163,DIV.482,L'ÉLECTION SÉNATORIALE du Pas-de-Calais,520,808
4757163,DIV.498,Annonces,174,298
4757163,DIV.511,LE MOIS DE JUILLET,35,53
4757163,DIV.517,Le service d'été pour les trains,496,841
4757163,DIV.543,DIV.543,49,89
4757163,DIV.548,DIV.548,106,180
4757163,DIV.555,DIV.555,195,374
4757163,DIV.566,DIV.566,65,95
4757163,DIV.572,PRESSE LOCALE,127,181
4757163,DIV.579,DIV.579,81,130
4757163,DIV.583,DIV.583,64,118
4757163,DIV.587,DIV.587,60,94
4757163,DIV.590,DIV.590,46,73
4757163,DIV.594,DIV.594,61,93
4757163,DIV.599,DIV.599,62,109
4757163,DIV.603,DIV.603,103,149
4757163,DIV.607,DIV.607,37,64
4757163,DIV.610,DIV.610,67,107
4757163,DIV.614,DIV.614,27,44
4757163,DIV.617,DIV.617,231,372
4757163,DIV.625,DIV.625,60,111
4757163,DIV.629,DIV.629,27,52
4757163,DIV.635,DIV.635,69,113
4757163,DIV.638,DIV.638,137,199
4757163,DIV.644,CALAIS,1060,2101
4757163,DIV.672,Belgique : GRÉVE DANS LE BORINAGE (DE NOTRE CORRESPONDANT PARTICULIER),147,344
4757163,DIV.683,"UN DRAME au hameau du Blanc-Pignon, à Mouscron",191,303
4757163,DIV.694,N° 109 Vendus à l'Ennemi : La Rançon de l'Honneur,1465,2209
4757163,DIV.776,INSTRUCTION PUBLIQUE : Enseignement supérieur,200,366
4757163,DIV.787,BULLETIN ÉCONOMIQUE : LE LIN,361,583
4757163,DIV.802,Le sucrage et les intérêts de la région du Nord,135,251
4757163,DIV.809,Communications et Convocations,54,82
4757163,DIV.814,Annonces,295,476
4757163,DIV.828,DIV.828,152,245
4757163,DIV.834,DIV.834,205,433
4757163,DIV.843,Annonces,62,96
4757163,DIV.849,"SAVON DU CONGO, le plus parfumé pour la toilette.",47,78
4757163,DIV.858,DIV.858,33,49
4757163,DIV.865,Le concours de chant au Conservatoire,915,1337
4757163,DIV.893,Programme des Spectacles,141,290
4757163,DIV.905,DIV.905,75,144
4757163,DIV.914,NAISSANCES du 28 juin.,300,604
4757163,DIV.920,DECES du 28 juin.,204,455
4757163,DIV.925,Annonces,36,100
4757163,DIV.934,Marchés de Lille de 29 juin,68,130
4757163,DIV.941,MARCHÉS DE LA RÉGION,326,602
4757163,DIV.950,MARCHÉS DE PARIS du 28 juin,1518,2245
4757163,DIV.995,Bourse commerciale du 29 (cours de clôture),234,641
4757163,DIV.1008,Marché de La Villette du 29 juin,48,101
4757163,DIV.1015,MARCHÉS DIVERS,1041,1651
4757163,DIV.1050,DIV.1050,1338,1759
4757163,DIV.1085,OUVERTURE DU 29 JUIN,86,194
4757163,DIV.1095,INDUSTRIE LINIÈRE,220,328
4757163,DIV.1107,HOUBLONS,41,82
4757163,DIV.1115,Bourse de Paris du 29 juin,248,506
4757163,DIV.1127,Bourse de Paris du 29 juin,788,1217
4757163,DIV.1139,Clôtura de la Rente française à terme,25,63
4757163,DIV.1144,Bourse de Lille du 29 juin,1266,2009
4757163,DIV.1159,OFFRES & DEMANDES,171,416
4757163,DIV.1173,DIV.1173,134,310
4757163,DIV.1177,PORT DE DUNKERQUE,171,390
4757163,DIV.1190,N° 18 EN FAMILLE,1707,2512
4757163,DIV.1263,Annonces,39,63
4757163,DIV.1271,IMMEUBLES à vendre,407,834
4757163,DIV.1308,IMMEUBLES à louer,353,800
4757163,DIV.1334,DEMANDES DE LOCATION et d'Achat,220,401
4757163,DIV.1353,Ventes DE MEUBLES,251,458
4757163,DIV.1376,DEMANDES ET Offres D'EMPLOIS,2390,5351
4757163,DIV.1525,Cessions de COMMERCES,408,906
4757163,DIV.1575,Annonces,113,232
4757163,DIV.1590,DIV.1590,520,1049
4757163,DIV.1625,DIV.1625,205,444
4757163,DIV.1640,DIV.1640,81,183
4757163,DIV.1647,DIV.1647,83,186
4757163,DIV.1660,DIV.1660,102,173
4757163,DIV.1666,DIV.1666,143,319
4757163,DIV.1675,DIV.1675,123,274
4757163,DIV.1692,DIV.1692,20,57
4757163,DIV.1699,DIV.1699,56,133
4757163,DIV.1710,DIV.1710,108,284
4757163,DIV.1721,Publicité,53,81
4757709,DIV.29,LA MAIN GAUCHE,671,969
4757709,DIV.44,"LA RÉVOLUTION AURAIT ÉCLATÉ EN ROUMANIE : DES DEPECHES DE SOURCES DIVERSE L'AFFIRMENT, MAIS ELLES RESTENT SANS CONFIRMATION OFFICIELLE.",126,212
4757709,DIV.54,Pour les Médecins des régions libérées,95,140
4757709,DIV.60,Echos de Partout,500,792
4757709,DIV.88,Au Congrès de la Paix : Le Plan de la Société des Nations Elle ne se recrutera qu'à bon escient,404,596
4757709,DIV.105,LE PÉCULE POUR LES OFFICIERS,52,88
4757709,DIV.110,LES «CROIX DE FAMILLE »,37,53
4757709,DIV.119,DIV.119,39,62
4757709,DIV.123,Intervention de M. Boudenoot,74,112
4757709,DIV.130,Exposé de M. Bersez,373,536
4757709,DIV.141,Déclarations pessimistes de M. Loucheur : Moins de trains et pas d'argent !,1119,1632
4757709,DIV.173,CALENDRIER,40,103
4757709,DIV.184,L'INDEMNITÉ DE DÉMOBILISATION,82,122
4757709,DIV.189,Les traitements des fonctionnaires,53,85
4757709,DIV.194,Trois enfants blessés par une grenade à Bauvin,68,118
4757709,DIV.201,Les permissions à double destination,29,44
4757709,DIV.206,AU CONSEIL GENERAL DU PAS-DE-CALAIS,548,793
4757709,DIV.229,Arrestation d'une suspecte à Paris : ELLE HABITA LILLE PENDANT L'OCCUPATION,210,361
4757709,DIV.239,L'échange des monnaies allemandes,41,53
4757709,DIV.244,CONSEIL GÉNÉRAL DU NORD,19,35
4757709,DIV.249,LA VENTE DE L'ALCOOL dans la zone des armées,178,299
4757709,DIV.262,ENCORE LES AUTOS,89,133
4757709,DIV.269,"LE GÉNÉRAL ANTHOINE, A LILLE : IL EST ENVOYE PAR LE MARECHAL PETAIN",244,376
4757709,DIV.280,DIV.280,149,238
4757709,DIV.291,DIV.291,110,180
4757709,DIV.296,Roubaix : L'ASSASSINAT de la RUE JACQUART LA VICTIME AURAIT ETE TUEE PAR SON PETIT-FILS,285,453
4757709,DIV.307,Douai,204,341
4757709,DIV.317,Un accident d'auto,218,334
4757709,DIV.327,Avesnes : Ecrasé contre un mur par un camion automobile,142,235
4757709,DIV.336,Dunkerque,39,69
4757709,DIV.341,Hazebrouck,102,157
4757709,DIV.347,Valenciennes,162,284
4757709,DIV.361,PAS-DE-CALAIS Béthune,155,256
4757709,DIV.374,Tuée accidentellement par un soldat A ROUBAIX,65,108
4757709,DIV.383,LES AFFAIRES D'INTELLIGENCE AVEC L'ENNEMI A CONDÉ-SUR-ESCAUT,39,93
4757709,DIV.389,Tribunal correctionnel de Dunkerque,104,194
4757709,DIV.397,Tribunal correctionnel de Saint-Pol,165,325
4757709,DIV.406,DIV.406,270,360
4757709,DIV.415,CHARBONNAGES,153,336
4757709,DIV.424,Annonces,81,159
4757709,DIV.428,Publicité,16,33
4757709,DIV.431,Annonces,56,127
4757709,DIV.439,Annonces,196,391
4757709,DIV.450,THEATRES ET CONCERTS,43,79
4757709,DIV.455,Etat-Civil de Lille,242,544
4757709,DIV.461,MARCHÉS HALLE AU BLÉ,114,190
4757709,DIV.476,L'ATTITUDE DE L'ALLEMAGNE : MOBILIERAIT-ELLE ? Un ordre de mobilisation appelle 13 classes sous les drapeaux.,181,282
4757709,DIV.485,Au Sénat LA SITUATION DU NORD,217,332
4757709,DIV.494,CONTRE-RÉVOLUTON au PORTUGAL,30,59
4757709,DIV.499,Au Congrès de la Paix : La Société des Nations,265,375
4757709,DIV.519,LA BELGIQUE AUSSI VEUT REVIVRE,154,224
4757709,DIV.528,Informations diverses,53,77
4757709,DIV.535,DIV.535,277,485
4757709,DIV.547,Publications légales,145,258
4757709,DIV.562,Immeubles à vendre,45,124
4757709,DIV.573,Ventes de Meubles,169,364
4757709,DIV.587,Demandes de location et d'Achat,164,336
4757709,DIV.600,IMMEUBLES à louer,48,92
4757709,DIV.607,DEMANDES ET Offres D'EMPLOIS,677,1458
4757709,DIV.663,Annonces,38,100
4757709,DIV.672,Annonces,56,158
4757709,DIV.682,Cassions DE COMMERCES,183,358
4757709,DIV.703,AVIS DIVERS,1238,2857
4758930,DIV.41,LA QUESTION DES RÉPARATIONS : L'Accord de Wiesbaden ET LA Convention Bemelmans,1214,1852
4758930,DIV.73,L'ENSEMBLE DE LA LOI MILITAIRE est adopté par la Chambre : Les classes 1920 et 1921 feront deux ans de service,814,1267
4758930,DIV.102,A LA HAYE : Une prétention inacceptable des Soviets,158,244
4758930,DIV.111,L'AMNISTIE,48,72
4758930,DIV.116,Le Sénat examine le problème des réparations : Le Président du Conseil affirme de nouveau qu'une politique d'énergie sera poursuivie à l'égard de l'Allemagne qui manœuvre pour éditer de payer.,2110,3051
4758930,DIV.185,DUBLIN a l'aspect D'UNE VILLE ASSIÉGÉE : Les rebelles continuent à résister opiniâtrement,431,640
4758930,DIV.203,Des bandits font dérailler on train et dépouillent les voyageurs,49,82
4758930,DIV.208,Echos de Partout,335,529
4758930,DIV.231,UN DES ASSASSINS DE M. RATHENAU est arrêté : C'est celui qui pilotait l'auto,437,670
4758930,DIV.248,LE LANDRU ALLEMAND,76,118
4758930,DIV.255,"LE SECRETAIRE DE l'Internationale de Moscou à St-Etienne : IL EST VENU, ILLEGALEMENT, APPORTER « LA BONNE PAROLE » A SES FRERES EN BOLCHEVISME",179,288
4758930,DIV.263,Les Cambrioleurs DU Bureau de Poste : Deux nouvelles arrestations,108,181
4758930,DIV.278,CALENDRIER,240,424
4758930,DIV.300,La distribution postale du dimanche : DES CREDITS VONT ETRE DEMANDES POUR QU'ELLE SOIT RÉTABLIE PARTOUT,107,163
4758930,DIV.307,Le Ministre de l'Agriculture à Douai,47,85
4758930,DIV.312,Le retour de nos morts glorieux,261,478
4758930,DIV.335,Carnet Régional,393,764
4758930,DIV.352,Le denier des écoles laïques de Lille à Dunkerque : L'hommage à Jean Bart. - L'arrivée en musique à Malo.,897,1486
4758930,DIV.391,UN ÉPILEPTIQUE SE NOIE ACCIDENTELLEMENT A HOUPLINES,41,79
4758930,DIV.396,Congrès des amicales de police : Troisième journée,154,248
4758930,DIV.407,Annonces,88,130
4758930,DIV.417,La cession à la ville de Lille de terrains des fortifications,61,87
4758930,DIV.422,"M. Emmanuel BARAT PROVISEUR DU LYCÉE DE LILLE nommé au Lycée Charlemagne, à Paris",184,305
4758930,DIV.432,"Le Carnaval d'Été DES ""Amis de la rue de Paris"" : LES RESULTATS DU CONCOURS",439,836
4758930,DIV.446,"LE "" MONGY "" INAUGURE SAMEDI LE SERVICE DE NUIT",105,157
4758930,DIV.452,A TRAVERS LA VILLE : ARRESTATION D'UN DANGEREUX REPRIS DE JUSTICE,439,735
4758930,DIV.471,Le Concert de l'Amitié DES Aveugles de France,310,491
4758930,DIV.486,TRIBUNAL CORRECTIONNEL DE LILLE,227,396
4758930,DIV.498,POUR LE MONUMENT AUX MORTS A LA MADELEINE,678,1089
4758930,DIV.519,ROUBAIX,145,239
4758930,DIV.527,La journée des Mères : LA DISTRIBUTION DES PRIX AUX LAUREATS DU CONCOURS LITTERAIRE,706,1077
4758930,DIV.546,TOURCOING,102,164
4758930,DIV.552,La Fête annuelle des Sauveteurs du Nord,674,1070
4758930,DIV.575,ARMENTIERES,172,294
4758930,DIV.589,A la Conférence de la Haye : La France répond à une demande de M. Litvinof,110,155
4758930,DIV.596,Les prestations en nature : LA COMMISSION DES AFFAIRES ETRANGERES DECIDE D'ENTENDRE M. LOUCHEUR,104,163
4758930,DIV.602,"Chute vertigineuse d'un autobus dans un ravin : DOUZE VOYAGEURS BLESSÉS, DONT CINQ GRIEVEMENT",85,154
4758930,DIV.608,Funérailles du prince Albert de Monaco,28,48
4758930,DIV.613,Manifestation à Asnières contre l'impôt sur les salaires,69,115
4758930,DIV.618,Une baleinière fait naufrage à la cote de Tunis : LE COMMANDANT ET LE QUARTIER-MAITRE SONT NOYES,155,246
4758930,DIV.624,DERNIERE HEURE COMMERCIALE,177,490
4758930,DIV.644,SCÈNES DE VIOLENCE A FRANCFORT : Des ouvriers saisissent les direc- teurs d'une usine pour leur imposer leurs conditions,477,739
4758930,DIV.659,VOTRE PEAU EST-ELLE RUGUEUSE,67,113
4758930,DIV.664,Encore un homme coupé en morceaux : C'est son frère qui l'a assassiné,67,111
4758930,DIV.671,LA NATIONALE-VIE,129,250
4758930,DIV.677,"Une jeune servante assaillie par un "" Bicot "" : A FLERS-EN-ESCREBIEUX",178,292
4758930,DIV.692,"Une bagarre sanglante A DARMSTADT : Des républicains allemands ayant exercé des représailles contre des monarchistes, la police intervient Huit morts — Cinquante blessés",349,534
4758930,DIV.709,Un policier tue un assassin,203,345
4758930,DIV.716,PENSIONNAT PINCHART à HAUBOURDIN.,39,79
4758930,DIV.721,Une fabrique d'explosifs saute à Genève,89,151
4758930,DIV.728,Annonces,13,48
4758930,DIV.732,"Des Rosses affamés auraient mangé leur petit-fils, un jeune Français",182,283
4758930,DIV.740,École des mutilés de Tourcoing,65,93
4758930,DIV.752,Le Marché du Coton,683,1222
4758930,DIV.769,COURS DU FRET,251,628
4758930,DIV.778,MARCHÉS DE LA REGION,45,96
4758930,DIV.783,FECULENTS,1191,2803
4758930,DIV.852,MARCHE AUX BESTIAUX DE LA VILLETTE Clôture du 29 juin,368,1019
4758930,DIV.876,"LAINES. — LE HAVRE, le 29 juin",627,1463
4758930,DIV.909,Bourse de Lille du 29 juin 1922,709,1631
4758930,DIV.928,Cours des Changes à Paris,156,349
4758930,DIV.935,BOURSE D'ANVERS (caisse de liquidation) : Les cours sont en francs belges,52,164
4758930,DIV.943,BOURSE DE PARIS DU 29 JUIN 1922,697,2398
4758930,DIV.968,N° 20. L'Ange du Faubourg : DEUXIEME PARTIE Le drame de Saint-Maurice X SITUATION NOUVELLE,1322,1930
4758930,DIV.1042,POUR L'ACCESSION A LA Petite Propriété : II Les Habitations à bon marché,617,963
4758930,DIV.1073,Les Travaux à la Campagne : EN JUILLET,685,1126
4758930,DIV.1097,Actes de banditisme DANS LA SOMME,323,558
4758930,DIV.1112,Annonces,13,35
4758930,DIV.1119,NATATION : La Traversée de Lille à la Nage Vendredi 14 Juillet 1922 ORGANISÉE PAR LE « GRAND ECHO DU NORD ET DU PAS-DE-CALAIS » ET L'UNION DES NAGEURS LILLOIS NEUVIEME ANNÉE DEUX MILLE FRANCS DE PRIX,613,1067
4758930,DIV.1141,"CYCLISME : LE TOUR DE FRANCE CYCLISTE TROISIEME ETAPE Cherbourg-Brest 1er, JACQUINOT ; 2e, BARTHELEMY en 17 h. 34 m. 44 s.",205,449
4758930,DIV.1164,ATHLETISME,285,527
4758930,DIV.1175,COURSE A PIED,69,118
4758930,DIV.1180,COMMUNICATIONS,96,155
4758930,DIV.1186,MARCHE,44,69
4758930,DIV.1191,BOXE,51,107
4758930,DIV.1197,JEU DE BALLE,47,68
4758930,DIV.1202,HIPPISME,344,559
4758930,DIV.1213,LA RACE CANINE,67,109
4758930,DIV.1219,Publicité,163,306
4758930,DIV.1227,Communications et Convocations,191,371
4758930,DIV.1239,Annonces,22,56
4758930,DIV.1244,LA CONFIANCE DE L'EPARGNE dans les Valeurs du Trésor,126,206
4758930,DIV.1249,Annonces,46,123
4758930,DIV.1253,LES CONCOURS AGRICOLES dans le Nord EN 1922,304,511
4758930,DIV.1266,Petite Poste Militaire,294,456
4758930,DIV.1286,Programme des Spectacles,154,346
4758930,DIV.1302,DIV.1302,48,121
4758930,DIV.1317,Publicité,101,282
4758930,DIV.1336,Annonces,84,203
4758930,DIV.1347,Annonces,325,635
4758930,DIV.1360,Annonces,113,188
4758930,DIV.1366,Annonces,32,70
4758930,DIV.1376,Petite Correspondance,868,1404
4758930,DIV.1416,Etat Civil de Lille,163,423
4758930,DIV.1424,Annonces,252,515
4758930,DIV.1429,Annonces,58,91
4758930,DIV.1441,N° 68. La Corde au Cou : DEUXIÈME PARTIE XIV,1333,2128
4758930,DIV.1497,Appréciations du Concours de Solistes DE LILLE : SALLE N° 7,1298,2005
4758930,DIV.1530,PUBLICATIONS LEGALES,2692,5122
4758930,DIV.1659,PERDUS ET TROUVÉS,131,303
4758930,DIV.1670,VENTES & ACHATS D'IMMEUBLES,683,1568
4758930,DIV.1724,"mess=""""?",256,569
4758930,DIV.1747,DIV.1747,762,1474
4758930,DIV.1791,DIV.1791,243,563
4758930,DIV.1816,OFFRES DE LOCATION,387,869
4758930,DIV.1846,VENTES,195,437
4758930,DIV.1865,DEMANDES D'EMPLOIS,672,1471
4758930,DIV.1915,OFFRES D'EMPLOIS,3341,8347
4758930,DIV.2234,GENS DE MAISON,1454,3193
4758930,DIV.2330,CESSIONS,1543,3686
4758930,DIV.2452,ASSOCIATIONS-CAPITAUX,380,856
4758930,DIV.2487,AUTOS ET CYCLES,1106,2847
4758930,DIV.2572,OCCASIONS,267,672
4758930,DIV.2599,DIV.2599,465,1125
4758930,DIV.2653,DIV.2653,544,1106
4758930,DIV.2695,DIV.2695,438,1045
4758930,DIV.2718,DIV.2718,149,353
4758930,DIV.2737,VENTES ET ACHATS DIVERS,1267,3124
4758930,DIV.2840,DIVERS,563,1406
4758930,DIV.2897,DIV.2897,10,44
4758930,DIV.2900,DIV.2900,924,2026
4758930,DIV.2975,DIV.2975,123,300
4758930,DIV.2987,DIV.2987,471,1089
4758930,DIV.3026,Publicité,1625,1921
4758930,DIV.3049,DIV.3049,59,135
4758930,DIV.3057,DIV.3057,228,523
4758930,DIV.3078,DIV.3078,102,230
4758930,DIV.3090,Publicité,12,29
4767236,DIV.32,DIV.32,55,86
4767236,DIV.39,DIV.39,70,114
4767236,DIV.45,Insurrection polonaise.,546,762
4767236,DIV.57,DIV.57,824,1242
4767236,DIV.74,DIV.74,88,117
4767236,DIV.77,Banquet du 7 avril.,90,131
4767236,DIV.88,ROBERT PEEL ET M. GUIZOT.,948,1315
4767236,DIV.101,DIV.101,1128,1687
4767236,DIV.113,DIV.113,184,302
4767236,DIV.119,DIV.119,117,155
4767236,DIV.127,Séance du 31 mars 1846. : PRÉSIDENCE DE M. SAUZET.,5339,7944
4767236,DIV.248,FAITS DIVERS.,1387,2041
4767236,DIV.271,PETITE CORRESPONDANCE.,306,501
4767236,DIV.283,DÉCLARATIONS DE FAILLITES.,118,277
4767236,DIV.291,Marchés.,222,641
4767236,DIV.299,HALLE DE PARIS .,194,652
4767236,DIV.311,Bourse du 31 mars 1846.,1178,2352
4767236,DIV.344,LA MÉLODIE INCARNÉE.,2371,3862
4767236,DIV.464,Annonces,1497,1706
4767236,DIV.484,Annonces,197,296
4767236,DIV.491,Publicité,38,93
4767236,DIV.497,Annonces,22,55
4767236,DIV.501,Annonces,28,51
4767236,DIV.504,Publicité,16,30
4767477,DIV.34,Chambre des Pairs. — Loi sur la Médecine.,1209,1803
4767477,DIV.73,Chambre des Députés.,209,302
4767477,DIV.80,Les Renards à queue coupée.,541,843
4767477,DIV.91,La France et la sainte alliance en Portugal; Par EDGARD QUINET.,4525,6799
4767477,DIV.142,A MM. les Membres de la Chambre des Députés.,866,1252
4767477,DIV.163,DIV.163,898,1265
4767477,DIV.197,DIV.197,2881,4311
4767477,DIV.240,DIV.240,116,172
4767477,DIV.245,"CHRONIQUE DES THÉÂTRES,",120,208
4767477,DIV.252,"Critique littéraire. MADELEINE, par M. JULES SANDEAU.",2982,4514
4767477,DIV.292,PETITE CORRESPONDANCE.,405,748
4767477,DIV.316,Marchés,152,364
4767477,DIV.328,DIV.328,821,1150
4767477,DIV.339,CHEMINS DE FER EN LIQUIDATION (Dernier cours.),251,310
4767477,DIV.352,Spectacles du 2 juillet.,306,730
4767477,DIV.370,DIV.370,331,619
4767477,DIV.385,DIV.385,52,101
4767477,DIV.391,DIV.391,19,38
4767477,DIV.396,DIV.396,102,203
4767477,DIV.401,DIV.401,63,133
4768504,DIV.19,ASSEMBLÉE GÉNÉRALE DE MM. LES ACTIONNAIRES DE LA DÉMOCRATIE PACIFIQUE,4677,6690
4768504,DIV.122,Publicité,10,21
4768504,DIV.125,Les Rédacteurs de la Démocratie pacifique à MM. les Magistrats du département de la Seine.,505,734
4768504,DIV.142,Publicité,10,25
4768768,DIV.29,Tarifs de navigation.—Canal du Rhône au Rhin.,784,1210
4768768,DIV.45,ECONOMIE SOCIALE. : SOCIÉTÉ CIVILE DE CITEAUX. — COMBINAISON INDUSTRIELLE (1),1748,2484
4768768,DIV.86,ANALYSE : DU RAPPORT DE M. LE CONTRE-AMIRAL DUPETIT-THOUARS.,1239,1868
4768768,DIV.108,DIV.108,20,26
4768768,DIV.111,DIV.111,20,27
4768768,DIV.114,Chambre des Pairs. : PRÉSIDENCE DE M. LE CHANCELIER PASQUIER. Séance du 15 avril.,3546,5068
4768768,DIV.212,Chambre des Députés. : PRÉSIDENCE DE M. SAUZET. Séance du 15 avril.,2572,4137
4768768,DIV.299,Faits divers.,326,501
4768768,DIV.308,ACADÉMIE DES SCIENCES. : Séance du 15 avril PRÉSIDENCE DE M. DUPIN.,1485,2346
4768768,DIV.342,REVUE MUSICALE. : DERNIÈRE SAISON DES ITALIENS.,3901,5561
4768768,DIV.378,DIV.378,128,195
4768768,DIV.381,DIV.381,19,36
4768768,DIV.384,Bourse du 15 avril 1844.,1274,2317
4768768,DIV.416,Annonces,45,108
4768768,DIV.421,Publicité,10,22
4768768,DIV.430,Cours des farines. (Par 100 k.),313,859
4768768,DIV.446,Taxe du pain (par kil.).,63,262
4768768,DIV.452,Cours des céreales (par hect.).,739,1731
4768768,DIV.474,Légumes secs (hect.).,89,249
4768768,DIV.485,Bestiaux. (Prix du kil. sur pied.),149,381
4768900,DIV.31,Du rôle de la France au Maroc.,716,1042
4768900,DIV.40,Les questions sociales agitées en Angleterre. : LES PROPRIÉTAIRES DE MINES ET LES OUVRIERS ; LE CAPITAL ET LE TRAVAIL. GUERRE OUVERTE (1).,2524,3566
4768900,DIV.94,DIV.94,129,176
4768900,DIV.97,DIV.97,77,105
4768900,DIV.101,DIV.101,58,76
4768900,DIV.105,DIV.105,172,254
4768900,DIV.109,DIV.109,92,133
4768900,DIV.112,DIV.112,106,133
4768900,DIV.116,Affaire du Maroc.,1439,2048
4768900,DIV.135,TAITI.,206,301
4768900,DIV.144,Abdication de Méhémet-Ali.,592,891
4768900,DIV.155,REVUE DES JOURNAUX.,330,477
4768900,DIV.162,DIV.162,87,139
4768900,DIV.167,Faits divers.,431,620
4768900,DIV.180,DIV.180,1177,1790
4768900,DIV.214,Études sur les Parisiennes.,3422,4973
4768900,DIV.291,Bourse du 22 août 1844.,1147,2117
4768900,DIV.323,DÉCLARATIONS DE FAILLITES DU 20 AOUT.,138,344
4768900,DIV.334,DIV.334,105,145
4768900,DIV.337,DIV.337,433,665
4768900,DIV.342,Spectacles du 23 août.,112,311
4768900,DIV.360,CHRONIQUE DÉPARTEMENTALE. Industrie vinicole.,518,771
4768900,DIV.376,PRODUITS VÉGÉTAUX. : Cours des céréales (par hect.).,861,2242
4768900,DIV.415,PRODUITS ANIMAUX. : Bestiaux. (Prix du kil. sur pied.),147,442
4768900,DIV.427,Publicité,1510,2528
4769030,DIV.32,Examen du Manifeste de M. de Lamartine.,2234,3218
4769030,DIV.61,Crise ministérielle.,350,501
4769030,DIV.71,DIV.71,85,112
4769030,DIV.76,Nouvelles de Taiti.,2447,3542
4769030,DIV.122,DIV.122,319,452
4769030,DIV.129,"PRÉSIDENCE DE M. SAPEY, DOYEN D'AGE. : Séance du 30 décembre.",159,304
4769030,DIV.146,Extérieur.,624,898
4769030,DIV.159,REVUE DES JOURNAUX DU 30 DÉCEMBRE.,432,607
4769030,DIV.169,Faits divers.,1180,1761
4769030,DIV.202,PRÉSIDENCE DE M. CH. DUPIN. : Séance du 30 décembre.,2366,3744
4769030,DIV.236,L'Éducation par les Joujoux.,3241,4962
4769030,DIV.306,Bourse du 30 décembre 1844.,1475,2861
4769030,DIV.348,DIV.348,84,149
4769030,DIV.351,Spectacles du 31 décembre.,146,372
4769030,DIV.373,Cours des farines (par 100 kil.).,117,424
4769030,DIV.383,Cours des Générales (par hect.).,439,1031
4769030,DIV.406,DIV.406,75,107
4769030,DIV.410,DIV.410,80,250
4769030,DIV.419,"Viandes diverses, gibier et volaille.",112,322
4769030,DIV.424,Laines.,228,552
4769030,DIV.430,Publicité,260,506
4773360,DIV.65,SOMMAIRE,69,123
4773360,DIV.70,CHARLES SOLLER Explorateur français.,3424,5088
4773360,DIV.158,EXPOSITION DE SAUVETAGE ET D'HYGIÈNE,143,219
4773360,DIV.167,EXPOSITION VINICOLE ET INDUSTRIELLE DE TROYES : M. JUSTIN POIRY Président du Comité,739,1054
4773360,DIV.185,EXPOSITION NATIONALE DES CIDRES ET POIRÉS,451,719
4773360,DIV.205,EXPOSITION VINICOLE ET INDUSTRIELLE DE TROYES : V LES MACHINES A COUDRE « WHITE » et la maison GIRARDIN-ROBERT,539,810
4773360,DIV.222,L'électricité,960,1409
4773360,DIV.250,L'ESEIGNEMENT PROFESSIONNEL ET L'ÉCOLE DE MONTIVILLIERS : ( Seine- Inférieure ),1598,2422
4773360,DIV.286,L'AFRIQUE,469,702
4773360,DIV.301,UN MOTEUR COMME ON N'EN FAIT PAS : (Système Keeley),447,663
4773360,DIV.324,L'Union dans le Commerce,108,166
4773360,DIV.332,LA MANUFACTURE DES GOBELINS : A L'EXPOSITION DE 1889,898,1356
4773360,DIV.359,INFORMATIONS,547,818
4773360,DIV.379,L'Exposition de 1889,577,896
4773360,DIV.405,BIBLIOGRAPHIE,34,52
4773360,DIV.410,LA SEMAINE THÉATRALE,397,606
4773360,DIV.430,ECONOMIE & FINANCE,506,736
4773360,DIV.446,Annonces,353,722
4773360,DIV.477,Chemins de fer d'Orléans,249,421
4773360,DIV.491,GRAND CONCOURS DE BRUXELLES : Chemins de fer du Nord,117,208
4773360,DIV.499,Publicité,11,32
4773360,DIV.503,SOMMAIRE,61,109
4773360,DIV.508,"Exposition de sauvetage et d'hygiène : XII LE PAPIER « JOB » (Mon BARDOU, fondée en 1838)",2697,4460
4773360,DIV.590,EXPOSITION NATIONALE DES CIDRES ET POIRÉS,127,195
4773360,DIV.600,DIV.600,55,74
4773360,DIV.604,EXPOSITION VINICOLE ET INDUSTRIELLE DE TROYES : V LA GRANDE DISTILLERIE LEGRAIN ET TIRVEILLOT A LEVALLOIS-PERRET,2021,2969
4773360,DIV.658,INFORMATIONS,208,290
4773360,DIV.670,Nouvel exploseur électro-magnetique : COUP DE POING (SYSTÊME E. DUCRETET),1115,1825
4773360,DIV.735,L'UNION DES MINES D'OR,486,745
4773360,DIV.746,LE MANOPAN,163,253
4773360,DIV.756,L'Exposition de 1889,1216,1812
4773360,DIV.802,BIBLIOGRAPHIE,34,52
4773360,DIV.807,LES VIGNOBLES FRANÇAIS et leur reconstitution,255,378
4773360,DIV.820,LA SEMAINE THÉATRALE,531,823
4773360,DIV.839,ECONOMIE & FINANCE,392,547
4773360,DIV.854,Annonces,367,747
4773360,DIV.884,Exposition Universelle de Barcelone : Chemins de fer d'Orléans,254,424
4773360,DIV.899,GRAND CONCOURS DE BRUXELLES : Chemins de fer du Nord,117,206
4773360,DIV.907,Publicité,11,29
4773360,DIV.911,Annonces,214,587
4773360,DIV.936,EXCURSIONS AUX STATIONS HIVERNALES ET BALNÉAIRES DÈS PYRÉNEES,166,332
4773360,DIV.945,"CHEMINS DE FER DE L'EST : De Paris en Italie, par Bâle, Lucerne et le Saint-Gothard.",159,259
4773419,DIV.37,AVIS IMPORTANT.,35,56
4773419,DIV.42,"Paris, le 22 décembre 1866.",101,158
4773419,DIV.47,DIV.47,19,28
4773419,DIV.50,THÉATRE IMPÉRIAL DU CHATELET : Le Diable bolteux,322,537
4773419,DIV.61,CHRONIQUE DES THEATRES DE PARIS,5248,7884
4773419,DIV.162,Nouvelles des Départements,6301,9491
4773419,DIV.264,Chronique des Théâtres de l'Etranger,2321,3638
4773419,DIV.321,DIV.321,526,874
4773419,DIV.335,Petit Journal de la Semaine,2161,3237
4773419,DIV.397,DIV.397,177,353
4773419,DIV.403,Publicité,746,1620
4773419,DIV.445,Annonces,49,131
4773419,DIV.452,Publicité,32,67
4773419,DIV.459,Publicité,568,1299
4773420,DIV.43,DIV.43,34,55
4773420,DIV.46,"Paris, le 29 décembre 1866.",115,183
4773420,DIV.56,DIV.56,272,419
4773420,DIV.67,DIV.67,45,76
4773420,DIV.71,DIV.71,35,66
4773420,DIV.75,DIV.75,90,131
4773420,DIV.83,DIV.83,21,38
4773420,DIV.86,DIV.86,31,55
4773420,DIV.90,CHRONIQUE DES THÉATRES DE PARIS,4424,7010
4773420,DIV.219,LA VIERGE DU SÉRAIL PAR TURPIN DE SANSAY,1417,2101
4773420,DIV.306,Nouvelles des Départements,6037,9019
4773420,DIV.379,DIV.379,755,1147
4773420,DIV.397,DIV.397,320,529
4773420,DIV.408,RÉPONSE A UN ANONYME,524,763
4773420,DIV.418,Petit Journal de la Semaine,1622,2556
4773420,DIV.449,TABLEAUX DE TROUPE : NICE (Théâtre-Italien).,169,374
4773420,DIV.465,Publicité,15,26
4773420,DIV.469,Publicité,24,63
4773420,DIV.474,Publicité,76,182
4773420,DIV.486,Publicité,173,284
4773420,DIV.489,Publicité,407,912
4773420,DIV.510,Publicité,56,139
4773420,DIV.521,Publicité,49,131
4773420,DIV.528,Publicité,32,68
4773420,DIV.535,Publicité,667,1562
4773421,DIV.37,Annonces,36,61
4773421,DIV.41,"Paris, le 5 janvier 1867.",78,111
4773421,DIV.46,DIV.46,28,52
4773421,DIV.49,DIV.49,18,34
4773421,DIV.52,DIV.52,19,29
4773421,DIV.55,AMBIGU-COMIQUE : La Duchesse de Montemayor,2103,3359
4773421,DIV.94,LA VIERGE DU SÉRAIL PAR TURPIN DE SANSAY,1357,2081
4773421,DIV.159,DIV.159,65,129
4773421,DIV.163,CHRONIQUE DES THÉATRES DE PARIS : Académie Impériale de Musique. —,2273,3479
4773421,DIV.207,Nouvelles des Départements,3968,6018
4773421,DIV.293,Chronique des Théâtres de l'Etranger,1704,2551
4773421,DIV.324,BIBLIOGRAPHIE.,628,1017
4773421,DIV.350,Petit Journal de la Semaine,1274,1934
4773421,DIV.388,TOURS.,129,271
4773421,DIV.400,BOURBON et MAURICE.,191,388
4773421,DIV.411,CHAMBÉRY (Théâtre- Impérial).,224,457
4773421,DIV.421,LE MANS ET RENNES.,192,389
4773421,DIV.432,DOUAI.,117,254
4773421,DIV.441,NICE. (Théâtre-Français),124,250
4773421,DIV.446,MONTPELLIER.,118,240
4773421,DIV.452,BÉZIERS,160,318
4773421,DIV.461,GRASSE (Franco).,103,211
4773421,DIV.468,BERLIN. (Théâtre Victoria),82,161
4773421,DIV.478,Annonces,1240,2473
4773421,DIV.549,Publicité,596,1364
4773529,DIV.38,SOMMAIRE :,205,210
4773529,DIV.45,Publicité,113,227
4773529,DIV.60,Annonces,37,61
4773529,DIV.64,Annonces,18,32
4773529,DIV.67,CHRONIQUE FINANCIÈRE,672,1062
4773529,DIV.88,DIV.88,67,104
4773529,DIV.93,DIV.93,80,115
4773529,DIV.99,DIV.99,84,147
4773529,DIV.106,DIV.106,49,77
4773529,DIV.110,DIV.110,119,165
4773529,DIV.115,DIV.115,120,173
4773529,DIV.119,DIV.119,26,41
4773529,DIV.122,DIV.122,24,36
4773529,DIV.125,DIV.125,55,79
4773529,DIV.129,DIV.129,44,61
4773529,DIV.133,DIV.133,37,51
4773529,DIV.137,DIV.137,79,111
4773529,DIV.141,DIV.141,40,58
4773529,DIV.146,DIV.146,35,57
4773529,DIV.152,DIV.152,91,115
4773529,DIV.163,DIV.163,35,50
4773529,DIV.167,DIV.167,38,51
4773529,DIV.174,DIV.174,59,75
4773529,DIV.183,DIV.183,21,32
4773529,DIV.186,DIV.186,87,132
4773529,DIV.196,"COMMUNICATIONS RENSEIGNEMENTS, FAITS DIVERS",2281,3724
4773529,DIV.272,CAUSERIE SCIENTIFIQUE : LES ERREURS DES SENS,2417,3347
4773529,DIV.328,MANDATS TÉLÉGRAPHIQUES,158,263
4773529,DIV.339,DIV.339,82,115
4773529,DIV.342,DIV.342,61,90
4773529,DIV.347,DIV.347,55,76
4773529,DIV.350,DIV.350,58,85
4773529,DIV.357,DIV.357,39,54
4773529,DIV.362,DIV.362,27,42
4773529,DIV.365,DIV.365,31,59
4773529,DIV.370,CAISSE D'AMORTISSEMENT DE DÉPOTS ET CONSIGNATIONS,318,728
4773529,DIV.383,Incendie.,457,714
4773529,DIV.412,Assurances sur la vie.,520,865
4773529,DIV.439,DIV.439,24,36
4773529,DIV.442,AVIS,694,1125
4773529,DIV.497,CAISSE DE L'EUROPE FINANCIÈRE : SERVICE DES DÉPÔTS,228,268
4773529,DIV.507,Annonces,19,37
4773529,DIV.510,Publicité,68,110
4773529,DIV.515,Annonces,43,66
4773529,DIV.519,OU EST SIMON,135,240
4773529,DIV.537,CHRONIQUE AGRICOLE,868,1255
4773529,DIV.571,DIV.571,68,110
4773529,DIV.578,DIV.578,87,145
4773529,DIV.583,DIV.583,149,211
4773529,DIV.591,DIV.591,36,65
4773529,DIV.594,DIV.594,76,109
4773529,DIV.597,DIV.597,66,105
4773529,DIV.603,DIV.603,71,100
4773529,DIV.607,DIV.607,23,38
4773529,DIV.610,DIV.610,41,64
4773529,DIV.614,DIV.614,111,181
4773529,DIV.620,DIV.620,25,42
4773529,DIV.623,DIV.623,76,123
4773529,DIV.628,DIV.628,16,28
4773529,DIV.631,DIV.631,22,29
4773529,DIV.634,DIV.634,47,70
4773529,DIV.639,DIV.639,97,167
4773529,DIV.644,BOURSE DE PARIS DU 2 DECEMBRE 1879,1868,5067
4773529,DIV.667,DIV.667,78,128
4773529,DIV.677,BOURSE DU 2 DÉCEMBRE 1879.,7130,8314
4773529,DIV.767,Mercredi 3,90,257
4773529,DIV.779,Vendredi 5,94,254
4773529,DIV.790,Samedi 6,67,196
4773529,DIV.805,Mercredi 3 novembre,54,166
4773529,DIV.814,Jeudi 4 et Samedi 6,41,137
4773529,DIV.823,Mercredi et Vendredi,65,178
4773529,DIV.835,Jeudi et Samedi,52,138
4773529,DIV.849,LE DÉPIT AMOUREUX,22,66
4773529,DIV.855,LE VOYAGE DE M. PERRICHON,50,127
4773529,DIV.866,RITA ou LE MARI BATTU,24,58
4773529,DIV.872,GUIDO ET GINEVRA,35,93
4773529,DIV.878,LUCIE DE LAMMERMOOR,21,57
4773529,DIV.884,P.-Saint-Martin,236,526
4773529,DIV.897,Thom.-Holden,10,31
4773529,DIV.906,LES CONVICTIONS DE PAPA,22,51
4773529,DIV.911,JONATHAN,39,110
4773529,DIV.921,L'ACCORDEUR,20,57
4773529,DIV.926,LE MARI DE LA DÉBUTANTE,63,194
4773529,DIV.931,Variétés,55,141
4773529,DIV.944,UN DOMINO,16,45
4773529,DIV.950,LES NOCES D'OLIVETTE,66,210
4773529,DIV.957,Châtelet,165,380
4773529,DIV.976,ON DEMANDE UN MARI,25,57
4773529,DIV.982,LA JOLIE PERSANE,74,239
4773529,DIV.989,Th. des Nations,201,491
4773529,DIV.1003,LE TROISIÈME MARI,16,40
4773529,DIV.1009,LES CLOCHES DE CORNEVILLE,52,145
4773529,DIV.1015,Ambigu,61,149
4773529,DIV.1030,LES DOMESTIQUES,39,102
4773529,DIV.1043,LE MOUTON A L'ENTRESOL,23,57
4773529,DIV.1052,L'ECOSSAIS DE CHATOU,15,50
4773529,DIV.1057,HYMNIS,14,42
4773529,DIV.1063,LA COLOMBE,22,53
4773529,DIV.1068,Vaudeville,43,118
4773529,DIV.1074,Château-d'Eau,99,269
4773529,DIV.1086,LA BOSSE DU VOL,21,57
4773529,DIV.1092,MONSIEUR,22,74
4773529,DIV.1103,C'EST LE CHAT,20,49
4773529,DIV.1109,BREDOUILLE,17,42
4773529,DIV.1116,L'ORFÈVRE DU PONT AU CHANGE,98,229
4773529,DIV.1126,"Fantais, Paris.",69,186
4773529,DIV.1140,LE MANTEAU,23,65
4773529,DIV.1145,LES RICOCHETS DU DIVORCE,50,149
4773529,DIV.1154,FAUSSAIRE ! ! !,29,73
4773529,DIV.1162,LE BOUDOIR,21,45
4773529,DIV.1167,LES PETITES LIONNES,44,107
4773529,DIV.1172,Bouffes-Popul.,49,155
4773529,DIV.1180,Folies-Rambut.,12,40
4773529,DIV.1194,Skating- Théât.,30,86
4773529,DIV.1205,Folies-Bergère,22,51
4773529,DIV.1213,Crémorne,12,30
4773529,DIV.1219,Fernando,10,20
4773529,DIV.1225,DIV.1225,88,217
4773529,DIV.1246,DIV.1246,33,87
4773529,DIV.1253,DIV.1253,167,350
4773529,DIV.1274,DIV.1274,181,450
4773529,DIV.1292,DIV.1292,59,193
4773609,DIV.47,La Conférence des Chemins Orientaux à Budapest.,434,660
4773609,DIV.67,M. Christitch et M Grouitch.,1575,2330
4773609,DIV.116,Histoire du palais de l'Ambassade de France à Thérapia. : Par Mme Caroline Suchodolska.,1670,2621
4773609,DIV.164,Publicité,34,53
4773609,DIV.167,Les puissances et la Serbie. : (Par un Patriote serbe.),2505,3516
4773609,DIV.215,Un faux-pas.,901,1280
4773609,DIV.237,Turcs et Hellènes.,735,1082
4773609,DIV.264,DIV.264,477,744
4773609,DIV.273,"Discours de M. Auguste Tréfort, Président de l'Académie.",1232,1748
4773609,DIV.299,L'évêque Arnold Ipolyi. Par M. Guillaume Fraknόi.,4059,5835
4773609,DIV.348,Naturalistes hongrois au XVIIIe siècle.,432,662
4773609,DIV.360,La grande salle de l'Académie.,263,382
4773609,DIV.372,Rapport annuel (1887—8)du Secrétaire général de l'Académie.,1424,2124
4773609,DIV.390,Les prix de l'Académie.,195,343
4773609,DIV.399,Les élections.,160,315
4773609,DIV.411,Les Concours de l'Académie.,445,841
4773609,DIV.446,DIV.446,594,913
4773609,DIV.457,DIV.457,1140,1748
4773609,DIV.471,La cour d'Annam.,710,1064
4773609,DIV.487,La vie sociale et littéraire.,977,1493
4773609,DIV.500,Nouvelles économiques.,633,1100
4773609,DIV.508,DIV.508,14,34
4773609,DIV.512,Annonces,59,97
4773609,DIV.519,Annonces,60,118
4773609,DIV.525,Annonces,21,53
4773609,DIV.533,DIV.533,177,321
4773609,DIV.542,DIV.542,66,111
4773609,DIV.554,DIV.554,421,771
4773609,DIV.578,DIV.578,55,106
4773609,DIV.586,DIV.586,840,1321
4773609,DIV.623,DIV.623,40,98
4773609,DIV.635,DIV.635,144,293
4773609,DIV.652,DIV.652,163,282
4773609,DIV.666,DIV.666,72,157
4773609,DIV.672,DIV.672,145,252
4773609,DIV.692,DIV.692,160,325
4773609,DIV.714,DIV.714,438,687
4773934,DIV.25,DIV.25,184,271
4773934,DIV.33,DIV.33,190,339
4773934,DIV.40,DIV.40,275,422
4773934,DIV.44,DIV.44,171,272
4773934,DIV.49,DIV.49,30,45
4773934,DIV.52,DIV.52,244,369
4773934,DIV.59,DIV.59,93,158
4773934,DIV.67,DIV.67,69,95
4773934,DIV.72,DIV.72,84,138
4773934,DIV.78,DIV.78,96,164
4773934,DIV.90,DIV.90,37,58
4773934,DIV.93,DIV.93,300,478
4773934,DIV.103,DIV.103,135,210
4773934,DIV.111,DIV.111,249,369
4773934,DIV.118,DIV.118,143,213
4773934,DIV.131,DIV.131,159,259
4773934,DIV.138,DIV.138,85,129
4773934,DIV.141,DIV.141,74,118
4773934,DIV.146,NUIT DE MI-CARÊME.,1174,1785
4773934,DIV.221,DIV.221,1053,1578
4773934,DIV.268,DIV.268,153,234
4773934,DIV.274,DIV.274,183,292
4773934,DIV.278,DIV.278,453,730
4773934,DIV.335,DIV.335,139,203
4773934,DIV.338,DIV.338,228,323
4773934,DIV.343,DIV.343,202,304
4773934,DIV.347,DIV.347,105,158
4773934,DIV.354,DIV.354,172,260
4773934,DIV.358,DIV.358,191,272
4773934,DIV.364,DIV.364,264,374
4773934,DIV.376,GRELOTS DE CARNAVAL.,188,293
4773934,DIV.398,THÉATRES.,1081,1762
4773934,DIV.469,Publicité,19,44
4773935,DIV.29,DIV.29,357,556
4773935,DIV.42,DIV.42,813,1227
4773935,DIV.68,DIV.68,271,438
4773935,DIV.82,DIV.82,153,246
4773935,DIV.89,DIV.89,313,473
4773935,DIV.102,DIV.102,321,515
4773935,DIV.113,DIV.113,265,365
4773935,DIV.120,DIV.120,99,153
4773935,DIV.124,DIV.124,123,178
4773935,DIV.129,DIV.129,135,200
4773935,DIV.136,"CONFÉRENCES DE MM. MONTEIL, ET GASTINEAU Rédacteurs de l'EUROPE, : au Cercle artistique et à la Libre-Pensée, à Bruxelles.",766,1107
4773935,DIV.166,AFFAIRE JAUMART : CONDAMNATION DE L'ACCUSÉ.,109,159
4773935,DIV.178,DIV.178,366,549
4773935,DIV.189,DIV.189,253,348
4773935,DIV.198,DIV.198,223,335
4773935,DIV.208,DIV.208,193,293
4773935,DIV.220,DIV.220,67,95
4773935,DIV.225,DIV.225,156,215
4773935,DIV.235,DIV.235,176,261
4773935,DIV.249,DIV.249,92,139
4773935,DIV.255,DIV.255,40,64
4773935,DIV.260,DIV.260,57,84
4773935,DIV.267,DIV.267,67,96
4773935,DIV.271,DIV.271,63,95
4773935,DIV.278,DIV.278,71,109
4773935,DIV.288,CONTES AUX GRANDS ENFANTS : VII UNE VISITE A ANVERS.,3426,5060
4773935,DIV.415,CHRONIQUE THÉATRALE : LES THÉATRES DE PARIS. (Correspondance particulière de l' EUROPE.),822,1314
4773935,DIV.441,SCÈNES ET FANTAISIES : CLAUDE ET MARION.,3428,5026
4773935,DIV.510,AUX ABONNÉS ET LECTEURS DE L'EUROPE,407,685
4773935,DIV.525,Publicité,19,42
4773936,DIV.20,"A STRASBOURG, — par LIBONIS",47,107
4773936,DIV.62,DIV.62,108,152
4773936,DIV.72,DIV.72,80,122
4773936,DIV.77,DIV.77,125,186
4773936,DIV.86,DIV.86,114,162
4773936,DIV.102,DIV.102,72,100
4773936,DIV.109,DIV.109,113,188
4773936,DIV.120,DIV.120,180,244
4773936,DIV.136,DIV.136,61,107
4773936,DIV.142,DIV.142,134,196
4773936,DIV.157,DIV.157,152,254
4773936,DIV.173,DIV.173,282,395
4773936,DIV.179,DIV.179,373,560
4773936,DIV.196,DIV.196,215,321
4773936,DIV.208,DIV.208,91,144
4773936,DIV.213,DIV.213,235,343
4773936,DIV.226,DIV.226,518,806
4773936,DIV.240,DIV.240,450,728
4773936,DIV.258,DIV.258,220,338
4773936,DIV.265,DIV.265,145,232
4773936,DIV.274,DIV.274,146,239
4773936,DIV.286,DIV.286,177,271
4773936,DIV.292,DIV.292,437,629
4773936,DIV.305,DIV.305,120,161
4773936,DIV.310,DIV.310,186,258
4773936,DIV.314,DIV.314,514,713
4773936,DIV.323,DIV.323,459,683
4773936,DIV.346,CONTES AUX GRANDS ENFANTS : IX LA BELLE MARCHANDE DE CERCUEILS.,1420,2135
4773936,DIV.430,LES AMOURS DE MIRABEAU : ROMAN HISTORIQUE,2949,4385
4773936,DIV.552,DIV.552,19,38
4773936,DIV.559,Annonces,23,49
4773936,DIV.565,Annonces,26,51
4773936,DIV.570,Annonces,24,68
4773936,DIV.580,Annonces,122,242
4773936,DIV.594,Annonces,29,77
4773936,DIV.603,Annonces,24,70
4773936,DIV.612,Annonces,94,195
4773936,DIV.626,Annonces,118,265
4773936,DIV.646,Annonces,92,160
4773936,DIV.656,Annonces,50,116
4773936,DIV.669,Annonces,31,71
4773936,DIV.678,Annonces,60,118
4773936,DIV.688,Publicité,37,70
4773937,DIV.27,DIV.27,35,54
4773937,DIV.34,PETITE REVUE DU MOIS DE MAI,135,220
4773937,DIV.78,DIV.78,102,139
4773937,DIV.81,DIV.81,155,240
4773937,DIV.95,DIV.95,45,58
4773937,DIV.99,DIV.99,125,207
4773937,DIV.114,DIV.114,980,1489
4773937,DIV.155,IV,92,142
4773937,DIV.163,DIV.163,46,66
4773937,DIV.167,DIV.167,301,460
4773937,DIV.176,DIV.176,202,282
4773937,DIV.182,DIV.182,153,233
4773937,DIV.189,DIV.189,195,309
4773937,DIV.196,DIV.196,119,161
4773937,DIV.205,DIV.205,48,75
4773937,DIV.211,DIV.211,121,161
4773937,DIV.222,DIV.222,11,18
4773937,DIV.226,DIV.226,94,130
4773937,DIV.232,DIV.232,42,61
4773937,DIV.239,DIV.239,189,298
4773937,DIV.253,DIV.253,171,251
4773937,DIV.265,DIV.265,143,211
4773937,DIV.278,DIV.278,81,124
4773937,DIV.289,DIV.289,163,252
4773937,DIV.306,DIV.306,2518,3772
4773937,DIV.380,LE HIGH-LIFE : LES SNOBS.,1088,1664
4773937,DIV.400,DIV.400,1020,1459
4773937,DIV.423,DIV.423,988,1501
4773937,DIV.451,DIV.451,1071,1550
4773937,DIV.464,LES AMOURS DE MIRABEAU : ROMAN HISTORIQUE,3616,5338
4773937,DIV.563,Publicité,37,79
4782897,DIV.28,SOMMAIRE,80,172
4782897,DIV.43,TÉLÉGRAMMES,251,414
4782897,DIV.62,BULLETIN DU JOUR,1264,1770
4782897,DIV.88,DERNIERES NOUVELLES,155,222
4782897,DIV.101,DIV.101,178,260
4782897,DIV.113,Premiers désordres,147,221
4782897,DIV.122,Le président de la République,168,229
4782897,DIV.130,La réception,311,448
4782897,DIV.146,Départ pour l'ambassade,263,386
4782897,DIV.159,Le départ pour l'Elysée,205,319
4782897,DIV.168,A l'Elysée,207,298
4782897,DIV.177,DIV.177,524,737
4782897,DIV.193,FIN DE VACANCES,1836,2741
4782897,DIV.227,DIV.227,859,1063
4782897,DIV.249,Russie,319,439
4782897,DIV.261,Angleterre,150,233
4782897,DIV.273,Egypte,82,128
4782897,DIV.280,Roumanie,22,38
4782897,DIV.296,REVUE MUSICALE,1703,2618
4782897,DIV.341,DIV.341,559,777
4782897,DIV.359,DÉPARTEMENTS ET ÉTRANGER,565,921
4782897,DIV.387,ÉCHOS DE PARTOUT,1077,1551
4782897,DIV.431,NÉCROLOGIE,165,268
4782897,DIV.445,DIV.445,206,302
4782897,DIV.450,Annonces,26,61
4782897,DIV.454,Annonces,3347,4321
4782897,DIV.545,DIV.545,851,1271
4782897,DIV.566,FONDS D'ÉTATS ET DE VILLES,2008,2868
4782897,DIV.637,MARCHÉ ANGLAIS,941,1287
4782897,DIV.666,INSTITUTIONS DE CRÉDIT ET VALEURS DIVERSES,1985,3549
4782897,DIV.733,CHEMINS DE FER,123,237
4782897,DIV.743,Recettes des Chemins de fer,2723,3809
4782897,DIV.800,Annonces,20,45
4782897,DIV.806,Annonces,13,50
4782897,DIV.812,SOIRÉE PARISIENNE : Réouverture de la Renaissance,803,1172
4782897,DIV.834,DIV.834,50,90
4782897,DIV.843,DIV.843,19,35
4782897,DIV.850,Affaire de Saint-Priest. — Tentative d'as- sassinat. — M. Alphonse.,1436,2228
4782897,DIV.882,Tirage du Jury,270,628
4782897,DIV.892,DIV.892,23,51
4782897,DIV.903,Bulletin de la Mortalité Du 21 au 27 sept. 1883,688,758
4782897,DIV.912,DÉCÈS ET INHUMATIONS Du 25 septembre 1883.,516,1324
4782897,DIV.941,Annonces,1889,4114
4782897,DIV.976,VENTES A L'ENCHÈRE — ADJUDICATIONS,1391,1868
4782897,DIV.1008,ACHATS ET VENTES DE FONDS DE COMMERCE,19,52
4782897,DIV.1013,LOCATIONS,103,239
4782897,DIV.1030,Publicité,18,52
4782897,DIV.1035,Publicité,125,286
4782897,DIV.1041,LES ANNONCES ÉCONOMIQUES : PRIX DE LA LIGNE : 50 CENTIMES,697,1483
4782897,DIV.1081,Annonces,248,592
4782897,DIV.1104,PROGRAMME DES SPECTACLES DU 30 SEPTEMBRE,233,576
4785180,DIV.29,Annonces,100,176
4785180,DIV.42,SOMMAIRE,120,249
4785180,DIV.55,"BULLETIN DU JOUR : PARIS, LUNDI 30 DÉCEMBRE 1889",996,1468
4785180,DIV.70,DIV.70,641,948
4785180,DIV.95,TÉLÉGRAMMES DE L'AGENCE HAVAS,77,129
4785180,DIV.104,LE DROIT D'INTERPELLATION,865,1280
4785180,DIV.124,L'élection de la Haute-Garonne,308,359
4785180,DIV.135,LETTRE D'ALLEMAGNE,955,1428
4785180,DIV.148,BOURSE DU 30 DÉCEMBRE,2290,5583
4785180,DIV.189,BULLETIN FINANCIER,607,1151
4785180,DIV.214,DIV.214,666,1114
4785180,DIV.245,(Dépêche de l'Agence Havas),250,419
4785180,DIV.261,LA VIE MONDAINE,995,1459
4785180,DIV.288,PARTIE OFFICIELLE,344,599
4785180,DIV.327,Documents du ministère de la guerre,392,751
4785180,DIV.363,PARTIE NON OFFICIELLE,52,134
4785180,DIV.371,DIV.371,148,202
4785180,DIV.381,Belgique,339,495
4785180,DIV.404,Italie,86,124
4785180,DIV.413,Bulgarie,103,134
4785180,DIV.422,Angleterre,119,172
4785180,DIV.431,Etats-Unis,69,102
4785180,DIV.438,Brésil,91,131
4785180,DIV.447,Zanzibar,124,218
4785180,DIV.458,La mort de l'impératrice du Brésil,208,324
4785180,DIV.475,Le Couronnement du roi de Portugal : NOUVEAUX DÉTAILS,166,266
4785180,DIV.488,A TRAVERS CHAMPS,848,1261
4785180,DIV.518,L'AMANT D'UNE HEURE PAR LÉOPOLD STAPLEAUX : DEUXIÈME PARTIE NON LIVRE PREMIER,1812,2696
4785180,DIV.611,A L'INSTITUT : Séance publique annuelle de l'Académie des sciences,1140,1961
4785180,DIV.697,LES RÉCEPTIONS DU 1er JANVIER,311,427
4785180,DIV.714,A Paris,334,481
4785180,DIV.726,En province,482,769
4785180,DIV.751,LA TEMPÉRATURE,184,327
4785180,DIV.768,Double tentative de meurtre,250,364
4785180,DIV.785,Le drame de Gentilly,373,512
4785180,DIV.806,Une mort mystérieuse,66,100
4785180,DIV.812,Suicide d'un bedeau,66,107
4785180,DIV.817,Infanticide,97,152
4785180,DIV.824,Dévaliseurs de villas,159,237
4785180,DIV.832,Un audacieux faussaire,149,249
4785180,DIV.842,Revision des listes électorales,310,467
4785180,DIV.864,DÉPARTEMENTS & ÉTRANGER,393,684
4785180,DIV.891,DIV.891,163,243
4785180,DIV.897,Annonces,14,35
4785180,DIV.901,Annonces,35,52
4785180,DIV.905,ECHOS DE PARTOUT,565,866
4785180,DIV.933,NÉCROLOGIE,117,192
4785180,DIV.944,Publicité,17,45
4785180,DIV.948,Publicité,34,70
4785180,DIV.956,Annonces,31,54
4785180,DIV.961,THÉATRES,992,1747
4785180,DIV.1006,GRAND HOTEL TERMINUS Rue Saint-Lazare — Gare de l'Ouest,171,359
4785180,DIV.1033,DÉCÈS ET INHUMATIONS Du 27 décembre 1889,547,1349
4785180,DIV.1098,"Marché aux bestiaux : Paris (La Villette), 30 décembre.",261,326
4785180,DIV.1113,MATIERES D'OR ET D'ARGENT,628,824
4785180,DIV.1125,Changes et Monnaies,181,344
4785180,DIV.1139,VALEURS SE NÉGOCIANT A VUE,164,251
4785180,DIV.1148,Bons du Trésor et Banque de France,220,237
4785180,DIV.1156,Cotes diverses : (Deux heures),240,265
4785180,DIV.1169,Valeurs à terme : (Avant la clôture de la Bourse),357,463
4785180,DIV.1179,CHEMIN DE FER D'ORLÉANS : EXCURSIONS AUX STATIONS HIVERNALES & BALNÉAIRES DES PYRÉNÉES,179,314
4785180,DIV.1191,VENTES A L'ENCHERE — ADJUDICATION,542,1257
4785180,DIV.1224,INDUSTRIE ET CORMERCE,359,824
4785180,DIV.1261,Publicité,90,230
4785180,DIV.1276,Publicité,15,33
4785180,DIV.1281,LES ANNONCES ÉCONOMIQUES PRIX DE LA LIGNE : 50 CENTIMES,643,1203
4785180,DIV.1319,Annonces,19,39
4785180,DIV.1323,SPECTACLES Du 30 décembre 1889,1550,3897
4785180,DIV.1441,Spectacles de Demain,15,46
4785732,DIV.32,BULLETIN : JEUDI 30 JUIN,976,1803
4785732,DIV.44,Dépêches et Correspondances particulières,190,272
4785732,DIV.56,QUESTIONS DU JOUR,1044,1501
4785732,DIV.72,VÉRITÉS PRATIQUES,907,1347
4785732,DIV.85,LE MINISTRE DE LA MARINE ET LA CHAMBRE,1188,1750
4785732,DIV.106,CONSEIL DE CABINET,867,1316
4785732,DIV.137,CHAMBRE DES DÉPUTÉS,1114,1638
4785732,DIV.180,SÉNAT,145,239
4785732,DIV.192,DÉPÊCHES DES AGENCES,298,475
4785732,DIV.209,FAITS DIVERS,231,339
4785732,DIV.223,LE MONDE,1541,2568
4785732,DIV.288,HORS PARIS,357,529
4785732,DIV.310,Les présidents d'assises,1096,1657
4785732,DIV.340,Italie,119,168
4785732,DIV.347,Angleterre,488,690
4785732,DIV.369,Allemagne,26,44
4785732,DIV.375,Saint-Siège,95,144
4785732,DIV.383,Espagne,170,259
4785732,DIV.391,Norvège,33,51
4785732,DIV.397,Maroc,95,145
4785732,DIV.407,États-Unis,21,36
4785732,DIV.415,Chambre des députés,1151,1764
4785732,DIV.438,DIV.438,161,237
4785732,DIV.443,Documents officiels,722,1052
4785732,DIV.479,DIV.479,435,638
4785732,DIV.500,Petites nouvelles,233,333
4785732,DIV.516,Séance du 29 juin,279,415
4785732,DIV.529,CONSEIL GÉNÉRAL DE LA SEINE,292,448
4785732,DIV.543,DIV.543,1256,1931
4785732,DIV.586,Informations parisiennes,1024,1849
4785732,DIV.622,"CARNET DU JOUR : PARIS, DE 2 HEURES A 6 HEURE",370,619
4785732,DIV.646,DÉPARTEMENTS ET ÉTRANGER,1473,2369
4785732,DIV.695,Nécrologie,420,623
4785732,DIV.715,L'assassinat du boulevard Magenta,1242,1817
4785732,DIV.737,THÉATRES,2364,3705
4785732,DIV.807,Publicité,23,52
4785732,DIV.818,DIV.818,66,140
4785732,DIV.822,DIV.822,67,153
4785732,DIV.831,DIV.831,23,60
4785732,DIV.842,Courses à Neuilly-Levallois,336,765
4785732,DIV.872,DÉCLARATIONS DE FAILLITES Du 28 juin 1892,317,679
4785732,DIV.897,CHEMINS DE FER DE L'OUEST : Dimanche 3 juillet 1892,456,810
4785732,DIV.928,Publicité,12,26
4785732,DIV.931,Publicité,26,54
4785732,DIV.938,Publicité,57,167
4785732,DIV.947,VENTES A L'ENCHÈRE — ADJUDICATIONS,169,386
4785732,DIV.955,CESSIONS DE FONDS,40,104
4785732,DIV.960,Publicité,85,183
4785732,DIV.966,Publicité,42,102
4785732,DIV.973,AVIS DIVERS,69,123
4785732,DIV.981,Annonces,30,86
4785732,DIV.985,Annonces,44,106
4785732,DIV.994,Annonces,18,48
4785732,DIV.997,Publicité,26,57
4785732,DIV.1000,Publicité,57,88
4785732,DIV.1004,Annonces,30,80
4785732,DIV.1013,Annonces,10,22
4785732,DIV.1017,PROGRAMME DES THÉATRES,92,243
4785732,DIV.1028,Publicité,95,186
4785732,DIV.1031,Bourse du 30 Juin,1051,3199
4785732,DIV.1045,BULLETIN FINANCIER,497,1133
4785732,DIV.1078,DIV.1078,803,1407
4785732,DIV.1107,RÉPONSE DES PRIMES,875,1372
4785732,DIV.1121,Dépêches affichées en Bourse,113,279
4785732,DIV.1132,DIV.1132,404,797
4785732,DIV.1145,MARCHÉ AUX BESTIAUX DE LA VILLETTE du 30 juin,185,472
4791550,DIV.29,BULLETIN,1092,1550
4791550,DIV.37,DÉPÊCHES PARTICULIÈRES,195,312
4791550,DIV.50,QUELQUES EXPLICATIONS,970,1389
4791550,DIV.63,DIV.63,45,82
4791550,DIV.68,LE MONDE,338,529
4791550,DIV.90,NOTES D'ART,553,869
4791550,DIV.117,HORS PARIS,84,122
4791550,DIV.127,ANNULATION ET REVISION,899,1324
4791550,DIV.144,INFORMATIONS,395,618
4791550,DIV.169,DIV.169,88,122
4791550,DIV.174,L'Espagne et les Etats-Unis,238,345
4791550,DIV.186,Nouvelles maritimes,51,85
4791550,DIV.196,La neutralisation du Nil,150,214
4791550,DIV.204,LA PASSERELLE DU PONT ALEXANDRE III,385,564
4791550,DIV.219,DIV.219,398,615
4791550,DIV.241,LA FLOTTE ITALIENNE,140,205
4791550,DIV.251,La grève des terrassiers (suite),206,305
4791550,DIV.260,FAITS DIVERS,159,262
4791550,DIV.271,DIV.271,42,63
4791550,DIV.275,SPORT,122,308
4791550,DIV.292,Chine,166,245
4791550,DIV.303,Crète,168,254
4791550,DIV.313,Espagne,55,84
4791550,DIV.319,Autriche-Hongrie,268,380
4791550,DIV.332,Turquie,40,63
4791550,DIV.338,Italie,49,61
4791550,DIV.343,Transvaal,59,85
4791550,DIV.349,Japon,38,53
4791550,DIV.354,Jamaïque,49,76
4791550,DIV.361,Guatemala,26,46
4791550,DIV.366,L'ESPAGNE ET LES ÉTATS-UNIS,411,589
4791550,DIV.381,"GUERRE, MARINE & COLONIES : (Agences télégraphiques et renseignements particuliers.)",416,628
4791550,DIV.404,Actes et documents officiels : (Journal officiel du 30 septembre 1898),72,113
4791550,DIV.412,Les élections municipales,94,184
4791550,DIV.422,Bruits divers,207,307
4791550,DIV.434,Saisie à la frontière,43,66
4791550,DIV.439,L'affaire Judet-Zola,71,127
4791550,DIV.446,M. Zola et les experts,142,234
4791550,DIV.454,Nouvelle interpellation,73,99
4791550,DIV.463,Les Halles centrales,571,853
4791550,DIV.482,La Ligue de l'enseignement,338,533
4791550,DIV.496,LA GRÈVE DES TERRASSIERS,795,1178
4791550,DIV.526,Publicité,17,48
4791550,DIV.538,LE TEMPS,94,183
4791550,DIV.550,UN DRAME PARISIEN (suite),382,574
4791550,DIV.571,MORT SUBITE,45,71
4791550,DIV.577,ACCIDENT MORTEL,98,166
4791550,DIV.585,ENTRE COCHERS,332,498
4791550,DIV.600,Départements & Etranger LE FEU,364,560
4791550,DIV.621,Publicité,54,133
4791550,DIV.631,Publicité,58,157
4791550,DIV.646,Publicité,31,73
4791550,DIV.655,Nécrologie,59,99
4791550,DIV.666,Le pourvoi de Vacher,84,127
4791550,DIV.673,THÉATRES,927,1516
4791550,DIV.723,AUTEUIL : Samedi 1er octobre,108,175
4791550,DIV.730,COURSES A SAINT-OUEN : Jeudi 29 septembre,163,240
4791550,DIV.737,Résultats du pari mutuel,1320,1494
4791550,DIV.756,LA COUPE DE FRANCE,165,299
4791550,DIV.764,VÉLOCIPÉDIE,917,1415
4791550,DIV.787,AUTOMOBILISME,441,745
4791550,DIV.810,Publicité,54,91
4791550,DIV.814,BOURSES DE COMMERCE 30 septembre : Bourse Commerciale de Paris,652,1343
4791550,DIV.835,Publicité,1077,2479
4791550,DIV.854,Publicité,25,60
4791550,DIV.862,INDUSTRIE ET COMMERCE,131,324
4791550,DIV.878,TABACS ET CIGARES,356,558
4791550,DIV.895,G. PRINTAMP,52,161
4791550,DIV.904,DEMANDES D'EMPLOIS,41,76
4791550,DIV.909,MENU DU 30 SEPTEMBRE,38,84
4791550,DIV.919,DÉCLARATIONS DE FAILLITES Du 27 septembre 1898,147,334
4791550,DIV.928,PROGRAMME DES SPECTACLES,266,592
4791550,DIV.948,Publicité,28,54
4791550,DIV.956,BULLETIN,709,1370
4791550,DIV.989,Canal de Suez,211,220
4791550,DIV.997,Recettes des chemins de fer français,744,1132
4791550,DIV.1018,Publicité,27,40
4791550,DIV.1021,DIV.1021,3425,10066
4791550,DIV.1083,COURS OFFICIELS DES VALEURS NÉGOCIÉES AU COMPTANT,3103,8756
4791550,DIV.1125,MARCHÉ EN BANQUE. — Valeurs négociées A TERME,689,1855
4791550,DIV.1146,MARCHÉ EN BANQUE. — Valeurs négociées AU COMPTANT,1333,3143
4791550,DIV.1168,BOURSES des Départements,928,1094
4791550,DIV.1184,BOURSES ÉTRANGÈRES,681,964
4791550,DIV.1201,BOURSES ÉTRANGÈRES,965,1262
4791550,DIV.1219,CHANGES,1164,1534
4791550,DIV.1240,Publicité,152,393
6703872,DIV.38,Annonces,14,25
6703872,DIV.41,Annonces,29,46
6703872,DIV.45,Carnet de la Semaine,171,313
6703872,DIV.58,31 décembre,270,477
6703872,DIV.67,Annonces,1448,3067
6703872,DIV.201,UN PROGRAMME DE TRAVAIL pour 1900,963,1450
6703872,DIV.228,M. Frédéric Passy CANDIDAT AU SÉNAT,300,430
6703872,DIV.239,EN ZIGZAG,350,558
6703872,DIV.254,Publicité,310,526
6703872,DIV.276,LES BONS SOINS DE L'ADMINISTRATION,67,102
6703872,DIV.283,LE PRIX DE PARIS,165,215
6703872,DIV.291,CRUATÉ DE PRINCE,179,260
6703872,DIV.300,LA SOCIÉTÉ DE STATISTIQUE,100,154
6703872,DIV.309,A L'ÉTRANGER,22,36
6703872,DIV.314,UN PEU PARTOUT,475,703
6703872,DIV.338,Mort de M. Bertrand,671,1001
6703872,DIV.371,Domicile de Secours DES FILLES-MÈRES MINEURES,892,1327
6703872,DIV.385,La Haute-Cour : Quarante et unième audience,2488,3732
6703872,DIV.480,Au Conseil Municipal,853,1277
6703872,DIV.510,Annonces,40,62
6703872,DIV.514,UNE Manifestation à l'Hôtel-de-Ville,272,408
6703872,DIV.525,La guerre au Transvaal,952,1377
6703872,DIV.544,INFORMATIONS,329,470
6703872,DIV.562,Le pillage de l'Eglise St-Joseph.,178,275
6703872,DIV.571,Le verdict,54,95
6703872,DIV.586,DIV.586,71,105
6703872,DIV.595,I,35,58
6703872,DIV.601,II,100,165
6703872,DIV.608,III,18,37
6703872,DIV.614,IV,42,69
6703872,DIV.620,V,55,78
6703872,DIV.629,VI,98,149
6703872,DIV.638,VII,77,111
6703872,DIV.643,VIII,94,151
6703872,DIV.648,IX,14,24
6703872,DIV.654,Réponses : L'ÉDUCATION ÉSTHÉTIQUE DE LA DÉMOCRATIE,167,260
6703872,DIV.664,LE MAL EXISTE-T-IL?,653,968
6703872,DIV.684,L'IDÉE DE PATRIE,108,190
6703872,DIV.692,Le Maquillage,972,1452
6703872,DIV.725,L'Industrie et la Charité,473,698
6703872,DIV.736,La taille fine,172,262
6703872,DIV.748,"LA "" CONFECTION """,280,417
6703872,DIV.760,L'ART DU MOYEN AGE ET DE LA RENAISSANCE,165,269
6703872,DIV.774,UNE DÉFINITION DE LA VERTU,138,214
6703872,DIV.782,SAGESSE ET SAINTETÉ,242,392
6703872,DIV.789,L'INDIVIDUALISME,129,200
6703872,DIV.798,Souvent femme varie,1177,1829
6703872,DIV.860,L'Amour et la poésie française,250,380
6703872,DIV.875,Publicité,21,52
6703872,DIV.880,Publicité,27,50
6703872,DIV.884,PETITE CORRESPONDANCE,125,204
6703872,DIV.894,Publicité,234,406
6703872,DIV.904,Publicité,90,218
6703872,DIV.909,Publicité,37,69
6703872,DIV.914,LES PREMIERES,1769,2694
6703872,DIV.958,Publicité,10,29
6703872,DIV.964,Rive-de-Gier,89,137
6703872,DIV.971,LES GRÈVES,411,580
6703872,DIV.992,Soirée Parisienne,319,501
6703872,DIV.1009,Paris,543,782
6703872,DIV.1043,Etranger : La tempête,87,147
6703872,DIV.1050,LA FINANCE,560,878
6703872,DIV.1068,LE HOME,256,420
6703872,DIV.1082,DIV.1082,604,1083
6703872,DIV.1123,MATINEES,87,224
6703872,DIV.1133,SOIRÉES,566,1329
6703872,DIV.1178,Offres d'Emplois,220,339
6703872,DIV.1197,Publicité,98,191
6703872,DIV.1206,Annonces,23,45
6703872,DIV.1213,Publicité,26,66
6703872,DIV.1219,Publicité,18,40
6703872,DIV.1223,BOURSE DU 30 DÉCEMBRE,3263,8571
6703872,DIV.1252,Publicité,15,30
6705781,DIV.35,Publicité,22,38
6705781,DIV.39,Aujourd'hui,353,615
6705781,DIV.52,Crimes de Fillettes,841,1328
6705781,DIV.77,LA JAMBE,420,638
6705781,DIV.89,La jeune Russie : Un étudiant révolutionnaire à Paris,1749,2513
6705781,DIV.144,FÉMINISME INTERNATIONAL : La lutte pour le suffrage féminin en Angleterre,1029,1492
6705781,DIV.177,VEILLÉE DE DAMES,130,197
6705781,DIV.185,UNE MORT DUMENT PRÉPARÉE,313,427
6705781,DIV.195,UN TABLEAU INSTRUCTIF,302,349
6705781,DIV.206,LE RAISONNEMENT DU PAYSAN,104,161
6705781,DIV.214,FANTAISIE D'AMÉRICAIN,96,154
6705781,DIV.225,A l'Elysée,301,450
6705781,DIV.235,Diverses,192,297
6705781,DIV.245,Nécrologie,127,213
6705781,DIV.257,Angleterre,82,115
6705781,DIV.264,France,55,79
6705781,DIV.270,LA CHAMBRE,556,867
6705781,DIV.291,SÉNAT,395,558
6705781,DIV.312,Vérification des pouvoirs,107,174
6705781,DIV.320,Le blanc de eéruse,129,184
6705781,DIV.327,Groupe progressiste,60,93
6705781,DIV.333,Groupe de la réforme parlementaire,37,57
6705781,DIV.338,La loi Falloux au Sénat,118,181
6705781,DIV.346,Le prix du gaz à Paris,51,60
6705781,DIV.352,EN GLANANT : L'enseignement laïque dans l'Orne,579,861
6705781,DIV.372,La maladie du roi d'Angleterre,394,615
6705781,DIV.392,LETTRE OUVERTE,386,583
6705781,DIV.413,La Forêt de Fontainebleau,562,815
6705781,DIV.434,L'ABROGATION DE LA LOI FALLOUX,363,575
6705781,DIV.446,Nouvelles d'Extrême-Orient,315,484
6705781,DIV.459,LA Catastrophe de la Martinique,333,469
6705781,DIV.473,L'HÉRITAGE FANTOME : Le mariage de Louis Daurignac,51,89
6705781,DIV.479,CONTRE LA TUBERCULOSE,203,386
6705781,DIV.486,LES CONGRÈS : LA MEUNERIE,173,268
6705781,DIV.498,Le Monument de Léopardi,237,366
6705781,DIV.505,Les Fêtes de Turin,287,438
6705781,DIV.519,Les Héroïnes de M. de Porto-Riche,1427,2212
6705781,DIV.549,Le nouveau sud-africain,336,491
6705781,DIV.562,AFRIQUE DU SUD : Départ de généraux Boers,26,44
6705781,DIV.569,CHINE,18,25
6705781,DIV.574,ETATS-UNIS : Les cendres de lord Pauncefote,72,113
6705781,DIV.582,GRECE,45,74
6705781,DIV.588,ITALIE,42,64
6705781,DIV.594,RUSSIE,186,287
6705781,DIV.604,TURQUIE : La peste,25,35
6705781,DIV.614,Conseil des ministres,170,255
6705781,DIV.622,Le groupe des députés de Paris,704,1057
6705781,DIV.639,Le Congrès national des employés,747,1059
6705781,DIV.667,Grèves à l'étranger,84,122
6705781,DIV.676,LES JOURNAUX DE CE MATIN SANS DISTINCTION D'OPINIONS,369,597
6705781,DIV.694,Etrange divorce,321,463
6705781,DIV.708,Les élections au Palais,149,291
6705781,DIV.717,Les accidents du travail,429,635
6705781,DIV.733,En Cour d'assises,75,134
6705781,DIV.746,Paris,1063,1734
6705781,DIV.791,Départements,532,812
6705781,DIV.820,(37) Vers l'Aurore,1640,2639
6705781,DIV.926,Paris-Vienne : Le classement,56,90
6705781,DIV.933,Aéronautique,277,459
6705781,DIV.947,Aérodrome,70,119
6705781,DIV.957,velodrome du Parc des Princes,126,196
6705781,DIV.966,Courses à Enghien : RÉSULTATS DU PARI MUTUEL Mardi 1er juillet,146,371
6705781,DIV.980,BIBLIOGRAPHIE,242,365
6705781,DIV.992,LA FINANCE,432,701
6705781,DIV.1015,DIV.1015,132,256
6705781,DIV.1026,SPECTACLES du 2 Juillet,518,1312
6705781,DIV.1064,CONFERENCES,141,276
6705781,DIV.1074,Publicité,32,58
6705781,DIV.1078,Offres d'Emplois,272,398
6705781,DIV.1097,CHEMIN DE FER D'ORLEANS 6 juillet 1902 : Excursion DE PARIS AUX CHATEAUX DE LA LOIRE,163,288
6705781,DIV.1116,CHEMINS DE FER D'ORLEANS,73,122
6705781,DIV.1123,Annonces,725,995
6705781,DIV.1153,CHEMINS DE FEU DE L'OUEST,414,694
6705781,DIV.1169,DIV.1169,46,80
6705781,DIV.1174,Annonces,91,140
6705781,DIV.1183,Publicité,12,20
6705781,DIV.1189,DIV.1189,10,33
6705781,DIV.1192,BOURSE DU 1er JUIILLET,2639,6165
6705781,DIV.1231,Publicité,16,30
6706398,DIV.24,Annonces,32,62
6706398,DIV.32,Sport,752,1110
6706398,DIV.63,CONSOL DE CABINET,127,201
6706398,DIV.74,A la Présidence du Conseil,47,78
6706398,DIV.79,AU QUAI D'ORSAY,21,41
6706398,DIV.84,Etat-Major général de l'Armée,30,50
6706398,DIV.89,A la Société des Nations,47,67
6706398,DIV.94,La signature de l'accord franco-allemand sur la potasse,112,205
6706398,DIV.99,Les Françaises veillent voter,81,121
6706398,DIV.107,Des propriétés françaises délaissées à Cuba,118,171
6706398,DIV.112,HEUREUSE FIN D'ANNÉE : L'accord italo-allemand,967,1447
6706398,DIV.132,La Radiodiffusion a enfin son statut,1252,1827
6706398,DIV.160,L'AÉROLITHE,259,381
6706398,DIV.168,ON DIT...,648,1135
6706398,DIV.203,Les maisons d'Education de la Légon d'Honneur : Leur nouveau régime,535,813
6706398,DIV.226,Metteurs en scène et dramaturges. - Rêve de valse à l'Aubert-Palace. - Les bateliers de la Volga au Caméo Michel Strogoff à l'Impérial,1550,2389
6706398,DIV.278,NOTE PARTICULIERE,90,132
6706398,DIV.284,Jeuness Laïque et Républicaine du 9e arrondissement : Contre les ennemis de la Paix,165,249
6706398,DIV.296,A L'HOTEL DE VILLE : Le conseil municipal a siété matin. midi et soir,719,1088
6706398,DIV.324,DIV.324,1446,2311
6706398,DIV.369,Scènes tumultueuses à la conférence des Instituteurs,82,107
6706398,DIV.375,Bal de l'Ecole des Ponts et Chaussées,66,104
6706398,DIV.380,Légion d'Honneur,94,174
6706398,DIV.390,Annonces,25,34
6706398,DIV.393,L'inauguration du téléphone automatique à Madrid,503,710
6706398,DIV.415,La revision des baux en instance,80,112
6706398,DIV.420,CHRONIQUE FEMINISTE,43,85
6706398,DIV.425,L'École et la Guerre,494,722
6706398,DIV.445,ARTS - LETTRES,700,1082
6706398,DIV.469,Une délégation des fonctionnaires reçue par M. Poincaré,156,235
6706398,DIV.476,Publicité,16,35
6706398,DIV.483,ALLEMAGNE.,144,288
6706398,DIV.496,ANGLETERRE,110,211
6706398,DIV.510,BELGIQUE,405,657
6706398,DIV.530,ETATS-UNIS,273,463
6706398,DIV.547,HONGRIE : LE PRIX DE LA VIE ET LA NOUVELLE MONNAIE Pour empêcher le mercantilisme,71,119
6706398,DIV.554,"NICARAGUA : LES AFFAIRES DU NICARAGUA Une atteinte à la souveraineté du Nicaragua, mais... »",139,217
6706398,DIV.565,LE BUDGET TUNISIEN POUR 1927 Près de 100 millions de plus qu'en 1926,105,180
6706398,DIV.572,LES ETABLISSEMENTS FRANÇAIS EN OCEANIE,172,284
6706398,DIV.579,Pêle-Mêle,99,152
6706398,DIV.585,Une réunion pacifiste à Francfort-sur-le-Mein,335,479
6706398,DIV.599,Publicité,15,31
6706398,DIV.602,Publicité,62,184
6706398,DIV.619,NOS CANDIDATS AU SENAT : Docteur Auguste Marie,552,818
6706398,DIV.648,Réunion du Conseil Fédéral de la Seine,40,75
6706398,DIV.657,Le Bureau Fédéral de la Seine : ADRESSE LA COMMUNICATION SUIVANTE AUX SECRETAIRES DES DIFFERENTES SECTIONS,752,1111
6706398,DIV.688,LE DINER MENSUEL,53,90
6706398,DIV.695,Le Groupe du IXe,50,72
6706398,DIV.701,Annonces,17,24
6706398,DIV.708,FAITS A SIGNALER,26,49
6706398,DIV.714,Temps probable :,24,43
6706398,DIV.719,Musées :,203,401
6706398,DIV.731,Expositions :,155,383
6706398,DIV.746,Curiosités diverses :,21,42
6706398,DIV.751,Bibliothèques :,142,275
6706398,DIV.763,Bibliothèques gratuites :,31,66
6706398,DIV.769,Conférences :,66,111
6706398,DIV.782,Fête de bienfaisance :,16,29
6706398,DIV.792,Marchés aux fleurs :,11,14
6706398,DIV.797,Publicité,86,158
6706398,DIV.814,DIV.814,180,359
6706398,DIV.822,Les changes à Paris,85,146
6706398,DIV.828,Le bilan hebdomadaire de la Banque de France,58,115
6706398,DIV.835,Annonces,42,75
6706398,DIV.845,VINCENNES,67,104
6706398,DIV.851,RESULTATS DU 30 DECEMBRE 1926,2093,2229
6706398,DIV.875,PRONOSTICS du 1er janvier 1927,40,99
6706398,DIV.889,DIV.889,100,152
6706398,DIV.896,A L'OPERA :,129,207
6706398,DIV.907,A LA COMEDIE-FRANÇAISE : : La dernière représentation de Mme Segond-Weber comme sociétaire de la Comédie-Française,171,294
6706398,DIV.919,A L'OPERA-COMIQUE :,40,88
6706398,DIV.927,A L'ODEON :,76,142
6706398,DIV.934,INFORMATIONS DIVERSES,270,489
6706398,DIV.954,CONCERTS,205,391
6706398,DIV.963,A L'ETRANGER,38,67
6706398,DIV.970,Programme des Spectacles,460,1244
6706398,DIV.1005,CINEMAS,197,329
6706398,DIV.1016,Programmes de la Semaine,144,312
6706398,DIV.1041,Publicité,42,123
6706398,DIV.1052,Annonces,26,35
6706398,DIV.1055,Publicité,31,85
6706398,DIV.1066,DIV.1066,163,348
6706398,DIV.1079,DIV.1079,86,165
6706398,DIV.1094,Tour Eiffe,99,175
6706398,DIV.1100,Radio-Paris,138,274
6706398,DIV.1105,P. T. T.,231,468
6706398,DIV.1111,Station de Daventry,98,246
6706398,DIV.1116,Radio-Bruxelles,28,61
6706398,DIV.1121,Radio-Genève,46,104
6706398,DIV.1126,Radio-Rome,17,38
6706398,DIV.1131,Publicité,28,76
6710420,DIV.33,Élections du Conseil général : Convocation,300,476
6710420,DIV.55,ARRÊTÉ,504,833
6710420,DIV.87,DIV.87,61,89
6710420,DIV.95,DIV.95,516,734
6710420,DIV.111,DIV.111,74,112
6710420,DIV.117,DIV.117,207,309
6710420,DIV.135,DIV.135,520,818
6710420,DIV.175,Aux électeurs de la circonscription d'Oran.,900,1304
6710420,DIV.202,Au électeurs de la circonscription du Sig.,1252,1822
6710420,DIV.229,"Aux électeurs de la 2e circonscription (Misserghin, Bou-Tlélis et Lourmel).",791,1159
6710420,DIV.246,Aux électeurs de la 7e circonscription.,970,1431
6710420,DIV.285,Au électeurs du canton de Saint-Cloud,300,426
6710420,DIV.300,DIV.300,200,287
6710420,DIV.309,Aux électeurs de la circonscription de Relizane,856,1182
6710420,DIV.335,Au électeurs de l'arrondissement de Mascara.,230,360
6710420,DIV.350,Aux électeurs de la circonscription de Sidi-bel-Abbès.,144,230
6710420,DIV.362,Aux Electeurs de la 4e circonscription de la province d'Oran,335,462
6710420,DIV.379,Les élections à Sidi-bel-Abbès.,477,722
6710420,DIV.399,Les Elections à Mostaganem. : Dernier mot de Gros-Louis.,413,601
6710420,DIV.420,Les candidats à Tlemcen,342,501
6710420,DIV.436,"TÉLÉGRAPHIE PRIVÉE. : Alger, le 29 juillet, à 1 h. 51 m. MONSIEUR I'ERRIER, BÔNE, 27 JUILLET. Communications télégraphi-ques rétablies avec France. Atterrissement ce matin",200,368
6710420,DIV.452,DIV.452,35,52
6710420,DIV.458,DIV.458,40,68
6710420,DIV.464,Annonces,134,224
6710420,DIV.478,Annonces,12,21
6710420,DIV.484,NAISSANCES. : RÉSUMÉ.,208,226
6710420,DIV.495,DÉCÈS du 18 au 24 juillet 1870. : RÉSUMÉ,218,252
6710420,DIV.506,PUBLICATIONS DE MARIAGES Du 24 juillet.,62,131
6710420,DIV.515,MARIAGES DU 18 AU 24 JUILLET. : RÉSUMÉ.,12,39
6710420,DIV.527,"Le 25 juillet 1870, sur le vapeur Kabyle.",50,112
6710420,DIV.536,"Le 27 juillet 1870, sur le vapeur Kabyle.",236,458
6710420,DIV.543,"Le 27 juillet 1870, sur le vapeur Oasis.",81,154
6710420,DIV.557,DIV.557,731,1213
6710420,DIV.599,DIV.599,66,136
6710420,DIV.608,DIV.608,126,245
6710420,DIV.623,DIV.623,98,156
6710420,DIV.638,DIV.638,358,564
6710420,DIV.658,DIV.658,29,49
6710420,DIV.667,Publicité,28,64
6710420,DIV.678,Annonces,359,512
6710420,DIV.695,Publicité,30,49
6710420,DIV.700,Annonces,237,516
6710420,DIV.739,DIV.739,172,336
6710420,DIV.747,DIV.747,148,307
6710420,DIV.768,DIV.768,401,629
6710420,DIV.781,DIV.781,258,463
6710420,DIV.785,DIV.785,291,450
6710420,DIV.799,DIV.799,122,219
6710420,DIV.808,DIV.808,100,195
6710420,DIV.820,DIV.820,230,459
6710420,DIV.844,DIV.844,55,133
6710420,DIV.855,DIV.855,93,207
6710420,DIV.868,DIV.868,120,196
6710457,DIV.28,Annonces,29,56
6710457,DIV.44,DIV.44,97,153
6710457,DIV.52,Service des postes.,70,114
6710457,DIV.64,Correspondance particulière de l'Echo d'Oran.,2014,3008
6710457,DIV.108,Autre correspondance.,1330,1949
6710457,DIV.145,L'IRRÉPARABLE : HISTOIRE D'UN DOMINO PUCE NOUVELLE,1551,2262
6710457,DIV.201,DIV.201,1617,2332
6710457,DIV.253,"Elections départementales. : Dispositions relatives à l'overture et à la durée du scrutin, au dépouillement et au recensement des votes.",325,474
6710457,DIV.275,(c). — Département d'Oran,474,869
6710457,DIV.308,DIV.308,268,390
6710457,DIV.334,PREFECTURE d'ORAN. : ELECTIONS MUNICIPALES.,5163,5496
6710457,DIV.392,DIV.392,2385,3505
6710457,DIV.436,DIV.436,118,178
6710457,DIV.441,Correspondance commerciale d' Alger.,209,467
6710457,DIV.474,LISTE DU JURY.,215,605
6710457,DIV.521,DIV.521,73,166
6710457,DIV.536,"Le 25 octobre 1871, sur le vapeur Clyde.",109,256
6710457,DIV.541,DIV.541,18,30
6710457,DIV.548,DIV.548,49,77
6710457,DIV.552,Publicité,272,409
6710457,DIV.563,DIV.563,447,859
6710457,DIV.599,DIV.599,1576,2274
6710457,DIV.655,DIV.655,103,195
6710457,DIV.666,DIV.666,98,180
6710457,DIV.679,DIV.679,94,164
6710457,DIV.691,DIV.691,20,46
6710457,DIV.697,DIV.697,114,185
6710457,DIV.703,Publicité,511,614
6710457,DIV.715,DIV.715,24,60
6710457,DIV.721,DIV.721,26,52
6710457,DIV.729,DIV.729,57,107
6710457,DIV.741,DIV.741,61,132
6710457,DIV.753,DIV.753,28,75
6710457,DIV.762,DIV.762,24,60
6710457,DIV.769,DIV.769,20,39
6710457,DIV.777,DIV.777,90,174
6710457,DIV.791,DIV.791,46,74
6710457,DIV.795,DIV.795,54,162
6710457,DIV.809,DIV.809,56,136
6710458,DIV.26,TÉLÉGRAMMES,85,135
6710458,DIV.39,DIV.39,2015,3095
6710458,DIV.79,DIV.79,565,901
6710458,DIV.100,Arrestation du comte d'Arnim,577,854
6710458,DIV.111,DIV.111,366,526
6710458,DIV.132,DIV.132,452,769
6710458,DIV.144,DIV.144,499,683
6710458,DIV.156,Société alsacienne-lorraine de New-York : RAPPORT DU PRÉSIDENT,984,1552
6710458,DIV.191,Les raisins à Paris. — Campagne 1873-1874,357,477
6710458,DIV.203,Expédition lointaine des vins,116,172
6710458,DIV.210,DIV.210,71,105
6710458,DIV.217,36 LES RIVALITÉS PAR ARMAND LAPOINTE ( Suite. ),1215,1871
6710458,DIV.282,Séance du 20 août 1874,3580,4626
6710458,DIV.390,Salubrité publique,403,653
6710458,DIV.410,DIV.410,184,269
6710458,DIV.419,DIV.419,14,21
6710458,DIV.422,DIV.422,456,699
6710458,DIV.433,DIV.433,28,41
6710458,DIV.436,COUR D'ASSISES D'ALGER : Audience du 12 octobre 1874 PRÉSIDENCE DE M. VIDAL Mœurs Kabyles. — Procès entre deux veuves. — Assassinat d'un enfant par une femme,981,1499
6710458,DIV.458,Nouvelles des marchés du Midi : (Extrait de la Correspondance commerciale de Cette.),762,1410
6710458,DIV.512,ELECTIONS LEGISLATIVES DU 18 OCTOBRE,36,90
6710458,DIV.530,Entrées,152,378
6710458,DIV.553,Sorties,80,191
6710458,DIV.572,DIV.572,74,140
6710458,DIV.578,Publicité,35,74
6710458,DIV.583,Publicité,39,79
6710458,DIV.587,Publicité,25,38
6710458,DIV.590,Publicité,47,82
6710458,DIV.594,Publicité,73,143
6710458,DIV.602,Publicité,490,949
6710458,DIV.625,DIV.625,210,426
6710458,DIV.641,DIV.641,68,154
6710458,DIV.651,DIV.651,100,183
6710458,DIV.661,DIV.661,223,328
6710458,DIV.672,DIV.672,30,62
6710458,DIV.677,Publicité,15,43
6710458,DIV.682,Publicité,47,83
6710458,DIV.686,Publicité,73,163
6710458,DIV.698,DIV.698,28,77
6710458,DIV.704,Publicité,68,117
6710458,DIV.710,DIV.710,49,103
6710458,DIV.717,DIV.717,35,74
6710458,DIV.723,DIV.723,30,65
6710458,DIV.728,Publicité,112,249
6710458,DIV.741,Publicité,76,157
6710458,DIV.748,Publicité,87,151
6710458,DIV.758,Publicité,124,291
6710458,DIV.771,Publicité,56,122
6710458,DIV.779,Publicité,129,325
6710458,DIV.788,Publicité,101,207
6710458,DIV.797,Publicité,316,441
6710458,DIV.809,Publicité,331,464
6711097,DIV.38,Le projet d'exposition à Alger,82,135
6711097,DIV.46,Elèves officiers de réserve,188,370
6711097,DIV.62,Promotion du général d'Amade,73,99
6711097,DIV.68,Les essais de la « Vérité »,59,75
6711097,DIV.73,La Catastrophe du «Latouche-Tréville»,327,516
6711097,DIV.93,Conseil de Cabinet de demain,105,160
6711097,DIV.100,La question des soutiens de famille,93,126
6711097,DIV.105,M. Biétry et l'affaire Dreyfus,115,184
6711097,DIV.111,Les Conseils généraux,55,86
6711097,DIV.117,Le Diffèrend Turco-Bulgare,1540,2268
6711097,DIV.179,COLLISION ENTRE UN VAPEUR ET UN BAC : Cent quarante noyée,38,62
6711097,DIV.186,L'entrevue de MM. IsvolsKy et Tittoni,609,884
6711097,DIV.216,La nouvelle note franco-espagnole : Les conditions imposées à Moulay Hafid pour sa reconnaissance,412,600
6711097,DIV.230,L'incident de Casablanca,937,1341
6711097,DIV.265,LA CONQUÊTE DE L'AIR,117,200
6711097,DIV.276,LE MOUVEMENT OUVRIER,129,208
6711097,DIV.290,LE CHOLERA,261,406
6711097,DIV.314,Les poursuites contre la « Voix du Peuple »,100,138
6711097,DIV.320,CATASTROPHE AUX INDES : Pluies torrentielles. — Dégâts considérables. Les victimes,224,372
6711097,DIV.335,Le Président de la République,28,45
6711097,DIV.340,La répression des fraudes,132,182
6711097,DIV.347,L'état de santé de M. Berteaux,35,55
6711097,DIV.352,L'Association de la Meunerie française,123,182
6711097,DIV.359,Congrès médical,141,201
6711097,DIV.368,Tirage de la Loterie de la Ville de Marseille,99,257
6711097,DIV.377,Vois à l'arsenal de Brest,76,110
6711097,DIV.383,La capitaine Marsal succombe à sa blessure,95,134
6711097,DIV.390,Révolte dans une maison centrale,49,77
6711097,DIV.396,Une mauvaise plaisanterie,92,147
6711097,DIV.403,Extorsion à main armée,220,347
6711097,DIV.411,La Reine mère d'Italie,23,37
6711097,DIV.416,Remontra d'express. — Les victimes,108,188
6711097,DIV.423,En Espagne,17,29
6711097,DIV.428,Dans nos possessions d'Extrême-Orient,118,175
6711097,DIV.435,Au Portugal,58,90
6711097,DIV.440,En Turquie,31,43
6711097,DIV.446,Monstrueuse barbarie,160,229
6711097,DIV.454,Les élections en Suède,79,116
6711097,DIV.459,L'état de siège à Assomption,29,54
6711097,DIV.464,Crève terminée,14,21
6711097,DIV.469,DIV.469,10,15
6711097,DIV.472,La nouvelle route du Port,919,1292
6711097,DIV.491,TIZI,304,479
6711097,DIV.501,LES TREMBLES,329,545
6711097,DIV.512,REVUE COMMERCIALE : (DE NOTRE COLLABORATEUR),870,1464
6711097,DIV.546,DIV.546,132,215
6711097,DIV.556,OPINIONS La Fabrication des Piquettes,532,785
6711097,DIV.575,Oran. — Hôpital militaire,427,792
6711097,DIV.611,DIV.611,106,145
6711097,DIV.616,DIV.616,53,79
6711097,DIV.620,DIV.620,145,203
6711097,DIV.625,DIV.625,44,59
6711097,DIV.628,DIV.628,51,71
6711097,DIV.632,DIV.632,234,337
6711097,DIV.638,DIV.638,36,54
6711097,DIV.643,DIV.643,286,452
6711097,DIV.650,DIV.650,49,83
6711097,DIV.654,DIV.654,13,31
6711097,DIV.657,DIV.657,96,135
6711097,DIV.664,DIV.664,46,72
6711097,DIV.668,DIV.668,45,77
6711097,DIV.677,DIV.677,34,49
6711097,DIV.681,DIV.681,89,142
6711097,DIV.688,DIV.688,32,49
6711097,DIV.692,Publicité,16,32
6711097,DIV.699,DIV.699,65,107
6711097,DIV.702,DIV.702,19,34
6711097,DIV.705,DIV.705,35,57
6711097,DIV.708,DIV.708,31,54
6711097,DIV.711,DIV.711,33,62
6711097,DIV.719,DIV.719,43,87
6711097,DIV.722,DIV.722,26,52
6711097,DIV.725,DIV.725,28,51
6711097,DIV.728,DIV.728,40,69
6711097,DIV.734,DIV.734,111,201
6711097,DIV.742,BELLE AMIE : DEUXIÈME PARTIE LE BARON SANS-SOUCI,1485,2205
6711097,DIV.858,DIV.858,710,1129
6711097,DIV.877,DIV.877,145,239
6711097,DIV.883,DIV.883,75,116
6711097,DIV.886,DIV.886,30,51
6711097,DIV.889,DIV.889,175,292
6711097,DIV.893,DIV.893,254,427
6711097,DIV.901,DIV.901,473,963
6711097,DIV.921,DIV.921,74,110
6711097,DIV.927,DIV.927,465,722
6711097,DIV.935,DIV.935,154,221
6711097,DIV.941,DIV.941,312,551
6711097,DIV.951,DIV.951,31,51
6711097,DIV.955,DIV.955,84,140
6711097,DIV.960,DIV.960,174,276
6711097,DIV.967,DIV.967,88,133
6711097,DIV.972,DIV.972,88,152
6711097,DIV.978,DIV.978,71,117
6711097,DIV.984,Publicité,21,53
6711097,DIV.988,Publicité,17,42
6711097,DIV.995,Essais de sous-marins,135,198
6711097,DIV.1001,Essais de remorquage,37,70
6711097,DIV.1006,Grandes fêtes à Cambrai,59,92
6711097,DIV.1012,Evasion d'un condamné,123,197
6711097,DIV.1019,L' Empereur et le comte Zeppelin,34,55
6711097,DIV.1024,En Turquie,100,142
6711097,DIV.1032,Entre nègres et blancs,76,121
6711097,DIV.1042,Cours. Télégraphique du 30 Septembre 1908,3216,3947
6711097,DIV.1078,Bulletin financier,28,39
6711097,DIV.1083,Publicité,55,107
6711097,DIV.1095,DIV.1095,357,874
6711097,DIV.1118,Petite Correspondance,33,44
6711097,DIV.1123,Publicité,62,127
6711097,DIV.1136,ARRIVÉES DU 30 SEPTEMBRE,70,165
6711097,DIV.1144,SORTIES DU 30 SEPTEMBRE,85,209
6711097,DIV.1154,Publicité,29,71
6711097,DIV.1163,Publicité,31,65
6711097,DIV.1168,Publicité,28,81
6711097,DIV.1172,Publicité,40,86
6711097,DIV.1177,Publicité,51,123
6711097,DIV.1181,Annonces,16,33
6711097,DIV.1184,Annonces,17,33
6711097,DIV.1187,Annonces,26,50
6711097,DIV.1190,Publicité,65,143
6711097,DIV.1200,Publicité,70,148
6711097,DIV.1212,Publicité,23,50
6711097,DIV.1217,Annonces,21,47
6711097,DIV.1220,Annonces,15,27
6711097,DIV.1223,Annonces,30,54
6711097,DIV.1226,Publicité,19,46
6711097,DIV.1229,Publicité,23,65
6711097,DIV.1234,Publicité,43,96
6711097,DIV.1240,Publicité,21,52
6711097,DIV.1246,Publicité,41,81
6711097,DIV.1249,Annonces,70,117
6711097,DIV.1257,Annonces,51,91
6711097,DIV.1262,Annonces,54,90
6711097,DIV.1266,Publicité,79,156
6711097,DIV.1275,Annonces,270,408
6711097,DIV.1285,Annonces,114,164
6711097,DIV.1290,Publicité,72,120
6711097,DIV.1299,Publicité,18,39
6711097,DIV.1303,Annonces,271,480
6711097,DIV.1326,Annonces,62,116
6711097,DIV.1332,Annonces,50,100
6711097,DIV.1340,Publicité,26,90
6711097,DIV.1351,Annonces,26,59
6711097,DIV.1355,Annonces,34,63
6711097,DIV.1359,Annonces,19,42
6711097,DIV.1364,Annonces,24,51
6711097,DIV.1368,Annonces,26,54
6711097,DIV.1372,Annonces,139,273
6711097,DIV.1390,Annonces,82,141
6711097,DIV.1396,Annonces,202,415
6711097,DIV.1427,Annonces,18,40
6711097,DIV.1430,Publicité,59,112
6711097,DIV.1434,Publicité,105,240
6711097,DIV.1449,Publicité,45,113
6711097,DIV.1462,Publicité,46,103
6711097,DIV.1467,Publicité,356,723
6711097,DIV.1486,Publicité,42,113
6711097,DIV.1495,Publicité,172,374
6711097,DIV.1510,Publicité,25,80
6711097,DIV.1517,Annonces,21,45
6711097,DIV.1520,Publicité,25,66
6711097,DIV.1524,Publicité,44,108
6711097,DIV.1532,Annonces,24,54
6711097,DIV.1536,Annonces,39,69
6711097,DIV.1540,Annonces,21,45
6711097,DIV.1543,Annonces,48,79
6711097,DIV.1546,Annonces,20,30
6711097,DIV.1549,Annonces,250,453
6711097,DIV.1558,Annonces,62,114
6711097,DIV.1565,Annonces,16,40
6711097,DIV.1568,Annonces,31,79
6711097,DIV.1572,Annonces,21,40
6711097,DIV.1575,Publicité,60,167
6711097,DIV.1585,Publicité,219,498
6711097,DIV.1607,Publicité,260,580
6711097,DIV.1625,Publicité,30,79
6716695,DIV.35,"Paris, 21 août 1911. Tirages Financiers",89,542
6716695,DIV.45,Perturbations des Lignes Téléphoniques : Réponse de l'Administration des P. T. T. aux réclamations. — Les causes des dérangements,204,304
6716695,DIV.56,La Guérison de Pie X : Le Pape est complètement rétabli,36,52
6716695,DIV.62,Terrible Explosion : A l'établissement militaire de Chalais-Meu- don.— Deux ouvriers horriblement mutilés. — Enquête sur les causes de l'accident,274,446
6716695,DIV.78,Le thème des grandes manœuvres du Plémont,196,295
6716695,DIV.91,Les Conseils Généraux,657,955
6716695,DIV.118,Le Gouvernement turc déplore les attaques de presse contre l'Italie en Tripolitaine,82,116
6716695,DIV.124,Action anti-espagnole sur la côte ouest de l'Afrique,93,145
6716695,DIV.135,Départ de soldats du génie pour Tanger,45,68
6716695,DIV.141,La situation diplomatique,316,444
6716695,DIV.162,[titre_illisible],1840,2641
6716695,DIV.222,AUTOUR DES NÉGOCIATIONS,236,335
6716695,DIV.237,Au Maroc,270,436
6716695,DIV.252,La Politique Espagnole,205,315
6716695,DIV.262,LE CHOLÉRA : En Turquie,32,66
6716695,DIV.269,Un Assassinat à Privas,59,103
6716695,DIV.277,Les Grèves d'Angleterre,174,269
6716695,DIV.296,La Force de la France : Le discours prononcé par M. Messimy à Trévoux,197,280
6716695,DIV.307,Les Dockers de Calais : Les femmes et les enfants des grévistes se rendent à Dunkerque. — Bagarres entre « rouges » et « jaunes »,182,247
6716695,DIV.319,Le contrôle des dépenses dans les Ministères,47,68
6716695,DIV.324,Les grandes manœuvres allemandes,26,46
6716695,DIV.329,Les drames de la mine,42,62
6716695,DIV.334,Fin d'un lock-out en Norvège,26,46
6716695,DIV.342,Interprètes judiciaires,43,72
6716695,DIV.347,Communes mixtes,41,65
6716695,DIV.352,DIV.352,10,16
6716695,DIV.358,DIV.358,341,536
6716695,DIV.366,DIV.366,156,226
6716695,DIV.375,DIV.375,312,453
6716695,DIV.382,DIV.382,119,167
6716695,DIV.387,DIV.387,191,278
6716695,DIV.397,DIV.397,377,586
6716695,DIV.403,DIV.403,205,344
6716695,DIV.406,DIV.406,118,168
6716695,DIV.409,DIV.409,588,940
6716695,DIV.422,Les Vins de Grèce,140,227
6716695,DIV.433,Tentative d'Assassinat,104,165
6716695,DIV.443,Séance du 21 août,1851,2432
6716695,DIV.492,SERVICES POSTAUX,48,72
6716695,DIV.498,LE NAUFRAGE DE L'« EMIR »,423,607
6716695,DIV.505,LES CONTRE-TORPILLEURS DE LA 3e ESCADRE A ORAN,163,263
6716695,DIV.512,NAVIRES SIGNALÉS,118,231
6716695,DIV.520,MOUVEMENT DES PORTS Oran,265,576
6716695,DIV.532,Oran. — H ôpital militaire,64,141
6716695,DIV.540,SITUATION GÉNÉRALE,628,829
6716695,DIV.572,DIV.572,84,126
6716695,DIV.576,DIV.576,38,58
6716695,DIV.580,DIV.580,12,17
6716695,DIV.583,DIV.583,81,149
6716695,DIV.587,DIV.587,49,90
6716695,DIV.590,DIV.590,48,77
6716695,DIV.595,DIV.595,16,22
6716695,DIV.598,DIV.598,26,51
6716695,DIV.602,DIV.602,35,67
6716695,DIV.605,DIV.605,27,46
6716695,DIV.608,DIV.608,33,45
6716695,DIV.611,DIV.611,74,115
6716695,DIV.619,JEAN BON-CŒUR Grand Roman : TROISIÈME PARTIE L'HEURE DE LA JUSTICE,1486,2170
6716695,DIV.712,DIV.712,35,60
6716695,DIV.715,DIV.715,44,70
6716695,DIV.719,DIV.719,93,150
6716695,DIV.725,DIV.725,12,22
6716695,DIV.728,DIV.728,12,21
6716695,DIV.735,DIV.735,15,26
6716695,DIV.738,DIV.738,12,30
6716695,DIV.744,DIV.744,22,37
6716695,DIV.747,DIV.747,27,53
6716695,DIV.750,Publicité,95,152
6716695,DIV.761,DIV.761,57,113
6716695,DIV.769,DIV.769,158,277
6716695,DIV.775,DIV.775,110,175
6716695,DIV.779,DIV.779,110,183
6716695,DIV.785,DIV.785,305,464
6716695,DIV.796,DIV.796,81,115
6716695,DIV.803,DIV.803,324,483
6716695,DIV.813,DIV.813,94,137
6716695,DIV.819,DIV.819,243,342
6716695,DIV.827,DIV.827,49,82
6716695,DIV.832,DIV.832,75,131
6716695,DIV.837,DIV.837,128,209
6716695,DIV.843,DIV.843,80,118
6716695,DIV.847,DIV.847,525,787
6716695,DIV.860,DIV.860,88,126
6716695,DIV.863,DIV.863,84,129
6716695,DIV.866,DIV.866,75,111
6716695,DIV.871,TERRITOIRE MILITAIRE,207,354
6716695,DIV.889,DIV.889,253,599
6716695,DIV.896,Publicité,107,266
6716695,DIV.903,Publicité,53,112
6716695,DIV.911,A l' « Officiel »,34,49
6716695,DIV.916,Service de Santé,76,119
6716695,DIV.923,Commandements à la mer,36,73
6716695,DIV.929,Les grèves d'Angleterre,95,162
6716695,DIV.937,Contrôle des dépenses du Budget,121,176
6716695,DIV.948,Cours Télégraphiques du 21 Août 1911,1016,1405
6716695,DIV.979,Publicité,247,419
6716695,DIV.991,DIV.991,209,486
6716695,DIV.1000,Marché de la Villette,101,254
6716695,DIV.1010,Bourses Américaines,47,106
6716695,DIV.1016,Marché de Marseille,88,197
6716695,DIV.1029,DIV.1029,340,543
6716695,DIV.1033,DIV.1033,361,552
6716695,DIV.1039,DIV.1039,317,501
6716695,DIV.1044,DIV.1044,140,226
6716695,DIV.1048,Publicité,68,162
6716695,DIV.1056,Annonces,28,46
6716695,DIV.1060,Publicité,36,81
6716695,DIV.1065,Annonces,25,42
6716695,DIV.1068,Annonces,68,97
6716695,DIV.1074,Annonces,16,32
6716695,DIV.1077,Annonces,16,26
6716695,DIV.1080,Annonces,28,56
6716695,DIV.1083,Annonces,27,40
6716695,DIV.1086,Publicité,73,150
6716695,DIV.1091,Annonces,70,130
6716695,DIV.1095,Annonces,30,49
6716695,DIV.1098,Annonces,19,37
6716695,DIV.1102,Publicité,26,76
6716695,DIV.1107,Annonces,31,65
6716695,DIV.1110,Annonces,39,69
6716695,DIV.1114,Annonces,25,49
6716695,DIV.1120,DIV.1120,25,42
6716695,DIV.1123,DIV.1123,17,30
6716695,DIV.1126,DIV.1126,35,57
6716695,DIV.1129,DIV.1129,15,29
6716695,DIV.1132,DIV.1132,18,38
6716695,DIV.1135,DIV.1135,23,42
6716695,DIV.1138,DIV.1138,16,27
6716695,DIV.1141,DIV.1141,17,37
6716695,DIV.1144,DIV.1144,13,28
6716695,DIV.1147,DIV.1147,18,35
6716695,DIV.1150,DIV.1150,15,36
6716695,DIV.1153,DIV.1153,17,30
6716695,DIV.1156,DIV.1156,24,49
6716695,DIV.1159,DIV.1159,39,75
6716695,DIV.1165,Publicité,323,606
6716695,DIV.1191,Annonces,57,126
6716695,DIV.1200,Annonces,24,45
6716695,DIV.1204,Annonces,24,52
6716695,DIV.1207,Annonces,20,47
6716695,DIV.1210,Annonces,20,47
6716695,DIV.1214,Annonces,25,51
6716695,DIV.1218,Annonces,44,88
6716695,DIV.1221,Annonces,19,40
6716695,DIV.1224,Annonces,30,67
6716695,DIV.1230,Publicité,53,116
6716695,DIV.1248,Annonces,28,56
6716695,DIV.1251,Annonces,19,42
6716695,DIV.1255,Annonces,58,106
6716695,DIV.1259,Annonces,21,48
6716695,DIV.1263,Annonces,19,43
6716695,DIV.1267,Publicité,52,123
6716695,DIV.1276,Publicité,102,313
6716695,DIV.1283,Publicité,21,48
6716695,DIV.1294,Publicité,111,276
6716695,DIV.1306,Annonces,29,60
6716695,DIV.1310,Annonces,21,40
6716695,DIV.1313,Annonces,20,50
6716695,DIV.1319,Publicité,60,126
6716695,DIV.1328,Publicité,48,128
6716695,DIV.1340,Publicité,257,554
6716695,DIV.1353,Publicité,114,252
6716695,DIV.1367,Annonces,28,69
6716695,DIV.1372,Annonces,50,100
6716695,DIV.1383,Annonces,38,65
6716695,DIV.1386,Publicité,44,123
6716695,DIV.1394,Publicité,37,84
6716695,DIV.1397,Annonces,44,80
6716695,DIV.1400,Annonces,35,62
6716695,DIV.1404,Annonces,17,46
6716695,DIV.1407,Annonces,17,26
6716695,DIV.1411,Annonces,26,62
6716695,DIV.1415,Annonces,76,180
6716695,DIV.1426,DIV.1426,35,74
6716695,DIV.1432,DIV.1432,89,154
6716695,DIV.1442,Publicité,30,85
6716695,DIV.1451,Publicité,41,126
